yr,periodDesc,rgDesc,rtTitle,ptTitle,cmdCode,cmdDescE,TradeValue,Unnamed: 0,rtLat,rtLon,ptLat,ptLon
2013,2013.0,Export,Algeria,World,79.0,Zinc and articles thereof,8694298.0,,28.0000272,2.9999825,-36.8535712,174.7456809
2013,2013.0,Export,Algeria,Angola,79.0,Zinc and articles thereof,10241.0,,28.0000272,2.9999825,-11.8775768,17.5691241
2013,2013.0,Export,Algeria,Italy,79.0,Zinc and articles thereof,1299991.0,,28.0000272,2.9999825,42.6384261,12.674297
2013,2013.0,Export,Algeria,Rep. of Korea,79.0,Zinc and articles thereof,1094308.0,,28.0000272,2.9999825,,
2013,2013.0,Export,Algeria,Libya,79.0,Zinc and articles thereof,203108.0,,28.0000272,2.9999825,26.8234472,18.1236723
2013,2013.0,Export,Algeria,Morocco,79.0,Zinc and articles thereof,6056843.0,,28.0000272,2.9999825,31.1728205,-7.3362482
2013,2013.0,Export,Algeria,South Africa,79.0,Zinc and articles thereof,989.0,,28.0000272,2.9999825,-28.8166236,24.991639
2013,2013.0,Export,Algeria,Tunisia,79.0,Zinc and articles thereof,28819.0,,28.0000272,2.9999825,33.8439408,9.400138
