yr,periodDesc,rgDesc,rtTitle,ptTitle,cmdCode,cmdDescE,TradeValue,Unnamed: 0,rtLat,rtLon,ptLat,ptLon
2014,2014.0,Re-Export,Armenia,World,52.0,Cotton,7280.0,,40.7696272,44.6736646,-36.8535712,174.7456809
2014,2014.0,Re-Export,Armenia,Germany,52.0,Cotton,7180.0,,40.7696272,44.6736646,51.1638175,10.4478313
2014,2014.0,Re-Export,Armenia,Iran,52.0,Cotton,100.0,,40.7696272,44.6736646,32.6475314,54.5643516
