yr,periodDesc,rgDesc,rtTitle,ptTitle,cmdCode,cmdDescE,TradeValue,Unnamed: 0,rtLat,rtLon,ptLat,ptLon
2003,2003.0,Import,Armenia,World,26.0,"Ores, slag and ash",108689.0,,40.7696272,44.6736646,-36.8535712,174.7456809
2003,2003.0,Import,Armenia,Germany,26.0,"Ores, slag and ash",93982.0,,40.7696272,44.6736646,51.1638175,10.4478313
2003,2003.0,Import,Armenia,Iran,26.0,"Ores, slag and ash",1128.0,,40.7696272,44.6736646,32.6475314,54.5643516
2003,2003.0,Import,Armenia,Russian Federation,26.0,"Ores, slag and ash",9033.0,,40.7696272,44.6736646,64.6863136,97.7453061
2003,2003.0,Import,Armenia,United Kingdom,26.0,"Ores, slag and ash",4546.0,,40.7696272,44.6736646,54.7023545,-3.2765753
