yr,periodDesc,rgDesc,rtTitle,ptTitle,cmdCode,cmdDescE,TradeValue,Unnamed: 0,rtLat,rtLon,ptLat,ptLon
2006,2006.0,Re-Export,Armenia,World,72.0,Iron and steel,443215.0,,40.7696272,44.6736646,-36.8535712,174.7456809
2006,2006.0,Re-Export,Armenia,Estonia,72.0,Iron and steel,32447.0,,40.7696272,44.6736646,58.7523778,25.3319078
2006,2006.0,Re-Export,Armenia,Georgia,72.0,Iron and steel,20382.0,,40.7696272,44.6736646,32.3293809,-83.1137366
2006,2006.0,Re-Export,Armenia,Iran,72.0,Iron and steel,224353.0,,40.7696272,44.6736646,32.6475314,54.5643516
2006,2006.0,Re-Export,Armenia,Russian Federation,72.0,Iron and steel,533.0,,40.7696272,44.6736646,64.6863136,97.7453061
2006,2006.0,Re-Export,Armenia,India,72.0,Iron and steel,4882.0,,40.7696272,44.6736646,22.3511148,78.6677428
2006,2006.0,Re-Export,Armenia,United Arab Emirates,72.0,Iron and steel,23111.0,,40.7696272,44.6736646,24.0002488,53.9994829
2006,2006.0,Re-Export,Armenia,Ukraine,72.0,Iron and steel,137508.0,,40.7696272,44.6736646,49.4871968,31.2718321
