yr,periodDesc,rgDesc,rtTitle,ptTitle,cmdCode,cmdDescE,TradeValue,Unnamed: 0,rtLat,rtLon,ptLat,ptLon
2013,2013.0,Export,Azerbaijan,World,1.0,Animals; live,79936.0,,40.3936294,47.7872508,-36.8535712,174.7456809
2013,2013.0,Export,Azerbaijan,Georgia,1.0,Animals; live,46038.0,,40.3936294,47.7872508,32.3293809,-83.1137366
2013,2013.0,Export,Azerbaijan,Rep. of Moldova,1.0,Animals; live,631.0,,40.3936294,47.7872508,,
2013,2013.0,Export,Azerbaijan,Russian Federation,1.0,Animals; live,5000.0,,40.3936294,47.7872508,64.6863136,97.7453061
2013,2013.0,Export,Azerbaijan,Togo,1.0,Animals; live,26517.0,,40.3936294,47.7872508,8.7800265,1.0199765
2013,2013.0,Export,Azerbaijan,USA,1.0,Animals; live,1750.0,,40.3936294,47.7872508,39.7837304,-100.445882
