yr,periodDesc,rgDesc,rtTitle,ptTitle,cmdCode,cmdDescE,TradeValue,Unnamed: 0,rtLat,rtLon,ptLat,ptLon
2018,2018.0,Import,Azerbaijan,World,50.0,Silk,345698.0,,40.3936294,47.7872508,-36.8535712,174.7456809
2018,2018.0,Import,Azerbaijan,China,50.0,Silk,159671.0,,40.3936294,47.7872508,35.000074,104.999927
2018,2018.0,Import,Azerbaijan,France,50.0,Silk,3805.0,,40.3936294,47.7872508,46.603354,1.8883335
2018,2018.0,Import,Azerbaijan,Germany,50.0,Silk,343.0,,40.3936294,47.7872508,51.1638175,10.4478313
2018,2018.0,Import,Azerbaijan,Italy,50.0,Silk,142702.0,,40.3936294,47.7872508,42.6384261,12.674297
2018,2018.0,Import,Azerbaijan,"Other Asia, nes",50.0,Silk,1990.0,,40.3936294,47.7872508,,
2018,2018.0,Import,Azerbaijan,India,50.0,Silk,3075.0,,40.3936294,47.7872508,22.3511148,78.6677428
2018,2018.0,Import,Azerbaijan,United Arab Emirates,50.0,Silk,7942.0,,40.3936294,47.7872508,24.0002488,53.9994829
2018,2018.0,Import,Azerbaijan,Turkey,50.0,Silk,26166.0,,40.3936294,47.7872508,38.9597594,34.9249653
