yr,periodDesc,rgDesc,rtTitle,ptTitle,cmdCode,cmdDescE,TradeValue,Unnamed: 0,rtLat,rtLon,ptLat,ptLon
2011,2011.0,Import,Azerbaijan,World,55.0,Man-made staple fibres,2672881.0,,40.3936294,47.7872508,-36.8535712,174.7456809
2011,2011.0,Import,Azerbaijan,Austria,55.0,Man-made staple fibres,6755.0,,40.3936294,47.7872508,47.59397,14.12456
2011,2011.0,Import,Azerbaijan,Belgium,55.0,Man-made staple fibres,21.0,,40.3936294,47.7872508,50.6402809,4.6667145
2011,2011.0,Import,Azerbaijan,Belarus,55.0,Man-made staple fibres,286283.0,,40.3936294,47.7872508,53.4250605,27.6971358
2011,2011.0,Import,Azerbaijan,China,55.0,Man-made staple fibres,900400.0,,40.3936294,47.7872508,35.000074,104.999927
2011,2011.0,Import,Azerbaijan,Finland,55.0,Man-made staple fibres,8.0,,40.3936294,47.7872508,63.2467777,25.9209164
2011,2011.0,Import,Azerbaijan,Germany,55.0,Man-made staple fibres,596752.0,,40.3936294,47.7872508,51.1638175,10.4478313
2011,2011.0,Import,Azerbaijan,Iran,55.0,Man-made staple fibres,56677.0,,40.3936294,47.7872508,32.6475314,54.5643516
2011,2011.0,Import,Azerbaijan,Italy,55.0,Man-made staple fibres,8146.0,,40.3936294,47.7872508,42.6384261,12.674297
2011,2011.0,Import,Azerbaijan,Rep. of Korea,55.0,Man-made staple fibres,45675.0,,40.3936294,47.7872508,,
2011,2011.0,Import,Azerbaijan,Netherlands,55.0,Man-made staple fibres,666.0,,40.3936294,47.7872508,52.2434979,5.6343227
2011,2011.0,Import,Azerbaijan,Poland,55.0,Man-made staple fibres,20.0,,40.3936294,47.7872508,52.215933,19.134422
2011,2011.0,Import,Azerbaijan,Russian Federation,55.0,Man-made staple fibres,48873.0,,40.3936294,47.7872508,64.6863136,97.7453061
2011,2011.0,Import,Azerbaijan,India,55.0,Man-made staple fibres,98.0,,40.3936294,47.7872508,22.3511148,78.6677428
2011,2011.0,Import,Azerbaijan,Spain,55.0,Man-made staple fibres,25385.0,,40.3936294,47.7872508,39.3260685,-4.8379791
2011,2011.0,Import,Azerbaijan,United Arab Emirates,55.0,Man-made staple fibres,140.0,,40.3936294,47.7872508,24.0002488,53.9994829
2011,2011.0,Import,Azerbaijan,Turkey,55.0,Man-made staple fibres,374872.0,,40.3936294,47.7872508,38.9597594,34.9249653
2011,2011.0,Import,Azerbaijan,Ukraine,55.0,Man-made staple fibres,8793.0,,40.3936294,47.7872508,49.4871968,31.2718321
2011,2011.0,Import,Azerbaijan,United Kingdom,55.0,Man-made staple fibres,176022.0,,40.3936294,47.7872508,54.7023545,-3.2765753
2011,2011.0,Import,Azerbaijan,USA,55.0,Man-made staple fibres,137296.0,,40.3936294,47.7872508,39.7837304,-100.445882
