yr,periodDesc,rgDesc,rtTitle,ptTitle,cmdCode,cmdDescE,TradeValue,Unnamed: 0,rtLat,rtLon,ptLat,ptLon
2013,2013.0,Export,Azerbaijan,World,78.0,Lead and articles thereof,2600355.0,,40.3936294,47.7872508,-36.8535712,174.7456809
2013,2013.0,Export,Azerbaijan,India,78.0,Lead and articles thereof,348000.0,,40.3936294,47.7872508,22.3511148,78.6677428
2013,2013.0,Export,Azerbaijan,United Arab Emirates,78.0,Lead and articles thereof,479700.0,,40.3936294,47.7872508,24.0002488,53.9994829
2013,2013.0,Export,Azerbaijan,Turkey,78.0,Lead and articles thereof,765600.0,,40.3936294,47.7872508,38.9597594,34.9249653
2013,2013.0,Export,Azerbaijan,Ukraine,78.0,Lead and articles thereof,1006950.0,,40.3936294,47.7872508,49.4871968,31.2718321
2013,2013.0,Export,Azerbaijan,United Kingdom,78.0,Lead and articles thereof,105.0,,40.3936294,47.7872508,54.7023545,-3.2765753
