yr,periodDesc,rgDesc,rtTitle,ptTitle,cmdCode,cmdDescE,TradeValue,Unnamed: 0,rtLat,rtLon,ptLat,ptLon
2012,2012.0,Import,Azerbaijan,World,78.0,Lead and articles thereof,430942.0,,40.3936294,47.7872508,-36.8535712,174.7456809
2012,2012.0,Import,Azerbaijan,Germany,78.0,Lead and articles thereof,3658.0,,40.3936294,47.7872508,51.1638175,10.4478313
2012,2012.0,Import,Azerbaijan,Russian Federation,78.0,Lead and articles thereof,376672.0,,40.3936294,47.7872508,64.6863136,97.7453061
2012,2012.0,Import,Azerbaijan,South Africa,78.0,Lead and articles thereof,7802.0,,40.3936294,47.7872508,-28.8166236,24.991639
2012,2012.0,Import,Azerbaijan,United Arab Emirates,78.0,Lead and articles thereof,271.0,,40.3936294,47.7872508,24.0002488,53.9994829
2012,2012.0,Import,Azerbaijan,Turkey,78.0,Lead and articles thereof,34459.0,,40.3936294,47.7872508,38.9597594,34.9249653
2012,2012.0,Import,Azerbaijan,Ukraine,78.0,Lead and articles thereof,215.0,,40.3936294,47.7872508,49.4871968,31.2718321
2012,2012.0,Import,Azerbaijan,United Kingdom,78.0,Lead and articles thereof,831.0,,40.3936294,47.7872508,54.7023545,-3.2765753
2012,2012.0,Import,Azerbaijan,USA,78.0,Lead and articles thereof,7035.0,,40.3936294,47.7872508,39.7837304,-100.445882
