yr,periodDesc,rgDesc,rtTitle,ptTitle,cmdCode,cmdDescE,TradeValue,Unnamed: 0,rtLat,rtLon,ptLat,ptLon
2008,2008.0,Export,Azerbaijan,World,17.0,Sugars and sugar confectionery,84664526.0,,40.3936294,47.7872508,-36.8535712,174.7456809
2008,2008.0,Export,Azerbaijan,Georgia,17.0,Sugars and sugar confectionery,10800777.0,,40.3936294,47.7872508,32.3293809,-83.1137366
2008,2008.0,Export,Azerbaijan,Kazakhstan,17.0,Sugars and sugar confectionery,380845.0,,40.3936294,47.7872508,48.1012954,66.7780818
2008,2008.0,Export,Azerbaijan,Kyrgyzstan,17.0,Sugars and sugar confectionery,2211200.0,,40.3936294,47.7872508,41.5089324,74.724091
2008,2008.0,Export,Azerbaijan,Mongolia,17.0,Sugars and sugar confectionery,216.0,,40.3936294,47.7872508,46.8250388,103.8499736
2008,2008.0,Export,Azerbaijan,Russian Federation,17.0,Sugars and sugar confectionery,59833966.0,,40.3936294,47.7872508,64.6863136,97.7453061
2008,2008.0,Export,Azerbaijan,Tajikistan,17.0,Sugars and sugar confectionery,12271.0,,40.3936294,47.7872508,38.6281733,70.8156541
2008,2008.0,Export,Azerbaijan,Turkmenistan,17.0,Sugars and sugar confectionery,9831651.0,,40.3936294,47.7872508,39.3763807,59.3924609
2008,2008.0,Export,Azerbaijan,Uzbekistan,17.0,Sugars and sugar confectionery,1593600.0,,40.3936294,47.7872508,41.32373,63.9528098
