yr,periodDesc,rgDesc,rtTitle,ptTitle,cmdCode,cmdDescE,TradeValue,Unnamed: 0,rtLat,rtLon,ptLat,ptLon
2021,2021.0,Export,Azerbaijan,World,52.0,Cotton,273002789.0,,40.3936294,47.7872508,-36.8535712,174.7456809
2021,2021.0,Export,Azerbaijan,Bangladesh,52.0,Cotton,268183.0,,40.3936294,47.7872508,24.4769288,90.2934413
2021,2021.0,Export,Azerbaijan,Belarus,52.0,Cotton,37603.0,,40.3936294,47.7872508,53.4250605,27.6971358
2021,2021.0,Export,Azerbaijan,Georgia,52.0,Cotton,24330.0,,40.3936294,47.7872508,32.3293809,-83.1137366
2021,2021.0,Export,Azerbaijan,Iran,52.0,Cotton,14110584.0,,40.3936294,47.7872508,32.6475314,54.5643516
2021,2021.0,Export,Azerbaijan,Pakistan,52.0,Cotton,204763.0,,40.3936294,47.7872508,30.3308401,71.247499
2021,2021.0,Export,Azerbaijan,Russian Federation,52.0,Cotton,8871142.0,,40.3936294,47.7872508,64.6863136,97.7453061
2021,2021.0,Export,Azerbaijan,Turkey,52.0,Cotton,249041300.0,,40.3936294,47.7872508,38.9597594,34.9249653
2021,2021.0,Export,Azerbaijan,Ukraine,52.0,Cotton,444881.0,,40.3936294,47.7872508,49.4871968,31.2718321
