yr,periodDesc,rgDesc,rtTitle,ptTitle,cmdCode,cmdDescE,TradeValue,Unnamed: 0,rtLat,rtLon,ptLat,ptLon
2004,2004.0,Export,Bahrain,World,18.0,Cocoa and cocoa preparations,389090.0,,26.1551249,50.5344606,-36.8535712,174.7456809
2004,2004.0,Export,Bahrain,Australia,18.0,Cocoa and cocoa preparations,1436.0,,26.1551249,50.5344606,-24.7761086,134.755
2004,2004.0,Export,Bahrain,Oman,18.0,Cocoa and cocoa preparations,4902.0,,26.1551249,50.5344606,21.0000287,57.0036901
2004,2004.0,Export,Bahrain,Qatar,18.0,Cocoa and cocoa preparations,37327.0,,26.1551249,50.5344606,25.3336984,51.2295295
2004,2004.0,Export,Bahrain,Saudi Arabia,18.0,Cocoa and cocoa preparations,292372.0,,26.1551249,50.5344606,25.6242618,42.3528328
2004,2004.0,Export,Bahrain,South Africa,18.0,Cocoa and cocoa preparations,15543.0,,26.1551249,50.5344606,-28.8166236,24.991639
2004,2004.0,Export,Bahrain,United Arab Emirates,18.0,Cocoa and cocoa preparations,4524.0,,26.1551249,50.5344606,24.0002488,53.9994829
2004,2004.0,Export,Bahrain,United Kingdom,18.0,Cocoa and cocoa preparations,1027.0,,26.1551249,50.5344606,54.7023545,-3.2765753
2004,2004.0,Export,Bahrain,Bunkers,18.0,Cocoa and cocoa preparations,31960.0,,26.1551249,50.5344606,42.18544695,-71.13717580263157
