yr,periodDesc,rgDesc,rtTitle,ptTitle,cmdCode,cmdDescE,TradeValue,Unnamed: 0,rtLat,rtLon,ptLat,ptLon
2005,2005.0,Import,Bahrain,World,60.0,Knitted or crocheted fabrics,242234.0,,26.1551249,50.5344606,-36.8535712,174.7456809
2005,2005.0,Import,Bahrain,Bangladesh,60.0,Knitted or crocheted fabrics,266.0,,26.1551249,50.5344606,24.4769288,90.2934413
2005,2005.0,Import,Bahrain,China,60.0,Knitted or crocheted fabrics,28391.0,,26.1551249,50.5344606,35.000074,104.999927
2005,2005.0,Import,Bahrain,France,60.0,Knitted or crocheted fabrics,311.0,,26.1551249,50.5344606,46.603354,1.8883335
2005,2005.0,Import,Bahrain,Germany,60.0,Knitted or crocheted fabrics,899.0,,26.1551249,50.5344606,51.1638175,10.4478313
2005,2005.0,Import,Bahrain,"China, Hong Kong SAR",60.0,Knitted or crocheted fabrics,1213.0,,26.1551249,50.5344606,22.350627,114.1849161
2005,2005.0,Import,Bahrain,Japan,60.0,Knitted or crocheted fabrics,6205.0,,26.1551249,50.5344606,36.5748441,139.2394179
2005,2005.0,Import,Bahrain,Rep. of Korea,60.0,Knitted or crocheted fabrics,14601.0,,26.1551249,50.5344606,,
2005,2005.0,Import,Bahrain,"Other Asia, nes",60.0,Knitted or crocheted fabrics,21971.0,,26.1551249,50.5344606,,
2005,2005.0,Import,Bahrain,Pakistan,60.0,Knitted or crocheted fabrics,1117.0,,26.1551249,50.5344606,30.3308401,71.247499
2005,2005.0,Import,Bahrain,Qatar,60.0,Knitted or crocheted fabrics,186.0,,26.1551249,50.5344606,25.3336984,51.2295295
2005,2005.0,Import,Bahrain,Saudi Arabia,60.0,Knitted or crocheted fabrics,838.0,,26.1551249,50.5344606,25.6242618,42.3528328
2005,2005.0,Import,Bahrain,India,60.0,Knitted or crocheted fabrics,1636.0,,26.1551249,50.5344606,22.3511148,78.6677428
2005,2005.0,Import,Bahrain,South Africa,60.0,Knitted or crocheted fabrics,154468.0,,26.1551249,50.5344606,-28.8166236,24.991639
2005,2005.0,Import,Bahrain,Spain,60.0,Knitted or crocheted fabrics,6668.0,,26.1551249,50.5344606,39.3260685,-4.8379791
2005,2005.0,Import,Bahrain,United Arab Emirates,60.0,Knitted or crocheted fabrics,221.0,,26.1551249,50.5344606,24.0002488,53.9994829
2005,2005.0,Import,Bahrain,Turkey,60.0,Knitted or crocheted fabrics,699.0,,26.1551249,50.5344606,38.9597594,34.9249653
2005,2005.0,Import,Bahrain,United Kingdom,60.0,Knitted or crocheted fabrics,2229.0,,26.1551249,50.5344606,54.7023545,-3.2765753
2005,2005.0,Import,Bahrain,Serbia and Montenegro,60.0,Knitted or crocheted fabrics,316.0,,26.1551249,50.5344606,,
