yr,periodDesc,rgDesc,rtTitle,ptTitle,cmdCode,cmdDescE,TradeValue,Unnamed: 0,rtLat,rtLon,ptLat,ptLon
2014,2014.0,Export,Bahrain,World,79.0,Zinc and articles thereof,562719.0,,26.1551249,50.5344606,-36.8535712,174.7456809
2014,2014.0,Export,Bahrain,Kuwait,79.0,Zinc and articles thereof,48180.0,,26.1551249,50.5344606,29.2733964,47.4979476
2014,2014.0,Export,Bahrain,Liberia,79.0,Zinc and articles thereof,36.0,,26.1551249,50.5344606,5.7499721,-9.3658524
2014,2014.0,Export,Bahrain,Panama,79.0,Zinc and articles thereof,2999.0,,26.1551249,50.5344606,8.559559,-81.1308434
2014,2014.0,Export,Bahrain,Saudi Arabia,79.0,Zinc and articles thereof,251499.0,,26.1551249,50.5344606,25.6242618,42.3528328
2014,2014.0,Export,Bahrain,India,79.0,Zinc and articles thereof,36545.0,,26.1551249,50.5344606,22.3511148,78.6677428
2014,2014.0,Export,Bahrain,United Arab Emirates,79.0,Zinc and articles thereof,223459.0,,26.1551249,50.5344606,24.0002488,53.9994829
