yr,periodDesc,rgDesc,rtTitle,ptTitle,cmdCode,cmdDescE,TradeValue,Unnamed: 0,rtLat,rtLon,ptLat,ptLon
2007,2007.0,Re-Export,Bahrain,World,29.0,Organic chemicals,59040.0,,26.1551249,50.5344606,-36.8535712,174.7456809
2007,2007.0,Re-Export,Bahrain,Kuwait,29.0,Organic chemicals,795.0,,26.1551249,50.5344606,29.2733964,47.4979476
2007,2007.0,Re-Export,Bahrain,Qatar,29.0,Organic chemicals,5904.0,,26.1551249,50.5344606,25.3336984,51.2295295
2007,2007.0,Re-Export,Bahrain,Saudi Arabia,29.0,Organic chemicals,45197.0,,26.1551249,50.5344606,25.6242618,42.3528328
2007,2007.0,Re-Export,Bahrain,United Arab Emirates,29.0,Organic chemicals,7144.0,,26.1551249,50.5344606,24.0002488,53.9994829
