yr,periodDesc,rgDesc,rtTitle,ptTitle,cmdCode,cmdDescE,TradeValue,Unnamed: 0,rtLat,rtLon,ptLat,ptLon
2009,2009.0,Export,Cyprus,World,10.0,Cereals,327730.0,,34.9823018,33.1451285,-36.8535712,174.7456809
2009,2009.0,Export,Cyprus,Cameroon,10.0,Cereals,18975.0,,34.9823018,33.1451285,4.6125522,13.1535811
2009,2009.0,Export,Cyprus,Greece,10.0,Cereals,303553.0,,34.9823018,33.1451285,38.9953683,21.9877132
2009,2009.0,Export,Cyprus,United Kingdom,10.0,Cereals,4951.0,,34.9823018,33.1451285,54.7023545,-3.2765753
2009,2009.0,Export,Cyprus,United Rep. of Tanzania,10.0,Cereals,251.0,,34.9823018,33.1451285,,
