yr,periodDesc,rgDesc,rtTitle,ptTitle,cmdCode,cmdDescE,TradeValue,Unnamed: 0,rtLat,rtLon,ptLat,ptLon
2014,2014.0,Export,Cyprus,World,55.0,Man-made staple fibres,501264.0,,34.9823018,33.1451285,-36.8535712,174.7456809
2014,2014.0,Export,Cyprus,Australia,55.0,Man-made staple fibres,6154.0,,34.9823018,33.1451285,-24.7761086,134.755
2014,2014.0,Export,Cyprus,Armenia,55.0,Man-made staple fibres,6448.0,,34.9823018,33.1451285,40.7696272,44.6736646
2014,2014.0,Export,Cyprus,Greece,55.0,Man-made staple fibres,115409.0,,34.9823018,33.1451285,38.9953683,21.9877132
2014,2014.0,Export,Cyprus,Jordan,55.0,Man-made staple fibres,11780.0,,34.9823018,33.1451285,31.1667049,36.941628
2014,2014.0,Export,Cyprus,Lebanon,55.0,Man-made staple fibres,325051.0,,34.9823018,33.1451285,33.8750629,35.843409
2014,2014.0,Export,Cyprus,Romania,55.0,Man-made staple fibres,62.0,,34.9823018,33.1451285,45.9852129,24.6859225
2014,2014.0,Export,Cyprus,Egypt,55.0,Man-made staple fibres,35687.0,,34.9823018,33.1451285,26.2540493,29.2675469
2014,2014.0,Export,Cyprus,Bunkers,55.0,Man-made staple fibres,670.0,,34.9823018,33.1451285,42.18544695,-71.13717580263157
