yr,periodDesc,rgDesc,rtTitle,ptTitle,cmdCode,cmdDescE,TradeValue,Unnamed: 0,rtLat,rtLon,ptLat,ptLon
2019,2019.0,Import,Cyprus,World,26.0,"Ores, slag and ash",1954338.0,,34.9823018,33.1451285,-36.8535712,174.7456809
2019,2019.0,Import,Cyprus,Bulgaria,26.0,"Ores, slag and ash",239145.0,,34.9823018,33.1451285,42.6073975,25.4856617
2019,2019.0,Import,Cyprus,Dominican Rep.,26.0,"Ores, slag and ash",92779.0,,34.9823018,33.1451285,,
2019,2019.0,Import,Cyprus,France,26.0,"Ores, slag and ash",64228.0,,34.9823018,33.1451285,46.603354,1.8883335
2019,2019.0,Import,Cyprus,Germany,26.0,"Ores, slag and ash",12329.0,,34.9823018,33.1451285,51.1638175,10.4478313
2019,2019.0,Import,Cyprus,Greece,26.0,"Ores, slag and ash",322047.0,,34.9823018,33.1451285,38.9953683,21.9877132
2019,2019.0,Import,Cyprus,Côte d'Ivoire,26.0,"Ores, slag and ash",1057777.0,,34.9823018,33.1451285,7.9897371,-5.5679458
2019,2019.0,Import,Cyprus,Poland,26.0,"Ores, slag and ash",22940.0,,34.9823018,33.1451285,52.215933,19.134422
2019,2019.0,Import,Cyprus,India,26.0,"Ores, slag and ash",143089.0,,34.9823018,33.1451285,22.3511148,78.6677428
