yr,periodDesc,rgDesc,rtTitle,ptTitle,cmdCode,cmdDescE,TradeValue,Unnamed: 0,rtLat,rtLon,ptLat,ptLon
2008,2008.0,Export,Cyprus,World,26.0,"Ores, slag and ash",202868.0,,34.9823018,33.1451285,-36.8535712,174.7456809
2008,2008.0,Export,Cyprus,Germany,26.0,"Ores, slag and ash",12606.0,,34.9823018,33.1451285,51.1638175,10.4478313
2008,2008.0,Export,Cyprus,Greece,26.0,"Ores, slag and ash",178353.0,,34.9823018,33.1451285,38.9953683,21.9877132
2008,2008.0,Export,Cyprus,South Africa,26.0,"Ores, slag and ash",11909.0,,34.9823018,33.1451285,-28.8166236,24.991639
