yr,periodDesc,rgDesc,rtTitle,ptTitle,cmdCode,cmdDescE,TradeValue,Unnamed: 0,rtLat,rtLon,ptLat,ptLon
2015,2015.0,Export,Israel,World,80.0,Tin; articles thereof,33000.0,,30.8124247,34.8594762,-36.8535712,174.7456809
2015,2015.0,Export,Israel,China,80.0,Tin; articles thereof,9000.0,,30.8124247,34.8594762,35.000074,104.999927
2015,2015.0,Export,Israel,France,80.0,Tin; articles thereof,1000.0,,30.8124247,34.8594762,46.603354,1.8883335
2015,2015.0,Export,Israel,USA,80.0,Tin; articles thereof,23000.0,,30.8124247,34.8594762,39.7837304,-100.445882
