yr,periodDesc,rgDesc,rtTitle,ptTitle,cmdCode,cmdDescE,TradeValue,Unnamed: 0,rtLat,rtLon,ptLat,ptLon
2010,2010.0,Export,Israel,World,50.0,Silk,80000.0,,30.8124247,34.8594762,-36.8535712,174.7456809
2010,2010.0,Export,Israel,Ireland,50.0,Silk,1000.0,,30.8124247,34.8594762,52.865196,-7.9794599
2010,2010.0,Export,Israel,Italy,50.0,Silk,1000.0,,30.8124247,34.8594762,42.6384261,12.674297
2010,2010.0,Export,Israel,USA,50.0,Silk,78000.0,,30.8124247,34.8594762,39.7837304,-100.445882
