yr,periodDesc,rgDesc,rtTitle,ptTitle,cmdCode,cmdDescE,TradeValue,Unnamed: 0,rtLat,rtLon,ptLat,ptLon
2011,2011.0,Export,Israel,World,10.0,Cereals,16400000.0,,30.8124247,34.8594762,-36.8535712,174.7456809
2011,2011.0,Export,Israel,Angola,10.0,Cereals,1000.0,,30.8124247,34.8594762,-11.8775768,17.5691241
2011,2011.0,Export,Israel,Argentina,10.0,Cereals,1000.0,,30.8124247,34.8594762,-34.9964963,-64.9672817
2011,2011.0,Export,Israel,Australia,10.0,Cereals,9000.0,,30.8124247,34.8594762,-24.7761086,134.755
2011,2011.0,Export,Israel,Austria,10.0,Cereals,28000.0,,30.8124247,34.8594762,47.59397,14.12456
2011,2011.0,Export,Israel,Belgium,10.0,Cereals,2000.0,,30.8124247,34.8594762,50.6402809,4.6667145
2011,2011.0,Export,Israel,Canada,10.0,Cereals,3000.0,,30.8124247,34.8594762,61.0666922,-107.991707
2011,2011.0,Export,Israel,Cyprus,10.0,Cereals,1000.0,,30.8124247,34.8594762,34.9823018,33.1451285
2011,2011.0,Export,Israel,Equatorial Guinea,10.0,Cereals,11000.0,,30.8124247,34.8594762,1.613172,10.5170357
2011,2011.0,Export,Israel,Ethiopia,10.0,Cereals,1000.0,,30.8124247,34.8594762,10.2116702,38.6521203
2011,2011.0,Export,Israel,France,10.0,Cereals,4000.0,,30.8124247,34.8594762,46.603354,1.8883335
2011,2011.0,Export,Israel,Germany,10.0,Cereals,40000.0,,30.8124247,34.8594762,51.1638175,10.4478313
2011,2011.0,Export,Israel,Greece,10.0,Cereals,3000.0,,30.8124247,34.8594762,38.9953683,21.9877132
2011,2011.0,Export,Israel,Italy,10.0,Cereals,12000.0,,30.8124247,34.8594762,42.6384261,12.674297
2011,2011.0,Export,Israel,Kazakhstan,10.0,Cereals,20000.0,,30.8124247,34.8594762,48.1012954,66.7780818
2011,2011.0,Export,Israel,Jordan,10.0,Cereals,15978000.0,,30.8124247,34.8594762,31.1667049,36.941628
2011,2011.0,Export,Israel,Romania,10.0,Cereals,1000.0,,30.8124247,34.8594762,45.9852129,24.6859225
2011,2011.0,Export,Israel,Singapore,10.0,Cereals,3000.0,,30.8124247,34.8594762,1.357107,103.8194992
2011,2011.0,Export,Israel,Spain,10.0,Cereals,1000.0,,30.8124247,34.8594762,39.3260685,-4.8379791
2011,2011.0,Export,Israel,United Kingdom,10.0,Cereals,41000.0,,30.8124247,34.8594762,54.7023545,-3.2765753
2011,2011.0,Export,Israel,USA,10.0,Cereals,240000.0,,30.8124247,34.8594762,39.7837304,-100.445882
