yr,periodDesc,rgDesc,rtTitle,ptTitle,cmdCode,cmdDescE,TradeValue,Unnamed: 0,rtLat,rtLon,ptLat,ptLon
2006,2006.0,Import,Jordan,World,26.0,"Ores, slag and ash",89422.0,,31.1667049,36.941628,-36.8535712,174.7456809
2006,2006.0,Import,Jordan,China,26.0,"Ores, slag and ash",5485.0,,31.1667049,36.941628,35.000074,104.999927
2006,2006.0,Import,Jordan,"Other Asia, nes",26.0,"Ores, slag and ash",8078.0,,31.1667049,36.941628,,
2006,2006.0,Import,Jordan,Oman,26.0,"Ores, slag and ash",7227.0,,31.1667049,36.941628,21.0000287,57.0036901
2006,2006.0,Import,Jordan,Spain,26.0,"Ores, slag and ash",19360.0,,31.1667049,36.941628,39.3260685,-4.8379791
2006,2006.0,Import,Jordan,Thailand,26.0,"Ores, slag and ash",49272.0,,31.1667049,36.941628,14.8971921,100.83273
