yr,periodDesc,rgDesc,rtTitle,ptTitle,cmdCode,cmdDescE,TradeValue,Unnamed: 0,rtLat,rtLon,ptLat,ptLon
2013,2013.0,Export,Jordan,World,79.0,Zinc and articles thereof,980503.0,,31.1667049,36.941628,-36.8535712,174.7456809
2013,2013.0,Export,Jordan,China,79.0,Zinc and articles thereof,31737.0,,31.1667049,36.941628,35.000074,104.999927
2013,2013.0,Export,Jordan,Iraq,79.0,Zinc and articles thereof,17579.0,,31.1667049,36.941628,33.0955793,44.1749775
2013,2013.0,Export,Jordan,India,79.0,Zinc and articles thereof,585448.0,,31.1667049,36.941628,22.3511148,78.6677428
2013,2013.0,Export,Jordan,United Arab Emirates,79.0,Zinc and articles thereof,124782.0,,31.1667049,36.941628,24.0002488,53.9994829
2013,2013.0,Export,Jordan,Turkey,79.0,Zinc and articles thereof,203325.0,,31.1667049,36.941628,38.9597594,34.9249653
2013,2013.0,Export,Jordan,Free Zones,79.0,Zinc and articles thereof,17632.0,,31.1667049,36.941628,5.57675525,-0.1653113957934536
