yr,periodDesc,rgDesc,rtTitle,ptTitle,cmdCode,cmdDescE,TradeValue,Unnamed: 0,rtLat,rtLon,ptLat,ptLon
2012,2012.0,Export,Jordan,World,50.0,Silk,262378.0,,31.1667049,36.941628,-36.8535712,174.7456809
2012,2012.0,Export,Jordan,China,50.0,Silk,3617.0,,31.1667049,36.941628,35.000074,104.999927
2012,2012.0,Export,Jordan,Iraq,50.0,Silk,242658.0,,31.1667049,36.941628,33.0955793,44.1749775
2012,2012.0,Export,Jordan,Free Zones,50.0,Silk,16103.0,,31.1667049,36.941628,5.57675525,-0.1653113957934536
