yr,periodDesc,rgDesc,rtTitle,ptTitle,cmdCode,cmdDescE,TradeValue,Unnamed: 0,rtLat,rtLon,ptLat,ptLon
2000,2000.0,Export,Kuwait,World,18.0,Cocoa and cocoa preparations,251225.0,,29.2733964,47.4979476,-36.8535712,174.7456809
2000,2000.0,Export,Kuwait,Bahrain,18.0,Cocoa and cocoa preparations,26694.0,,29.2733964,47.4979476,26.1551249,50.5344606
2000,2000.0,Export,Kuwait,Iran,18.0,Cocoa and cocoa preparations,1793.0,,29.2733964,47.4979476,32.6475314,54.5643516
2000,2000.0,Export,Kuwait,Jordan,18.0,Cocoa and cocoa preparations,29285.0,,29.2733964,47.4979476,31.1667049,36.941628
2000,2000.0,Export,Kuwait,Qatar,18.0,Cocoa and cocoa preparations,5150.0,,29.2733964,47.4979476,25.3336984,51.2295295
2000,2000.0,Export,Kuwait,Saudi Arabia,18.0,Cocoa and cocoa preparations,141236.0,,29.2733964,47.4979476,25.6242618,42.3528328
2000,2000.0,Export,Kuwait,India,18.0,Cocoa and cocoa preparations,11593.0,,29.2733964,47.4979476,22.3511148,78.6677428
2000,2000.0,Export,Kuwait,United Arab Emirates,18.0,Cocoa and cocoa preparations,35435.0,,29.2733964,47.4979476,24.0002488,53.9994829
2000,2000.0,Export,Kuwait,Yemen,18.0,Cocoa and cocoa preparations,39.0,,29.2733964,47.4979476,16.3471243,47.8915271
