yr,periodDesc,rgDesc,rtTitle,ptTitle,cmdCode,cmdDescE,TradeValue,Unnamed: 0,rtLat,rtLon,ptLat,ptLon
2014,2014.0,Re-Export,Kuwait,World,26.0,"Ores, slag and ash",66249.0,,29.2733964,47.4979476,-36.8535712,174.7456809
2014,2014.0,Re-Export,Kuwait,Bahrain,26.0,"Ores, slag and ash",15021.0,,29.2733964,47.4979476,26.1551249,50.5344606
2014,2014.0,Re-Export,Kuwait,Czechia,26.0,"Ores, slag and ash",20837.0,,29.2733964,47.4979476,49.7439047,15.3381061
2014,2014.0,Re-Export,Kuwait,Saudi Arabia,26.0,"Ores, slag and ash",26899.0,,29.2733964,47.4979476,25.6242618,42.3528328
2014,2014.0,Re-Export,Kuwait,Egypt,26.0,"Ores, slag and ash",3492.0,,29.2733964,47.4979476,26.2540493,29.2675469
