yr,periodDesc,rgDesc,rtTitle,ptTitle,cmdCode,cmdDescE,TradeValue,Unnamed: 0,rtLat,rtLon,ptLat,ptLon
2008,2008.0,Export,Kuwait,World,6.0,Live trees and other plants;,202883.0,,29.2733964,47.4979476,-36.8535712,174.7456809
2008,2008.0,Export,Kuwait,Bahrain,6.0,Live trees and other plants;,140130.0,,29.2733964,47.4979476,26.1551249,50.5344606
2008,2008.0,Export,Kuwait,France,6.0,Live trees and other plants;,1789.0,,29.2733964,47.4979476,46.603354,1.8883335
2008,2008.0,Export,Kuwait,"China, Hong Kong SAR",6.0,Live trees and other plants;,11.0,,29.2733964,47.4979476,22.350627,114.1849161
2008,2008.0,Export,Kuwait,Iran,6.0,Live trees and other plants;,10960.0,,29.2733964,47.4979476,32.6475314,54.5643516
2008,2008.0,Export,Kuwait,Netherlands,6.0,Live trees and other plants;,157.0,,29.2733964,47.4979476,52.2434979,5.6343227
2008,2008.0,Export,Kuwait,Qatar,6.0,Live trees and other plants;,41250.0,,29.2733964,47.4979476,25.3336984,51.2295295
2008,2008.0,Export,Kuwait,Saudi Arabia,6.0,Live trees and other plants;,6449.0,,29.2733964,47.4979476,25.6242618,42.3528328
2008,2008.0,Export,Kuwait,United Arab Emirates,6.0,Live trees and other plants;,2136.0,,29.2733964,47.4979476,24.0002488,53.9994829
