yr,periodDesc,rgDesc,rtTitle,ptTitle,cmdCode,cmdDescE,TradeValue,Unnamed: 0,rtLat,rtLon,ptLat,ptLon
2010,2010.0,Import,Libya,World,78.0,Lead and articles thereof,794061.0,,26.8234472,18.1236723,-36.8535712,174.7456809
2010,2010.0,Import,Libya,China,78.0,Lead and articles thereof,506748.0,,26.8234472,18.1236723,35.000074,104.999927
2010,2010.0,Import,Libya,France,78.0,Lead and articles thereof,5460.0,,26.8234472,18.1236723,46.603354,1.8883335
2010,2010.0,Import,Libya,"Other Europe, nes",78.0,Lead and articles thereof,17546.0,,26.8234472,18.1236723,,
2010,2010.0,Import,Libya,India,78.0,Lead and articles thereof,6369.0,,26.8234472,18.1236723,22.3511148,78.6677428
2010,2010.0,Import,Libya,Thailand,78.0,Lead and articles thereof,11515.0,,26.8234472,18.1236723,14.8971921,100.83273
2010,2010.0,Import,Libya,Turkey,78.0,Lead and articles thereof,91277.0,,26.8234472,18.1236723,38.9597594,34.9249653
2010,2010.0,Import,Libya,USA,78.0,Lead and articles thereof,155146.0,,26.8234472,18.1236723,39.7837304,-100.445882
