yr,periodDesc,rgDesc,rtTitle,ptTitle,cmdCode,cmdDescE,TradeValue,Unnamed: 0,rtLat,rtLon,ptLat,ptLon
2009,2009.0,Export,Libya,World,31.0,Fertilizers,38386708.0,,26.8234472,18.1236723,-36.8535712,174.7456809
2009,2009.0,Export,Libya,France,31.0,Fertilizers,2090158.0,,26.8234472,18.1236723,46.603354,1.8883335
2009,2009.0,Export,Libya,Djibouti,31.0,Fertilizers,7309701.0,,26.8234472,18.1236723,11.8145966,42.8453061
2009,2009.0,Export,Libya,Italy,31.0,Fertilizers,322670.0,,26.8234472,18.1236723,42.6384261,12.674297
2009,2009.0,Export,Libya,Morocco,31.0,Fertilizers,5254093.0,,26.8234472,18.1236723,31.1728205,-7.3362482
2009,2009.0,Export,Libya,Spain,31.0,Fertilizers,2134382.0,,26.8234472,18.1236723,39.3260685,-4.8379791
2009,2009.0,Export,Libya,Syria,31.0,Fertilizers,13218602.0,,26.8234472,18.1236723,34.6401861,39.0494106
2009,2009.0,Export,Libya,Turkey,31.0,Fertilizers,3819993.0,,26.8234472,18.1236723,38.9597594,34.9249653
2009,2009.0,Export,Libya,USA,31.0,Fertilizers,4237110.0,,26.8234472,18.1236723,39.7837304,-100.445882
