yr,periodDesc,rgDesc,rtTitle,ptTitle,cmdCode,cmdDescE,TradeValue,Unnamed: 0,rtLat,rtLon,ptLat,ptLon
2010,2010.0,Export,Malta,World,2.0,Meat and edible meat offal,167981.0,,35.8885993,14.4476911,-36.8535712,174.7456809
2010,2010.0,Export,Malta,Italy,2.0,Meat and edible meat offal,22242.0,,35.8885993,14.4476911,42.6384261,12.674297
2010,2010.0,Export,Malta,Libya,2.0,Meat and edible meat offal,135818.0,,35.8885993,14.4476911,26.8234472,18.1236723
2010,2010.0,Export,Malta,Lithuania,2.0,Meat and edible meat offal,9864.0,,35.8885993,14.4476911,55.3500003,23.7499997
2010,2010.0,Export,Malta,Netherlands,2.0,Meat and edible meat offal,57.0,,35.8885993,14.4476911,52.2434979,5.6343227
