yr,periodDesc,rgDesc,rtTitle,ptTitle,cmdCode,cmdDescE,TradeValue,Unnamed: 0,rtLat,rtLon,ptLat,ptLon
2018,2018.0,Import,Malta,World,50.0,Silk,37430.0,,35.8885993,14.4476911,-36.8535712,174.7456809
2018,2018.0,Import,Malta,China,50.0,Silk,765.0,,35.8885993,14.4476911,35.000074,104.999927
2018,2018.0,Import,Malta,France,50.0,Silk,1852.0,,35.8885993,14.4476911,46.603354,1.8883335
2018,2018.0,Import,Malta,Italy,50.0,Silk,15280.0,,35.8885993,14.4476911,42.6384261,12.674297
2018,2018.0,Import,Malta,India,50.0,Silk,5743.0,,35.8885993,14.4476911,22.3511148,78.6677428
2018,2018.0,Import,Malta,Spain,50.0,Silk,3139.0,,35.8885993,14.4476911,39.3260685,-4.8379791
2018,2018.0,Import,Malta,United Kingdom,50.0,Silk,9993.0,,35.8885993,14.4476911,54.7023545,-3.2765753
2018,2018.0,Import,Malta,USA,50.0,Silk,655.0,,35.8885993,14.4476911,39.7837304,-100.445882
