yr,periodDesc,rgDesc,rtTitle,ptTitle,cmdCode,cmdDescE,TradeValue,Unnamed: 0,rtLat,rtLon,ptLat,ptLon
2013,2013.0,Import,Malta,World,26.0,"Ores, slag and ash",106124.0,,35.8885993,14.4476911,-36.8535712,174.7456809
2013,2013.0,Import,Malta,Belgium,26.0,"Ores, slag and ash",723.0,,35.8885993,14.4476911,50.6402809,4.6667145
2013,2013.0,Import,Malta,Canada,26.0,"Ores, slag and ash",671.0,,35.8885993,14.4476911,61.0666922,-107.991707
2013,2013.0,Import,Malta,China,26.0,"Ores, slag and ash",448.0,,35.8885993,14.4476911,35.000074,104.999927
2013,2013.0,Import,Malta,Germany,26.0,"Ores, slag and ash",37.0,,35.8885993,14.4476911,51.1638175,10.4478313
2013,2013.0,Import,Malta,Italy,26.0,"Ores, slag and ash",62916.0,,35.8885993,14.4476911,42.6384261,12.674297
2013,2013.0,Import,Malta,India,26.0,"Ores, slag and ash",39667.0,,35.8885993,14.4476911,22.3511148,78.6677428
2013,2013.0,Import,Malta,United Kingdom,26.0,"Ores, slag and ash",1663.0,,35.8885993,14.4476911,54.7023545,-3.2765753
