yr,periodDesc,rgDesc,rtTitle,ptTitle,cmdCode,cmdDescE,TradeValue,Unnamed: 0,rtLat,rtLon,ptLat,ptLon
2007,2007.0,Import,Morocco,World,78.0,Lead and articles thereof,1566202.0,,31.1728205,-7.3362482,-36.8535712,174.7456809
2007,2007.0,Import,Morocco,Algeria,78.0,Lead and articles thereof,126935.0,,31.1728205,-7.3362482,28.0000272,2.9999825
2007,2007.0,Import,Morocco,Belgium,78.0,Lead and articles thereof,29105.0,,31.1728205,-7.3362482,50.6402809,4.6667145
2007,2007.0,Import,Morocco,China,78.0,Lead and articles thereof,101368.0,,31.1728205,-7.3362482,35.000074,104.999927
2007,2007.0,Import,Morocco,France,78.0,Lead and articles thereof,922142.0,,31.1728205,-7.3362482,46.603354,1.8883335
2007,2007.0,Import,Morocco,Germany,78.0,Lead and articles thereof,29206.0,,31.1728205,-7.3362482,51.1638175,10.4478313
2007,2007.0,Import,Morocco,Hungary,78.0,Lead and articles thereof,193.0,,31.1728205,-7.3362482,47.1817585,19.5060937
2007,2007.0,Import,Morocco,Indonesia,78.0,Lead and articles thereof,404.0,,31.1728205,-7.3362482,-2.4833826,117.8902853
2007,2007.0,Import,Morocco,Italy,78.0,Lead and articles thereof,238891.0,,31.1728205,-7.3362482,42.6384261,12.674297
2007,2007.0,Import,Morocco,Lebanon,78.0,Lead and articles thereof,43982.0,,31.1728205,-7.3362482,33.8750629,35.843409
2007,2007.0,Import,Morocco,"Other Asia, nes",78.0,Lead and articles thereof,79.0,,31.1728205,-7.3362482,,
2007,2007.0,Import,Morocco,Portugal,78.0,Lead and articles thereof,32278.0,,31.1728205,-7.3362482,39.6621648,-8.1353519
2007,2007.0,Import,Morocco,Russian Federation,78.0,Lead and articles thereof,10599.0,,31.1728205,-7.3362482,64.6863136,97.7453061
2007,2007.0,Import,Morocco,South Africa,78.0,Lead and articles thereof,3921.0,,31.1728205,-7.3362482,-28.8166236,24.991639
2007,2007.0,Import,Morocco,Spain,78.0,Lead and articles thereof,3769.0,,31.1728205,-7.3362482,39.3260685,-4.8379791
2007,2007.0,Import,Morocco,United Kingdom,78.0,Lead and articles thereof,4485.0,,31.1728205,-7.3362482,54.7023545,-3.2765753
2007,2007.0,Import,Morocco,USA,78.0,Lead and articles thereof,18845.0,,31.1728205,-7.3362482,39.7837304,-100.445882
