yr,periodDesc,rgDesc,rtTitle,ptTitle,cmdCode,cmdDescE,TradeValue,Unnamed: 0,rtLat,rtLon,ptLat,ptLon
2016,2016.0,Export,Morocco,World,50.0,Silk,116996.0,,31.1728205,-7.3362482,-36.8535712,174.7456809
2016,2016.0,Export,Morocco,Belgium,50.0,Silk,4702.0,,31.1728205,-7.3362482,50.6402809,4.6667145
2016,2016.0,Export,Morocco,France,50.0,Silk,17743.0,,31.1728205,-7.3362482,46.603354,1.8883335
2016,2016.0,Export,Morocco,Rep. of Korea,50.0,Silk,51.0,,31.1728205,-7.3362482,,
2016,2016.0,Export,Morocco,Spain,50.0,Silk,94285.0,,31.1728205,-7.3362482,39.3260685,-4.8379791
2016,2016.0,Export,Morocco,United Arab Emirates,50.0,Silk,214.0,,31.1728205,-7.3362482,24.0002488,53.9994829
