yr,periodDesc,rgDesc,rtTitle,ptTitle,cmdCode,cmdDescE,TradeValue,Unnamed: 0,rtLat,rtLon,ptLat,ptLon
2005,2005.0,Import,Oman,World,10.0,Cereals,123936616.0,,21.0000287,57.0036901,-36.8535712,174.7456809
2005,2005.0,Import,Oman,Argentina,10.0,Cereals,30140148.0,,21.0000287,57.0036901,-34.9964963,-64.9672817
2005,2005.0,Import,Oman,Australia,10.0,Cereals,16106129.0,,21.0000287,57.0036901,-24.7761086,134.755
2005,2005.0,Import,Oman,Austria,10.0,Cereals,5225146.0,,21.0000287,57.0036901,47.59397,14.12456
2005,2005.0,Import,Oman,Canada,10.0,Cereals,898471.0,,21.0000287,57.0036901,61.0666922,-107.991707
2005,2005.0,Import,Oman,China,10.0,Cereals,2148.0,,21.0000287,57.0036901,35.000074,104.999927
2005,2005.0,Import,Oman,France,10.0,Cereals,54479.0,,21.0000287,57.0036901,46.603354,1.8883335
2005,2005.0,Import,Oman,Italy,10.0,Cereals,533771.0,,21.0000287,57.0036901,42.6384261,12.674297
2005,2005.0,Import,Oman,Japan,10.0,Cereals,1779.0,,21.0000287,57.0036901,36.5748441,139.2394179
2005,2005.0,Import,Oman,Netherlands,10.0,Cereals,251566.0,,21.0000287,57.0036901,52.2434979,5.6343227
2005,2005.0,Import,Oman,Pakistan,10.0,Cereals,43074808.0,,21.0000287,57.0036901,30.3308401,71.247499
2005,2005.0,Import,Oman,Russian Federation,10.0,Cereals,1698.0,,21.0000287,57.0036901,64.6863136,97.7453061
2005,2005.0,Import,Oman,India,10.0,Cereals,6555627.0,,21.0000287,57.0036901,22.3511148,78.6677428
2005,2005.0,Import,Oman,Switzerland,10.0,Cereals,1371553.0,,21.0000287,57.0036901,46.7985624,8.2319736
2005,2005.0,Import,Oman,Thailand,10.0,Cereals,129225.0,,21.0000287,57.0036901,14.8971921,100.83273
2005,2005.0,Import,Oman,United Arab Emirates,10.0,Cereals,17850857.0,,21.0000287,57.0036901,24.0002488,53.9994829
2005,2005.0,Import,Oman,Egypt,10.0,Cereals,20445.0,,21.0000287,57.0036901,26.2540493,29.2675469
2005,2005.0,Import,Oman,United Kingdom,10.0,Cereals,4741.0,,21.0000287,57.0036901,54.7023545,-3.2765753
2005,2005.0,Import,Oman,United Rep. of Tanzania,10.0,Cereals,18029.0,,21.0000287,57.0036901,,
2005,2005.0,Import,Oman,USA,10.0,Cereals,1647607.0,,21.0000287,57.0036901,39.7837304,-100.445882
2005,2005.0,Import,Oman,Yemen,10.0,Cereals,48390.0,,21.0000287,57.0036901,16.3471243,47.8915271
