yr,periodDesc,rgDesc,rtTitle,ptTitle,cmdCode,cmdDescE,TradeValue,Unnamed: 0,rtLat,rtLon,ptLat,ptLon
2003,2003.0,Import,Oman,World,1.0,Live animals,15416446.0,,21.0000287,57.0036901,-36.8535712,174.7456809
2003,2003.0,Import,Oman,Bahrain,1.0,Live animals,26244.0,,21.0000287,57.0036901,26.1551249,50.5344606
2003,2003.0,Import,Oman,Kuwait,1.0,Live animals,90507.0,,21.0000287,57.0036901,29.2733964,47.4979476
2003,2003.0,Import,Oman,Qatar,1.0,Live animals,1748705.0,,21.0000287,57.0036901,25.3336984,51.2295295
2003,2003.0,Import,Oman,Saudi Arabia,1.0,Live animals,5221706.0,,21.0000287,57.0036901,25.6242618,42.3528328
2003,2003.0,Import,Oman,Spain,1.0,Live animals,260.0,,21.0000287,57.0036901,39.3260685,-4.8379791
2003,2003.0,Import,Oman,United Arab Emirates,1.0,Live animals,8329024.0,,21.0000287,57.0036901,24.0002488,53.9994829
