yr,periodDesc,rgDesc,rtTitle,ptTitle,cmdCode,cmdDescE,TradeValue,Unnamed: 0,rtLat,rtLon,ptLat,ptLon
1994,1994.0,Export,Oman,World,9.0,"Coffee, tea, mate and spices",1300626.0,,21.0000287,57.0036901,-36.8535712,174.7456809
1994,1994.0,Export,Oman,Bahrain,9.0,"Coffee, tea, mate and spices",13146.0,,21.0000287,57.0036901,26.1551249,50.5344606
1994,1994.0,Export,Oman,Iran,9.0,"Coffee, tea, mate and spices",702.0,,21.0000287,57.0036901,32.6475314,54.5643516
1994,1994.0,Export,Oman,Jordan,9.0,"Coffee, tea, mate and spices",38767.0,,21.0000287,57.0036901,31.1667049,36.941628
1994,1994.0,Export,Oman,Kuwait,9.0,"Coffee, tea, mate and spices",19115.0,,21.0000287,57.0036901,29.2733964,47.4979476
1994,1994.0,Export,Oman,Qatar,9.0,"Coffee, tea, mate and spices",7581.0,,21.0000287,57.0036901,25.3336984,51.2295295
1994,1994.0,Export,Oman,Saudi Arabia,9.0,"Coffee, tea, mate and spices",138466.0,,21.0000287,57.0036901,25.6242618,42.3528328
1994,1994.0,Export,Oman,United Arab Emirates,9.0,"Coffee, tea, mate and spices",1082381.0,,21.0000287,57.0036901,24.0002488,53.9994829
1994,1994.0,Export,Oman,"Areas, nes",9.0,"Coffee, tea, mate and spices",468.0,,21.0000287,57.0036901,,
