yr,periodDesc,rgDesc,rtTitle,ptTitle,cmdCode,cmdDescE,TradeValue,Unnamed: 0,rtLat,rtLon,ptLat,ptLon
2011,2011.0,Export,Oman,World,12.0,Oil seeds and oleaginous fruits,2876216.0,,21.0000287,57.0036901,-36.8535712,174.7456809
2011,2011.0,Export,Oman,Iran,12.0,Oil seeds and oleaginous fruits,5722.0,,21.0000287,57.0036901,32.6475314,54.5643516
2011,2011.0,Export,Oman,Kuwait,12.0,Oil seeds and oleaginous fruits,26.0,,21.0000287,57.0036901,29.2733964,47.4979476
2011,2011.0,Export,Oman,Pakistan,12.0,Oil seeds and oleaginous fruits,14336.0,,21.0000287,57.0036901,30.3308401,71.247499
2011,2011.0,Export,Oman,Qatar,12.0,Oil seeds and oleaginous fruits,403.0,,21.0000287,57.0036901,25.3336984,51.2295295
2011,2011.0,Export,Oman,Somalia,12.0,Oil seeds and oleaginous fruits,133707.0,,21.0000287,57.0036901,8.3676771,49.083416
2011,2011.0,Export,Oman,United Arab Emirates,12.0,Oil seeds and oleaginous fruits,2718653.0,,21.0000287,57.0036901,24.0002488,53.9994829
2011,2011.0,Export,Oman,Yemen,12.0,Oil seeds and oleaginous fruits,3371.0,,21.0000287,57.0036901,16.3471243,47.8915271
