yr,periodDesc,rgDesc,rtTitle,ptTitle,cmdCode,cmdDescE,TradeValue,Unnamed: 0,rtLat,rtLon,ptLat,ptLon
2010,2010.0,Import,Oman,World,26.0,"Ores, slag and ash",34429807.0,,21.0000287,57.0036901,-36.8535712,174.7456809
2010,2010.0,Import,Oman,Brazil,26.0,"Ores, slag and ash",15474865.0,,21.0000287,57.0036901,-10.3333333,-53.2
2010,2010.0,Import,Oman,China,26.0,"Ores, slag and ash",7724123.0,,21.0000287,57.0036901,35.000074,104.999927
2010,2010.0,Import,Oman,Hungary,26.0,"Ores, slag and ash",178528.0,,21.0000287,57.0036901,47.1817585,19.5060937
2010,2010.0,Import,Oman,Italy,26.0,"Ores, slag and ash",479.0,,21.0000287,57.0036901,42.6384261,12.674297
2010,2010.0,Import,Oman,Netherlands,26.0,"Ores, slag and ash",36645.0,,21.0000287,57.0036901,52.2434979,5.6343227
2010,2010.0,Import,Oman,India,26.0,"Ores, slag and ash",5699601.0,,21.0000287,57.0036901,22.3511148,78.6677428
2010,2010.0,Import,Oman,South Africa,26.0,"Ores, slag and ash",34297.0,,21.0000287,57.0036901,-28.8166236,24.991639
2010,2010.0,Import,Oman,Spain,26.0,"Ores, slag and ash",16817.0,,21.0000287,57.0036901,39.3260685,-4.8379791
2010,2010.0,Import,Oman,United Arab Emirates,26.0,"Ores, slag and ash",4248753.0,,21.0000287,57.0036901,24.0002488,53.9994829
2010,2010.0,Import,Oman,United Kingdom,26.0,"Ores, slag and ash",47808.0,,21.0000287,57.0036901,54.7023545,-3.2765753
2010,2010.0,Import,Oman,USA,26.0,"Ores, slag and ash",187688.0,,21.0000287,57.0036901,39.7837304,-100.445882
2010,2010.0,Import,Oman,Uruguay,26.0,"Ores, slag and ash",591226.0,,21.0000287,57.0036901,-32.8755548,-56.0201525
2010,2010.0,Import,Oman,Zambia,26.0,"Ores, slag and ash",188978.0,,21.0000287,57.0036901,-14.5189121,27.5589884
