yr,periodDesc,rgDesc,rtTitle,ptTitle,cmdCode,cmdDescE,TradeValue,Unnamed: 0,rtLat,rtLon,ptLat,ptLon
1997,1997.0,Export,Oman,World,31.0,Fertilizers,2327464.0,,21.0000287,57.0036901,-36.8535712,174.7456809
1997,1997.0,Export,Oman,Iran,31.0,Fertilizers,520.0,,21.0000287,57.0036901,32.6475314,54.5643516
1997,1997.0,Export,Oman,Pakistan,31.0,Fertilizers,74016.0,,21.0000287,57.0036901,30.3308401,71.247499
1997,1997.0,Export,Oman,Saudi Arabia,31.0,Fertilizers,2080.0,,21.0000287,57.0036901,25.6242618,42.3528328
1997,1997.0,Export,Oman,United Arab Emirates,31.0,Fertilizers,2248111.0,,21.0000287,57.0036901,24.0002488,53.9994829
1997,1997.0,Export,Oman,Yemen,31.0,Fertilizers,2301.0,,21.0000287,57.0036901,16.3471243,47.8915271
1997,1997.0,Export,Oman,"Areas, nes",31.0,Fertilizers,436.0,,21.0000287,57.0036901,,
