yr,periodDesc,rgDesc,rtTitle,ptTitle,cmdCode,cmdDescE,TradeValue,Unnamed: 0,rtLat,rtLon,ptLat,ptLon
2020,2020.0,Export,Oman,World,65.0,Headgear and parts thereof,1617466.0,,21.0000287,57.0036901,-36.8535712,174.7456809
2020,2020.0,Export,Oman,Bahrain,65.0,Headgear and parts thereof,2041.0,,21.0000287,57.0036901,26.1551249,50.5344606
2020,2020.0,Export,Oman,Eritrea,65.0,Headgear and parts thereof,200.0,,21.0000287,57.0036901,15.9500319,37.9999668
2020,2020.0,Export,Oman,Djibouti,65.0,Headgear and parts thereof,1105.0,,21.0000287,57.0036901,11.8145966,42.8453061
2020,2020.0,Export,Oman,Iran,65.0,Headgear and parts thereof,35037.0,,21.0000287,57.0036901,32.6475314,54.5643516
2020,2020.0,Export,Oman,Japan,65.0,Headgear and parts thereof,5.0,,21.0000287,57.0036901,36.5748441,139.2394179
2020,2020.0,Export,Oman,Kuwait,65.0,Headgear and parts thereof,11797.0,,21.0000287,57.0036901,29.2733964,47.4979476
2020,2020.0,Export,Oman,Nigeria,65.0,Headgear and parts thereof,163.0,,21.0000287,57.0036901,9.6000359,7.9999721
2020,2020.0,Export,Oman,Qatar,65.0,Headgear and parts thereof,614109.0,,21.0000287,57.0036901,25.3336984,51.2295295
2020,2020.0,Export,Oman,Saudi Arabia,65.0,Headgear and parts thereof,1071.0,,21.0000287,57.0036901,25.6242618,42.3528328
2020,2020.0,Export,Oman,India,65.0,Headgear and parts thereof,182.0,,21.0000287,57.0036901,22.3511148,78.6677428
2020,2020.0,Export,Oman,Somalia,65.0,Headgear and parts thereof,657.0,,21.0000287,57.0036901,8.3676771,49.083416
2020,2020.0,Export,Oman,United Arab Emirates,65.0,Headgear and parts thereof,35859.0,,21.0000287,57.0036901,24.0002488,53.9994829
2020,2020.0,Export,Oman,Egypt,65.0,Headgear and parts thereof,4764.0,,21.0000287,57.0036901,26.2540493,29.2675469
2020,2020.0,Export,Oman,United Kingdom,65.0,Headgear and parts thereof,786944.0,,21.0000287,57.0036901,54.7023545,-3.2765753
2020,2020.0,Export,Oman,Free Zones,65.0,Headgear and parts thereof,29646.0,,21.0000287,57.0036901,5.57675525,-0.1653113957934536
2020,2020.0,Export,Oman,Yemen,65.0,Headgear and parts thereof,93880.0,,21.0000287,57.0036901,16.3471243,47.8915271
