yr,periodDesc,rgDesc,rtTitle,ptTitle,cmdCode,cmdDescE,TradeValue,Unnamed: 0,rtLat,rtLon,ptLat,ptLon
2021,2021.0,Export,Oman,World,78.0,Lead and articles thereof,2997867.0,,21.0000287,57.0036901,-36.8535712,174.7456809
2021,2021.0,Export,Oman,Bangladesh,78.0,Lead and articles thereof,61752.0,,21.0000287,57.0036901,24.4769288,90.2934413
2021,2021.0,Export,Oman,Germany,78.0,Lead and articles thereof,637.0,,21.0000287,57.0036901,51.1638175,10.4478313
2021,2021.0,Export,Oman,Pakistan,78.0,Lead and articles thereof,642382.0,,21.0000287,57.0036901,30.3308401,71.247499
2021,2021.0,Export,Oman,Qatar,78.0,Lead and articles thereof,1180.0,,21.0000287,57.0036901,25.3336984,51.2295295
2021,2021.0,Export,Oman,India,78.0,Lead and articles thereof,1310499.0,,21.0000287,57.0036901,22.3511148,78.6677428
2021,2021.0,Export,Oman,United Arab Emirates,78.0,Lead and articles thereof,976907.0,,21.0000287,57.0036901,24.0002488,53.9994829
2021,2021.0,Export,Oman,Yemen,78.0,Lead and articles thereof,4507.0,,21.0000287,57.0036901,16.3471243,47.8915271
