yr,periodDesc,rgDesc,rtTitle,ptTitle,cmdCode,cmdDescE,TradeValue,Unnamed: 0,rtLat,rtLon,ptLat,ptLon
2003,2003.0,Export,Oman,World,2.0,Meat and edible meat offal,1649638.0,,21.0000287,57.0036901,-36.8535712,174.7456809
2003,2003.0,Export,Oman,Iran,2.0,Meat and edible meat offal,8843.0,,21.0000287,57.0036901,32.6475314,54.5643516
2003,2003.0,Export,Oman,Jordan,2.0,Meat and edible meat offal,4143.0,,21.0000287,57.0036901,31.1667049,36.941628
2003,2003.0,Export,Oman,Maldives,2.0,Meat and edible meat offal,33555.0,,21.0000287,57.0036901,3.7203503,73.2244152
2003,2003.0,Export,Oman,India,2.0,Meat and edible meat offal,128619.0,,21.0000287,57.0036901,22.3511148,78.6677428
2003,2003.0,Export,Oman,United Arab Emirates,2.0,Meat and edible meat offal,1318187.0,,21.0000287,57.0036901,24.0002488,53.9994829
2003,2003.0,Export,Oman,United Rep. of Tanzania,2.0,Meat and edible meat offal,110544.0,,21.0000287,57.0036901,,
2003,2003.0,Export,Oman,Yemen,2.0,Meat and edible meat offal,45748.0,,21.0000287,57.0036901,16.3471243,47.8915271
