yr,periodDesc,rgDesc,rtTitle,ptTitle,cmdCode,cmdDescE,TradeValue,Unnamed: 0,rtLat,rtLon,ptLat,ptLon
2006,2006.0,Export,Pakistan,World,80.0,Tin and articles thereof,223272.0,,30.3308401,71.247499,-36.8535712,174.7456809
2006,2006.0,Export,Pakistan,Afghanistan,80.0,Tin and articles thereof,12777.0,,30.3308401,71.247499,33.7680065,66.2385139
2006,2006.0,Export,Pakistan,Japan,80.0,Tin and articles thereof,168551.0,,30.3308401,71.247499,36.5748441,139.2394179
2006,2006.0,Export,Pakistan,Qatar,80.0,Tin and articles thereof,25.0,,30.3308401,71.247499,25.3336984,51.2295295
2006,2006.0,Export,Pakistan,India,80.0,Tin and articles thereof,26161.0,,30.3308401,71.247499,22.3511148,78.6677428
2006,2006.0,Export,Pakistan,South Africa,80.0,Tin and articles thereof,1892.0,,30.3308401,71.247499,-28.8166236,24.991639
2006,2006.0,Export,Pakistan,United Arab Emirates,80.0,Tin and articles thereof,9541.0,,30.3308401,71.247499,24.0002488,53.9994829
2006,2006.0,Export,Pakistan,USA,80.0,Tin and articles thereof,4325.0,,30.3308401,71.247499,39.7837304,-100.445882
