yr,periodDesc,rgDesc,rtTitle,ptTitle,cmdCode,cmdDescE,TradeValue,Unnamed: 0,rtLat,rtLon,ptLat,ptLon
2020,2020.0,Import,Pakistan,World,50.0,Silk,7279223.0,,30.3308401,71.247499,-36.8535712,174.7456809
2020,2020.0,Import,Pakistan,Afghanistan,50.0,Silk,28616.0,,30.3308401,71.247499,33.7680065,66.2385139
2020,2020.0,Import,Pakistan,China,50.0,Silk,7034676.0,,30.3308401,71.247499,35.000074,104.999927
2020,2020.0,Import,Pakistan,France,50.0,Silk,5460.0,,30.3308401,71.247499,46.603354,1.8883335
2020,2020.0,Import,Pakistan,Japan,50.0,Silk,1594.0,,30.3308401,71.247499,36.5748441,139.2394179
2020,2020.0,Import,Pakistan,Rep. of Korea,50.0,Silk,121551.0,,30.3308401,71.247499,,
2020,2020.0,Import,Pakistan,Viet Nam,50.0,Silk,78770.0,,30.3308401,71.247499,15.9266657,107.9650855
2020,2020.0,Import,Pakistan,Thailand,50.0,Silk,8158.0,,30.3308401,71.247499,14.8971921,100.83273
2020,2020.0,Import,Pakistan,United Arab Emirates,50.0,Silk,394.0,,30.3308401,71.247499,24.0002488,53.9994829
