yr,periodDesc,rgDesc,rtTitle,ptTitle,cmdCode,cmdDescE,TradeValue,Unnamed: 0,rtLat,rtLon,ptLat,ptLon
1994,1994.0,Import,Saudi Arabia,World,50.0,Silk,6006090.0,,25.6242618,42.3528328,-36.8535712,174.7456809
1994,1994.0,Import,Saudi Arabia,Austria,50.0,Silk,32487.0,,25.6242618,42.3528328,47.59397,14.12456
1994,1994.0,Import,Saudi Arabia,Belgium-Luxembourg,50.0,Silk,24170.0,,25.6242618,42.3528328,49.96379985,5.439803941614714
1994,1994.0,Import,Saudi Arabia,China,50.0,Silk,28788.0,,25.6242618,42.3528328,35.000074,104.999927
1994,1994.0,Import,Saudi Arabia,France,50.0,Silk,868594.0,,25.6242618,42.3528328,46.603354,1.8883335
1994,1994.0,Import,Saudi Arabia,Germany,50.0,Silk,212326.0,,25.6242618,42.3528328,51.1638175,10.4478313
1994,1994.0,Import,Saudi Arabia,Indonesia,50.0,Silk,19318.0,,25.6242618,42.3528328,-2.4833826,117.8902853
1994,1994.0,Import,Saudi Arabia,Italy,50.0,Silk,1614206.0,,25.6242618,42.3528328,42.6384261,12.674297
1994,1994.0,Import,Saudi Arabia,Japan,50.0,Silk,89276.0,,25.6242618,42.3528328,36.5748441,139.2394179
1994,1994.0,Import,Saudi Arabia,Rep. of Korea,50.0,Silk,1619384.0,,25.6242618,42.3528328,,
1994,1994.0,Import,Saudi Arabia,"Other Asia, nes",50.0,Silk,5871.0,,25.6242618,42.3528328,,
1994,1994.0,Import,Saudi Arabia,Morocco,50.0,Silk,5225.0,,25.6242618,42.3528328,31.1728205,-7.3362482
1994,1994.0,Import,Saudi Arabia,Norway,50.0,Silk,4435.0,,25.6242618,42.3528328,60.5000209,9.0999715
1994,1994.0,Import,Saudi Arabia,Pakistan,50.0,Silk,2644.0,,25.6242618,42.3528328,30.3308401,71.247499
1994,1994.0,Import,Saudi Arabia,India,50.0,Silk,831108.0,,25.6242618,42.3528328,22.3511148,78.6677428
1994,1994.0,Import,Saudi Arabia,Spain,50.0,Silk,6735.0,,25.6242618,42.3528328,39.3260685,-4.8379791
1994,1994.0,Import,Saudi Arabia,Switzerland,50.0,Silk,489009.0,,25.6242618,42.3528328,46.7985624,8.2319736
1994,1994.0,Import,Saudi Arabia,Thailand,50.0,Silk,20275.0,,25.6242618,42.3528328,14.8971921,100.83273
1994,1994.0,Import,Saudi Arabia,Egypt,50.0,Silk,1557.0,,25.6242618,42.3528328,26.2540493,29.2675469
1994,1994.0,Import,Saudi Arabia,United Kingdom,50.0,Silk,121652.0,,25.6242618,42.3528328,54.7023545,-3.2765753
1994,1994.0,Import,Saudi Arabia,USA,50.0,Silk,8009.0,,25.6242618,42.3528328,39.7837304,-100.445882
1994,1994.0,Import,Saudi Arabia,"Areas, nes",50.0,Silk,1021.0,,25.6242618,42.3528328,,
