yr,periodDesc,rgDesc,rtTitle,ptTitle,cmdCode,cmdDescE,TradeValue,Unnamed: 0,rtLat,rtLon,ptLat,ptLon
2009,2009.0,Export,Saudi Arabia,World,10.0,Cereals,11610171.0,,25.6242618,42.3528328,-36.8535712,174.7456809
2009,2009.0,Export,Saudi Arabia,Malaysia,10.0,Cereals,63206.0,,25.6242618,42.3528328,4.5693754,102.2656823
2009,2009.0,Export,Saudi Arabia,Oman,10.0,Cereals,142680.0,,25.6242618,42.3528328,21.0000287,57.0036901
2009,2009.0,Export,Saudi Arabia,India,10.0,Cereals,3136032.0,,25.6242618,42.3528328,22.3511148,78.6677428
2009,2009.0,Export,Saudi Arabia,Fmr Sudan,10.0,Cereals,275493.0,,25.6242618,42.3528328,18.046398,34.41288
2009,2009.0,Export,Saudi Arabia,United Arab Emirates,10.0,Cereals,1116906.0,,25.6242618,42.3528328,24.0002488,53.9994829
2009,2009.0,Export,Saudi Arabia,Yemen,10.0,Cereals,6875854.0,,25.6242618,42.3528328,16.3471243,47.8915271
