yr,periodDesc,rgDesc,rtTitle,ptTitle,cmdCode,cmdDescE,TradeValue,Unnamed: 0,rtLat,rtLon,ptLat,ptLon
2003,2003.0,Re-Export,Saudi Arabia,World,29.0,Organic chemicals,2839204.0,,25.6242618,42.3528328,-36.8535712,174.7456809
2003,2003.0,Re-Export,Saudi Arabia,Italy,29.0,Organic chemicals,266667.0,,25.6242618,42.3528328,42.6384261,12.674297
2003,2003.0,Re-Export,Saudi Arabia,Oman,29.0,Organic chemicals,66933.0,,25.6242618,42.3528328,21.0000287,57.0036901
2003,2003.0,Re-Export,Saudi Arabia,Netherlands,29.0,Organic chemicals,108800.0,,25.6242618,42.3528328,52.2434979,5.6343227
2003,2003.0,Re-Export,Saudi Arabia,India,29.0,Organic chemicals,29067.0,,25.6242618,42.3528328,22.3511148,78.6677428
2003,2003.0,Re-Export,Saudi Arabia,Spain,29.0,Organic chemicals,39200.0,,25.6242618,42.3528328,39.3260685,-4.8379791
2003,2003.0,Re-Export,Saudi Arabia,United Arab Emirates,29.0,Organic chemicals,2328536.0,,25.6242618,42.3528328,24.0002488,53.9994829
