yr,periodDesc,rgDesc,rtTitle,ptTitle,cmdCode,cmdDescE,TradeValue,Unnamed: 0,rtLat,rtLon,ptLat,ptLon
2012,2012.0,Export,State of Palestine,World,83.0,Miscellaneous articles of base metal,4395071.0,,31.46242095,34.262716572130714,-36.8535712,174.7456809
2012,2012.0,Export,State of Palestine,Israel,83.0,Miscellaneous articles of base metal,992044.0,,31.46242095,34.262716572130714,30.8124247,34.8594762
2012,2012.0,Export,State of Palestine,Jordan,83.0,Miscellaneous articles of base metal,3080412.0,,31.46242095,34.262716572130714,31.1667049,36.941628
2012,2012.0,Export,State of Palestine,Oman,83.0,Miscellaneous articles of base metal,150.0,,31.46242095,34.262716572130714,21.0000287,57.0036901
2012,2012.0,Export,State of Palestine,Egypt,83.0,Miscellaneous articles of base metal,285496.0,,31.46242095,34.262716572130714,26.2540493,29.2675469
2012,2012.0,Export,State of Palestine,United Kingdom,83.0,Miscellaneous articles of base metal,38.0,,31.46242095,34.262716572130714,54.7023545,-3.2765753
2012,2012.0,Export,State of Palestine,Yemen,83.0,Miscellaneous articles of base metal,36932.0,,31.46242095,34.262716572130714,16.3471243,47.8915271
