yr,periodDesc,rgDesc,rtTitle,ptTitle,cmdCode,cmdDescE,TradeValue,Unnamed: 0,rtLat,rtLon,ptLat,ptLon
2014,2014.0,Import,State of Palestine,World,50.0,Silk,57290.0,,31.46242095,34.262716572130714,-36.8535712,174.7456809
2014,2014.0,Import,State of Palestine,China,50.0,Silk,445.0,,31.46242095,34.262716572130714,35.000074,104.999927
2014,2014.0,Import,State of Palestine,Israel,50.0,Silk,56803.0,,31.46242095,34.262716572130714,30.8124247,34.8594762
2014,2014.0,Import,State of Palestine,Turkey,50.0,Silk,42.0,,31.46242095,34.262716572130714,38.9597594,34.9249653
