yr,periodDesc,rgDesc,rtTitle,ptTitle,cmdCode,cmdDescE,TradeValue,Unnamed: 0,rtLat,rtLon,ptLat,ptLon
2012,2012.0,Export,State of Palestine,World,73.0,Articles of iron or steel,11524132.0,,31.46242095,34.262716572130714,-36.8535712,174.7456809
2012,2012.0,Export,State of Palestine,Israel,73.0,Articles of iron or steel,11127921.0,,31.46242095,34.262716572130714,30.8124247,34.8594762
2012,2012.0,Export,State of Palestine,Jordan,73.0,Articles of iron or steel,345833.0,,31.46242095,34.262716572130714,31.1667049,36.941628
2012,2012.0,Export,State of Palestine,Oman,73.0,Articles of iron or steel,50377.0,,31.46242095,34.262716572130714,21.0000287,57.0036901
