yr,periodDesc,rgDesc,rtTitle,ptTitle,cmdCode,cmdDescE,TradeValue,Unnamed: 0,rtLat,rtLon,ptLat,ptLon
2010,2010.0,Import,State of Palestine,World,26.0,"Ores, slag and ash",186442.0,,31.46242095,34.262716572130714,-36.8535712,174.7456809
2010,2010.0,Import,State of Palestine,Israel,26.0,"Ores, slag and ash",127167.0,,31.46242095,34.262716572130714,30.8124247,34.8594762
2010,2010.0,Import,State of Palestine,India,26.0,"Ores, slag and ash",51064.0,,31.46242095,34.262716572130714,22.3511148,78.6677428
2010,2010.0,Import,State of Palestine,Turkey,26.0,"Ores, slag and ash",8211.0,,31.46242095,34.262716572130714,38.9597594,34.9249653
