yr,periodDesc,rgDesc,rtTitle,ptTitle,cmdCode,cmdDescE,TradeValue,Unnamed: 0,rtLat,rtLon,ptLat,ptLon
2015,2015.0,Export,State of Palestine,World,10.0,Cereals,6708053.0,,31.46242095,34.262716572130714,-36.8535712,174.7456809
2015,2015.0,Export,State of Palestine,Israel,10.0,Cereals,6707603.0,,31.46242095,34.262716572130714,30.8124247,34.8594762
2015,2015.0,Export,State of Palestine,USA,10.0,Cereals,450.0,,31.46242095,34.262716572130714,39.7837304,-100.445882
