yr,periodDesc,rgDesc,rtTitle,ptTitle,cmdCode,cmdDescE,TradeValue,Unnamed: 0,rtLat,rtLon,ptLat,ptLon
2010,2010.0,Import,Afghanistan,World,52.0,Cotton,4216844.0,,33.7680065,66.2385139,-36.8535712,174.7456809
2010,2010.0,Import,Afghanistan,Belgium,52.0,Cotton,1656.0,,33.7680065,66.2385139,50.6402809,4.6667145
2010,2010.0,Import,Afghanistan,China,52.0,Cotton,111798.0,,33.7680065,66.2385139,35.000074,104.999927
2010,2010.0,Import,Afghanistan,Iran,52.0,Cotton,32924.0,,33.7680065,66.2385139,32.6475314,54.5643516
2010,2010.0,Import,Afghanistan,Pakistan,52.0,Cotton,4048266.0,,33.7680065,66.2385139,30.3308401,71.247499
2010,2010.0,Import,Afghanistan,India,52.0,Cotton,22200.0,,33.7680065,66.2385139,22.3511148,78.6677428
