yr,periodDesc,rgDesc,rtTitle,cmdCode,cmdDescE,Subregion,Region,TradeValue,rtLat,rtLon,ptLon,ptLat
2009,2009,Import,Afghanistan,76,Aluminum and articles thereof,Central Asia,Asia,470547,33.7680065,66.2385139,39.89317229901691,61.060280637304274
2009,2009,Import,Afghanistan,76,Aluminum and articles thereof,Eastern Asia,Asia,719704,33.7680065,66.2385139,37.977378106878206,73.97804075806764
2009,2009,Import,Afghanistan,76,Aluminum and articles thereof,Southern Asia,Asia,383244,33.7680065,66.2385139,25.499703063807168,75.5024015339642
2009,2009,Import,Afghanistan,76,Aluminum and articles thereof,Southern Europe,Europe,19010,33.7680065,66.2385139,40.12399607988535,20.742583178432696
2009,2009,Import,Afghanistan,76,Aluminum and articles thereof,Western Asia,Asia,629294,33.7680065,66.2385139,26.42921218083572,52.86847103284948
2009,2009,Import,Afghanistan,76,Aluminum and articles thereof,Western Europe,Europe,2990,33.7680065,66.2385139,47.92172048214207,7.866753258497997
2009,2009,Import,Afghanistan,76,Aluminum and articles thereof,World,World,6953026,33.7680065,66.2385139,,
