yr,periodDesc,rgDesc,rtTitle,cmdCode,cmdDescE,Subregion,Region,TradeValue,rtLat,rtLon,ptLon,ptLat
2009,2009,Import,Afghanistan,31,Fertilizers,Central Asia,Asia,10608093,33.7680065,66.2385139,39.89317229901691,61.060280637304274
2009,2009,Import,Afghanistan,31,Fertilizers,Eastern Asia,Asia,770,33.7680065,66.2385139,37.977378106878206,73.97804075806764
2009,2009,Import,Afghanistan,31,Fertilizers,Eastern Europe,Europe,20590,33.7680065,66.2385139,51.67568633314729,27.673469819741847
2009,2009,Import,Afghanistan,31,Fertilizers,Southern Asia,Asia,58185,33.7680065,66.2385139,25.499703063807168,75.5024015339642
2009,2009,Import,Afghanistan,31,Fertilizers,World,World,13213590,33.7680065,66.2385139,,
2009,2009,Import,Afghanistan,31,Fertilizers,Pakistan, Pakistan,2525952,33.7680065,66.2385139,,
