yr,periodDesc,rgDesc,rtTitle,cmdCode,cmdDescE,Subregion,Region,TradeValue,rtLat,rtLon,ptLon,ptLat
2010,2010,Import,Afghanistan,52,Cotton,Eastern Asia,Asia,111798,33.7680065,66.2385139,37.977378106878206,73.97804075806764
2010,2010,Import,Afghanistan,52,Cotton,Southern Asia,Asia,32924,33.7680065,66.2385139,25.499703063807168,75.5024015339642
2010,2010,Import,Afghanistan,52,Cotton,Western Europe,Europe,1656,33.7680065,66.2385139,47.92172048214207,7.866753258497997
2010,2010,Import,Afghanistan,52,Cotton,World,World,4216844,33.7680065,66.2385139,,
2010,2010,Import,Afghanistan,52,Cotton, Pakistan, Pakistan,4048266,33.7680065,66.2385139,,
