yr,periodDesc,rgDesc,rtTitle,cmdCode,cmdDescE,Subregion,Region,TradeValue,rtLat,rtLon,ptLon,ptLat
1996,1996,Export,Algeria,29,Organic chemicals,Eastern Europe,Europe,13155285,28.0000272,2.9999825,51.67568633314729,27.673469819741847
1996,1996,Export,Algeria,29,Organic chemicals,Northern Europe,Europe,873663,28.0000272,2.9999825,59.36075159783851,25.01346951967388
1996,1996,Export,Algeria,29,Organic chemicals,Southern Europe,Europe,19577757,28.0000272,2.9999825,40.12399607988535,20.742583178432696
1996,1996,Export,Algeria,29,Organic chemicals,Tunisia,Tunisia,496185,28.0000272,2.9999825,,
1996,1996,Export,Algeria,29,Organic chemicals,Western Europe,Europe,2561812,28.0000272,2.9999825,47.92172048214207,7.866753258497997
1996,1996,Export,Algeria,29,Organic chemicals,World,World,39171716,28.0000272,2.9999825,,
1996,1996,Export,Algeria,29,Organic chemicals, Morocco, Morocco,1865538,28.0000272,2.9999825,,
