yr,periodDesc,rgDesc,rtTitle,cmdCode,cmdDescE,Subregion,Region,TradeValue,rtLat,rtLon,ptLon,ptLat
1997,1997,Import,Algeria,83,Miscellaneous articles of base metal,Central Asia,Asia,38269,28.0000272,2.9999825,39.89317229901691,61.060280637304274
1997,1997,Import,Algeria,83,Miscellaneous articles of base metal,Eastern Asia,Asia,3225454,28.0000272,2.9999825,37.977378106878206,73.97804075806764
1997,1997,Import,Algeria,83,Miscellaneous articles of base metal,Eastern Europe,Europe,32745,28.0000272,2.9999825,51.67568633314729,27.673469819741847
1997,1997,Import,Algeria,83,Miscellaneous articles of base metal,Latin America and the Caribbean,Americas,8549,28.0000272,2.9999825,17.925141963241547,-78.01492950057497
1997,1997,Import,Algeria,83,Miscellaneous articles of base metal,Northern Africa,Africa,144043,28.0000272,2.9999825,19.569604022535763,12.47761721199581
1997,1997,Import,Algeria,83,Miscellaneous articles of base metal,Northern America,Americas,1999501,28.0000272,2.9999825,43.897683433510366,-100.08947125585888
1997,1997,Import,Algeria,83,Miscellaneous articles of base metal,Northern Europe,Europe,651914,28.0000272,2.9999825,59.36075159783851,25.01346951967388
1997,1997,Import,Algeria,83,Miscellaneous articles of base metal,South-eastern Asia,Asia,35847,28.0000272,2.9999825,10.528384761701911,103.08333472012376
1997,1997,Import,Algeria,83,Miscellaneous articles of base metal,Southern Europe,Europe,4577475,28.0000272,2.9999825,40.12399607988535,20.742583178432696
1997,1997,Import,Algeria,83,Miscellaneous articles of base metal,Sub-Saharan Africa,Africa,608,28.0000272,2.9999825,6.06272746187266,22.727528470146083
1997,1997,Import,Algeria,83,Miscellaneous articles of base metal,Western Asia,Asia,259445,28.0000272,2.9999825,26.42921218083572,52.86847103284948
1997,1997,Import,Algeria,83,Miscellaneous articles of base metal,Western Europe,Europe,8149604,28.0000272,2.9999825,47.92172048214207,7.866753258497997
1997,1997,Import,Algeria,83,Miscellaneous articles of base metal,World,World,20224312,28.0000272,2.9999825,,
