yr,periodDesc,rgDesc,rtTitle,cmdCode,cmdDescE,Subregion,Region,TradeValue,rtLat,rtLon,ptLon,ptLat
1999,1999,Import,Algeria,74,Copper and articles thereof,Eastern Asia,Asia,606398,28.0000272,2.9999825,37.977378106878206,73.97804075806764
1999,1999,Import,Algeria,74,Copper and articles thereof,Eastern Europe,Europe,7486,28.0000272,2.9999825,51.67568633314729,27.673469819741847
1999,1999,Import,Algeria,74,Copper and articles thereof,Latin America and the Caribbean,Americas,25162,28.0000272,2.9999825,17.925141963241547,-78.01492950057497
1999,1999,Import,Algeria,74,Copper and articles thereof,Northern Africa,Africa,130223,28.0000272,2.9999825,19.569604022535763,12.47761721199581
1999,1999,Import,Algeria,74,Copper and articles thereof,Northern America,Americas,266654,28.0000272,2.9999825,43.897683433510366,-100.08947125585888
1999,1999,Import,Algeria,74,Copper and articles thereof,Northern Europe,Europe,809957,28.0000272,2.9999825,59.36075159783851,25.01346951967388
1999,1999,Import,Algeria,74,Copper and articles thereof,South-eastern Asia,Asia,12652,28.0000272,2.9999825,10.528384761701911,103.08333472012376
1999,1999,Import,Algeria,74,Copper and articles thereof,Southern Europe,Europe,10922867,28.0000272,2.9999825,40.12399607988535,20.742583178432696
1999,1999,Import,Algeria,74,Copper and articles thereof,Western Asia,Asia,8941097,28.0000272,2.9999825,26.42921218083572,52.86847103284948
1999,1999,Import,Algeria,74,Copper and articles thereof,Western Europe,Europe,8497408,28.0000272,2.9999825,47.92172048214207,7.866753258497997
1999,1999,Import,Algeria,74,Copper and articles thereof,World,World,32429079,28.0000272,2.9999825,,
