yr,periodDesc,rgDesc,rtTitle,cmdCode,cmdDescE,Subregion,Region,TradeValue,rtLat,rtLon,ptLon,ptLat
2009,2009,Export,Algeria,78,Lead and articles thereof,Eastern Asia,Asia,50587,28.0000272,2.9999825,37.977378106878206,73.97804075806764
2009,2009,Export,Algeria,78,Lead and articles thereof,Northern Europe,Europe,299045,28.0000272,2.9999825,59.36075159783851,25.01346951967388
2009,2009,Export,Algeria,78,Lead and articles thereof,South-eastern Asia,Asia,508696,28.0000272,2.9999825,10.528384761701911,103.08333472012376
2009,2009,Export,Algeria,78,Lead and articles thereof,Southern Europe,Europe,400471,28.0000272,2.9999825,40.12399607988535,20.742583178432696
2009,2009,Export,Algeria,78,Lead and articles thereof,Western Europe,Europe,180089,28.0000272,2.9999825,47.92172048214207,7.866753258497997
2009,2009,Export,Algeria,78,Lead and articles thereof,World,World,4747297,28.0000272,2.9999825,,
2009,2009,Export,Algeria,78,Lead and articles thereof,Lebanon, Lebanon,1284523,28.0000272,2.9999825,,
