yr,periodDesc,rgDesc,rtTitle,cmdCode,cmdDescE,Subregion,Region,TradeValue,rtLat,rtLon,ptLon,ptLat
2006,2006,Import,Algeria,79,Zinc and articles thereof,Eastern Asia,Asia,14336,28.0000272,2.9999825,37.977378106878206,73.97804075806764
2006,2006,Import,Algeria,79,Zinc and articles thereof,Eastern Europe,Europe,22260,28.0000272,2.9999825,51.67568633314729,27.673469819741847
2006,2006,Import,Algeria,79,Zinc and articles thereof,Northern America,Americas,828307,28.0000272,2.9999825,43.897683433510366,-100.08947125585888
2006,2006,Import,Algeria,79,Zinc and articles thereof,Northern Europe,Europe,1335,28.0000272,2.9999825,59.36075159783851,25.01346951967388
2006,2006,Import,Algeria,79,Zinc and articles thereof,Southern Europe,Europe,697948,28.0000272,2.9999825,40.12399607988535,20.742583178432696
2006,2006,Import,Algeria,79,Zinc and articles thereof,Western Asia,Asia,7461,28.0000272,2.9999825,26.42921218083572,52.86847103284948
2006,2006,Import,Algeria,79,Zinc and articles thereof,Western Europe,Europe,1133802,28.0000272,2.9999825,47.92172048214207,7.866753258497997
2006,2006,Import,Algeria,79,Zinc and articles thereof,World,World,2739468,28.0000272,2.9999825,,
2006,2006,Import,Algeria,79,Zinc and articles thereof, United Arab Emirates, United Arab Emirates,33012,28.0000272,2.9999825,,
