yr,periodDesc,rgDesc,rtTitle,cmdCode,cmdDescE,Subregion,Region,TradeValue,rtLat,rtLon,ptLon,ptLat
2012,2012,Import,Algeria,1,Animals; live,Eastern Europe,Europe,428421,28.0000272,2.9999825,51.67568633314729,27.673469819741847
2012,2012,Import,Algeria,1,Animals; live,Northern America,Americas,1428687,28.0000272,2.9999825,43.897683433510366,-100.08947125585888
2012,2012,Import,Algeria,1,Animals; live,Northern Europe,Europe,969544,28.0000272,2.9999825,59.36075159783851,25.01346951967388
2012,2012,Import,Algeria,1,Animals; live,Southern Europe,Europe,14786315,28.0000272,2.9999825,40.12399607988535,20.742583178432696
2012,2012,Import,Algeria,1,Animals; live,Western Europe,Europe,115810247,28.0000272,2.9999825,47.92172048214207,7.866753258497997
2012,2012,Import,Algeria,1,Animals; live,World,World,133426966,28.0000272,2.9999825,,
2012,2012,Import,Algeria,1,Animals; live,United Arab Emirates, United Arab Emirates,3752,28.0000272,2.9999825,,
