yr,periodDesc,rgDesc,rtTitle,cmdCode,cmdDescE,Subregion,Region,TradeValue,rtLat,rtLon,ptLon,ptLat
2013,2013,Export,Algeria,69,Ceramic products,Eastern Europe,Europe,170,28.0000272,2.9999825,51.67568633314729,27.673469819741847
2013,2013,Export,Algeria,69,Ceramic products,Northern Africa,Africa,1114021,28.0000272,2.9999825,19.569604022535763,12.47761721199581
2013,2013,Export,Algeria,69,Ceramic products,Sub-Saharan Africa,Africa,119,28.0000272,2.9999825,6.06272746187266,22.727528470146083
2013,2013,Export,Algeria,69,Ceramic products,Western Europe,Europe,2641,28.0000272,2.9999825,47.92172048214207,7.866753258497997
2013,2013,Export,Algeria,69,Ceramic products,World,World,1124315,28.0000272,2.9999825,,
