yr,periodDesc,rgDesc,rtTitle,cmdCode,cmdDescE,Subregion,Region,TradeValue,rtLat,rtLon,ptLon,ptLat
2007,2007,Import,Algeria,74,Copper and articles thereof,Eastern Asia,Asia,8247402,28.0000272,2.9999825,37.977378106878206,73.97804075806764
2007,2007,Import,Algeria,74,Copper and articles thereof,Eastern Europe,Europe,770819,28.0000272,2.9999825,51.67568633314729,27.673469819741847
2007,2007,Import,Algeria,74,Copper and articles thereof,Latin America and the Caribbean,Americas,243526,28.0000272,2.9999825,17.925141963241547,-78.01492950057497
2007,2007,Import,Algeria,74,Copper and articles thereof,Northern Africa,Africa,14115795,28.0000272,2.9999825,19.569604022535763,12.47761721199581
2007,2007,Import,Algeria,74,Copper and articles thereof,Northern America,Americas,680206,28.0000272,2.9999825,43.897683433510366,-100.08947125585888
2007,2007,Import,Algeria,74,Copper and articles thereof,Northern Europe,Europe,1842539,28.0000272,2.9999825,59.36075159783851,25.01346951967388
2007,2007,Import,Algeria,74,Copper and articles thereof,South-eastern Asia,Asia,40794,28.0000272,2.9999825,10.528384761701911,103.08333472012376
2007,2007,Import,Algeria,74,Copper and articles thereof,Southern Europe,Europe,103433263,28.0000272,2.9999825,40.12399607988535,20.742583178432696
2007,2007,Import,Algeria,74,Copper and articles thereof,Sub-Saharan Africa,Africa,1664,28.0000272,2.9999825,6.06272746187266,22.727528470146083
2007,2007,Import,Algeria,74,Copper and articles thereof,Western Asia,Asia,7864142,28.0000272,2.9999825,26.42921218083572,52.86847103284948
2007,2007,Import,Algeria,74,Copper and articles thereof,Western Europe,Europe,63045284,28.0000272,2.9999825,47.92172048214207,7.866753258497997
2007,2007,Import,Algeria,74,Copper and articles thereof,World,World,205070152,28.0000272,2.9999825,,
