yr,periodDesc,rgDesc,rtTitle,ptTitle,cmdCode,cmdDescE,TradeValue,Unnamed: 0,rtLat,rtLon,ptLat,ptLon
2015,2015.0,Export,Algeria,World,26.0,"Ores, slag and ash",1735883.0,,28.0000272,2.9999825,-36.8535712,174.7456809
2015,2015.0,Export,Algeria,Belgium,26.0,"Ores, slag and ash",1273073.0,,28.0000272,2.9999825,50.6402809,4.6667145
2015,2015.0,Export,Algeria,Denmark,26.0,"Ores, slag and ash",9.0,,28.0000272,2.9999825,55.670249,10.3333283
2015,2015.0,Export,Algeria,France,26.0,"Ores, slag and ash",530.0,,28.0000272,2.9999825,46.603354,1.8883335
2015,2015.0,Export,Algeria,Italy,26.0,"Ores, slag and ash",505.0,,28.0000272,2.9999825,42.6384261,12.674297
2015,2015.0,Export,Algeria,India,26.0,"Ores, slag and ash",271513.0,,28.0000272,2.9999825,22.3511148,78.6677428
2015,2015.0,Export,Algeria,Turkey,26.0,"Ores, slag and ash",190253.0,,28.0000272,2.9999825,38.9597594,34.9249653
