yr,periodDesc,rgDesc,rtTitle,cmdCode,cmdDescE,Subregion,Region,TradeValue,rtLat,rtLon,ptLon,ptLat
1993,1993,Import,Algeria,72,Iron and steel,Eastern Asia,Asia,8966012,28.0000272,2.9999825,37.977378106878206,73.97804075806764
1993,1993,Import,Algeria,72,Iron and steel,Eastern Europe,Europe,13079717,28.0000272,2.9999825,51.67568633314729,27.673469819741847
1993,1993,Import,Algeria,72,Iron and steel,Egypt,Egypt,16958792,28.0000272,2.9999825,,
1993,1993,Import,Algeria,72,Iron and steel,Latin America and the Caribbean,Americas,267281,28.0000272,2.9999825,17.925141963241547,-78.01492950057497
1993,1993,Import,Algeria,72,Iron and steel,Northern Africa,Africa,1924500,28.0000272,2.9999825,19.569604022535763,12.47761721199581
1993,1993,Import,Algeria,72,Iron and steel,Northern America,Americas,706857,28.0000272,2.9999825,43.897683433510366,-100.08947125585888
1993,1993,Import,Algeria,72,Iron and steel,Northern Europe,Europe,5534121,28.0000272,2.9999825,59.36075159783851,25.01346951967388
1993,1993,Import,Algeria,72,Iron and steel,Southern Europe,Europe,304358097,28.0000272,2.9999825,40.12399607988535,20.742583178432696
1993,1993,Import,Algeria,72,Iron and steel,Tunisia,Tunisia,3112782,28.0000272,2.9999825,,
1993,1993,Import,Algeria,72,Iron and steel,Western Asia,Asia,23155018,28.0000272,2.9999825,26.42921218083572,52.86847103284948
1993,1993,Import,Algeria,72,Iron and steel,Western Europe,Europe,87243336,28.0000272,2.9999825,47.92172048214207,7.866753258497997
1993,1993,Import,Algeria,72,Iron and steel,World,World,480187360,28.0000272,2.9999825,,
1993,1993,Import,Algeria,72,Iron and steel, Libya, Libya,20585,28.0000272,2.9999825,,
1993,1993,Import,Algeria,72,Iron and steel, Morocco, Morocco,1649297,28.0000272,2.9999825,,
