yr,periodDesc,rgDesc,rtTitle,cmdCode,cmdDescE,Subregion,Region,TradeValue,rtLat,rtLon,ptLon,ptLat
1995,1995,Export,Algeria,72,Iron and steel,Northern Africa,Africa,9604198,28.0000272,2.9999825,19.569604022535763,12.47761721199581
1995,1995,Export,Algeria,72,Iron and steel,Northern Europe,Europe,2640193,28.0000272,2.9999825,59.36075159783851,25.01346951967388
1995,1995,Export,Algeria,72,Iron and steel,Southern Europe,Europe,39218317,28.0000272,2.9999825,40.12399607988535,20.742583178432696
1995,1995,Export,Algeria,72,Iron and steel,Western Asia,Asia,270454,28.0000272,2.9999825,26.42921218083572,52.86847103284948
1995,1995,Export,Algeria,72,Iron and steel,Western Europe,Europe,7669821,28.0000272,2.9999825,47.92172048214207,7.866753258497997
1995,1995,Export,Algeria,72,Iron and steel,World,World,72013856,28.0000272,2.9999825,,
