yr,periodDesc,rgDesc,rtTitle,cmdCode,cmdDescE,Subregion,Region,TradeValue,rtLat,rtLon,ptLon,ptLat
2006,2006,Export,Algeria,45,Cork and articles of cork,Eastern Asia,Asia,338020,28.0000272,2.9999825,37.977378106878206,73.97804075806764
2006,2006,Export,Algeria,45,Cork and articles of cork,Latin America and the Caribbean,Americas,32060,28.0000272,2.9999825,17.925141963241547,-78.01492950057497
2006,2006,Export,Algeria,45,Cork and articles of cork,Northern Africa,Africa,11262,28.0000272,2.9999825,19.569604022535763,12.47761721199581
2006,2006,Export,Algeria,45,Cork and articles of cork,Northern America,Americas,70274,28.0000272,2.9999825,43.897683433510366,-100.08947125585888
2006,2006,Export,Algeria,45,Cork and articles of cork,Southern Europe,Europe,10712045,28.0000272,2.9999825,40.12399607988535,20.742583178432696
2006,2006,Export,Algeria,45,Cork and articles of cork,Western Europe,Europe,71255,28.0000272,2.9999825,47.92172048214207,7.866753258497997
2006,2006,Export,Algeria,45,Cork and articles of cork,World,World,11482587,28.0000272,2.9999825,,
