yr,periodDesc,rgDesc,rtTitle,cmdCode,cmdDescE,Subregion,Region,TradeValue,rtLat,rtLon,ptLon,ptLat
2001,2001,Import,Algeria,26,"Ores, slag and ash",Eastern Asia,Asia,86386,28.0000272,2.9999825,37.977378106878206,73.97804075806764
2001,2001,Import,Algeria,26,"Ores, slag and ash",Latin America and the Caribbean,Americas,5118167,28.0000272,2.9999825,17.925141963241547,-78.01492950057497
2001,2001,Import,Algeria,26,"Ores, slag and ash",Northern America,Americas,199,28.0000272,2.9999825,43.897683433510366,-100.08947125585888
2001,2001,Import,Algeria,26,"Ores, slag and ash",Northern Europe,Europe,167842,28.0000272,2.9999825,59.36075159783851,25.01346951967388
2001,2001,Import,Algeria,26,"Ores, slag and ash",Southern Europe,Europe,2653668,28.0000272,2.9999825,40.12399607988535,20.742583178432696
2001,2001,Import,Algeria,26,"Ores, slag and ash",Western Europe,Europe,2798566,28.0000272,2.9999825,47.92172048214207,7.866753258497997
2001,2001,Import,Algeria,26,"Ores, slag and ash",World,World,13720979,28.0000272,2.9999825,,
2001,2001,Import,Algeria,26,"Ores, slag and ash",Jordan, Jordan,1198,28.0000272,2.9999825,,
2001,2001,Import,Algeria,26,"Ores, slag and ash",Mauritania, Mauritania,2894953,28.0000272,2.9999825,,
