yr,periodDesc,rgDesc,rtTitle,cmdCode,cmdDescE,Subregion,Region,TradeValue,rtLat,rtLon,ptLon,ptLat
2012,2012,Import,Algeria,80,Tin; articles thereof,Eastern Asia,Asia,111806,28.0000272,2.9999825,37.977378106878206,73.97804075806764
2012,2012,Import,Algeria,80,Tin; articles thereof,Northern America,Americas,10099,28.0000272,2.9999825,43.897683433510366,-100.08947125585888
2012,2012,Import,Algeria,80,Tin; articles thereof,Northern Europe,Europe,2290,28.0000272,2.9999825,59.36075159783851,25.01346951967388
2012,2012,Import,Algeria,80,Tin; articles thereof,South-eastern Asia,Asia,151328,28.0000272,2.9999825,10.528384761701911,103.08333472012376
2012,2012,Import,Algeria,80,Tin; articles thereof,Southern Europe,Europe,1014305,28.0000272,2.9999825,40.12399607988535,20.742583178432696
2012,2012,Import,Algeria,80,Tin; articles thereof,Western Asia,Asia,1573,28.0000272,2.9999825,26.42921218083572,52.86847103284948
2012,2012,Import,Algeria,80,Tin; articles thereof,Western Europe,Europe,1345956,28.0000272,2.9999825,47.92172048214207,7.866753258497997
2012,2012,Import,Algeria,80,Tin; articles thereof,World,World,2639587,28.0000272,2.9999825,,
