yr,periodDesc,rgDesc,rtTitle,cmdCode,cmdDescE,Subregion,Region,TradeValue,rtLat,rtLon,ptLon,ptLat
2005,2005,Import,Algeria,50,Silk,Eastern Asia,Asia,85578,28.0000272,2.9999825,37.977378106878206,73.97804075806764
2005,2005,Import,Algeria,50,Silk,Northern Africa,Africa,2753,28.0000272,2.9999825,19.569604022535763,12.47761721199581
2005,2005,Import,Algeria,50,Silk,Southern Europe,Europe,2357,28.0000272,2.9999825,40.12399607988535,20.742583178432696
2005,2005,Import,Algeria,50,Silk,Western Asia,Asia,710,28.0000272,2.9999825,26.42921218083572,52.86847103284948
2005,2005,Import,Algeria,50,Silk,Western Europe,Europe,19900,28.0000272,2.9999825,47.92172048214207,7.866753258497997
2005,2005,Import,Algeria,50,Silk,World,World,137629,28.0000272,2.9999825,,
