yr,periodDesc,rgDesc,rtTitle,cmdCode,cmdDescE,Subregion,Region,TradeValue,rtLat,rtLon,ptLon,ptLat
1997,1997,Export,Algeria,78,Lead and articles thereof,Northern Africa,Africa,471879,28.0000272,2.9999825,19.569604022535763,12.47761721199581
1997,1997,Export,Algeria,78,Lead and articles thereof,Northern America,Americas,3465,28.0000272,2.9999825,43.897683433510366,-100.08947125585888
1997,1997,Export,Algeria,78,Lead and articles thereof,Southern Europe,Europe,906410,28.0000272,2.9999825,40.12399607988535,20.742583178432696
1997,1997,Export,Algeria,78,Lead and articles thereof,Sub-Saharan Africa,Africa,14191,28.0000272,2.9999825,6.06272746187266,22.727528470146083
1997,1997,Export,Algeria,78,Lead and articles thereof,Western Europe,Europe,248755,28.0000272,2.9999825,47.92172048214207,7.866753258497997
1997,1997,Export,Algeria,78,Lead and articles thereof,World,World,1661972,28.0000272,2.9999825,,
