yr,periodDesc,rgDesc,rtTitle,cmdCode,cmdDescE,Subregion,Region,TradeValue,rtLat,rtLon,ptLon,ptLat
1997,1997,Export,Algeria,73,Articles of iron or steel,Eastern Europe,Europe,363615,28.0000272,2.9999825,51.67568633314729,27.673469819741847
1997,1997,Export,Algeria,73,Articles of iron or steel,Northern Africa,Africa,1709346,28.0000272,2.9999825,19.569604022535763,12.47761721199581
1997,1997,Export,Algeria,73,Articles of iron or steel,Northern Europe,Europe,1794880,28.0000272,2.9999825,59.36075159783851,25.01346951967388
1997,1997,Export,Algeria,73,Articles of iron or steel,Southern Europe,Europe,146307,28.0000272,2.9999825,40.12399607988535,20.742583178432696
1997,1997,Export,Algeria,73,Articles of iron or steel,Sub-Saharan Africa,Africa,47093,28.0000272,2.9999825,6.06272746187266,22.727528470146083
1997,1997,Export,Algeria,73,Articles of iron or steel,Western Europe,Europe,2775919,28.0000272,2.9999825,47.92172048214207,7.866753258497997
1997,1997,Export,Algeria,73,Articles of iron or steel,World,World,8937975,28.0000272,2.9999825,,
