yr,periodDesc,rgDesc,rtTitle,cmdCode,cmdDescE,Subregion,Region,TradeValue,rtLat,rtLon,ptLon,ptLat
2012,2012,Export,Algeria,72,Iron and steel,Northern Africa,Africa,18368046,28.0000272,2.9999825,19.569604022535763,12.47761721199581
2012,2012,Export,Algeria,72,Iron and steel,Southern Europe,Europe,11679852,28.0000272,2.9999825,40.12399607988535,20.742583178432696
2012,2012,Export,Algeria,72,Iron and steel,Sub-Saharan Africa,Africa,62038,28.0000272,2.9999825,6.06272746187266,22.727528470146083
2012,2012,Export,Algeria,72,Iron and steel,Western Europe,Europe,3,28.0000272,2.9999825,47.92172048214207,7.866753258497997
2012,2012,Export,Algeria,72,Iron and steel,World,World,34870132,28.0000272,2.9999825,,
