yr,periodDesc,rgDesc,rtTitle,cmdCode,cmdDescE,Subregion,Region,TradeValue,rtLat,rtLon,ptLon,ptLat
2014,2014,Export,Armenia,10,Cereals,Eastern Europe,Europe,55524,40.7696272,44.6736646,51.67568633314729,27.673469819741847
2014,2014,Export,Armenia,10,Cereals,Southern Europe,Europe,3,40.7696272,44.6736646,40.12399607988535,20.742583178432696
2014,2014,Export,Armenia,10,Cereals,Western Europe,Europe,28344,40.7696272,44.6736646,47.92172048214207,7.866753258497997
2014,2014,Export,Armenia,10,Cereals,World,World,83872,40.7696272,44.6736646,,
