yr,periodDesc,rgDesc,rtTitle,cmdCode,cmdDescE,Subregion,Region,TradeValue,rtLat,rtLon,ptLon,ptLat
2013,2013,Export,Armenia,9,"Coffee, tea, mate and spices",Australia and New Zealand,Oceania,2,40.7696272,44.6736646,-16.85099460447687,133.4130365630627
2013,2013,Export,Armenia,9,"Coffee, tea, mate and spices",Central Asia,Asia,5460,40.7696272,44.6736646,39.89317229901691,61.060280637304274
2013,2013,Export,Armenia,9,"Coffee, tea, mate and spices",Eastern Europe,Europe,2506168,40.7696272,44.6736646,51.67568633314729,27.673469819741847
2013,2013,Export,Armenia,9,"Coffee, tea, mate and spices",Northern America,Americas,1540,40.7696272,44.6736646,43.897683433510366,-100.08947125585888
2013,2013,Export,Armenia,9,"Coffee, tea, mate and spices",Northern Europe,Europe,5252,40.7696272,44.6736646,59.36075159783851,25.01346951967388
2013,2013,Export,Armenia,9,"Coffee, tea, mate and spices",Southern Europe,Europe,2080,40.7696272,44.6736646,40.12399607988535,20.742583178432696
2013,2013,Export,Armenia,9,"Coffee, tea, mate and spices",Western Europe,Europe,4287,40.7696272,44.6736646,47.92172048214207,7.866753258497997
2013,2013,Export,Armenia,9,"Coffee, tea, mate and spices",World,World,5067808,40.7696272,44.6736646,,
2013,2013,Export,Armenia,9,"Coffee, tea, mate and spices",Georgia, Georgia,2503215,40.7696272,44.6736646,,
