yr,periodDesc,rgDesc,rtTitle,cmdCode,cmdDescE,Subregion,Region,TradeValue,rtLat,rtLon,ptLon,ptLat
2012,2012,Export,Armenia,18,Cocoa and cocoa preparations,Eastern Asia,Asia,849,40.7696272,44.6736646,37.977378106878206,73.97804075806764
2012,2012,Export,Armenia,18,Cocoa and cocoa preparations,Eastern Europe,Europe,25248,40.7696272,44.6736646,51.67568633314729,27.673469819741847
2012,2012,Export,Armenia,18,Cocoa and cocoa preparations,Northern America,Americas,110348,40.7696272,44.6736646,43.897683433510366,-100.08947125585888
2012,2012,Export,Armenia,18,Cocoa and cocoa preparations,Northern Europe,Europe,1819,40.7696272,44.6736646,59.36075159783851,25.01346951967388
2012,2012,Export,Armenia,18,Cocoa and cocoa preparations,Southern Europe,Europe,1786,40.7696272,44.6736646,40.12399607988535,20.742583178432696
2012,2012,Export,Armenia,18,Cocoa and cocoa preparations,World,World,1505069,40.7696272,44.6736646,,
