yr,periodDesc,rgDesc,rtTitle,cmdCode,cmdDescE,Subregion,Region,TradeValue,rtLat,rtLon,ptLon,ptLat
2003,2003,Export,Armenia,74,Copper and articles thereof,Eastern Asia,Asia,1518023,40.7696272,44.6736646,37.977378106878206,73.97804075806764
2003,2003,Export,Armenia,74,Copper and articles thereof,Eastern Europe,Europe,39972,40.7696272,44.6736646,51.67568633314729,27.673469819741847
2003,2003,Export,Armenia,74,Copper and articles thereof,Northern America,Americas,3144,40.7696272,44.6736646,43.897683433510366,-100.08947125585888
2003,2003,Export,Armenia,74,Copper and articles thereof,Northern Europe,Europe,7551571,40.7696272,44.6736646,59.36075159783851,25.01346951967388
2003,2003,Export,Armenia,74,Copper and articles thereof,Southern Asia,Asia,125514,40.7696272,44.6736646,25.499703063807168,75.5024015339642
2003,2003,Export,Armenia,74,Copper and articles thereof,Southern Europe,Europe,58383,40.7696272,44.6736646,40.12399607988535,20.742583178432696
2003,2003,Export,Armenia,74,Copper and articles thereof,Western Europe,Europe,2990106,40.7696272,44.6736646,47.92172048214207,7.866753258497997
2003,2003,Export,Armenia,74,Copper and articles thereof,World,World,14462001,40.7696272,44.6736646,,
