yr,periodDesc,rgDesc,rtTitle,cmdCode,cmdDescE,Subregion,Region,TradeValue,rtLat,rtLon,ptLon,ptLat
2001,2001,Export,Armenia,26,"Ores, slag and ash",Eastern Asia,Asia,34701,40.7696272,44.6736646,37.977378106878206,73.97804075806764
2001,2001,Export,Armenia,26,"Ores, slag and ash",Eastern Europe,Europe,742745,40.7696272,44.6736646,51.67568633314729,27.673469819741847
2001,2001,Export,Armenia,26,"Ores, slag and ash",Northern America,Americas,5784860,40.7696272,44.6736646,43.897683433510366,-100.08947125585888
2001,2001,Export,Armenia,26,"Ores, slag and ash",Southern Asia,Asia,735818,40.7696272,44.6736646,25.499703063807168,75.5024015339642
2001,2001,Export,Armenia,26,"Ores, slag and ash",Southern Europe,Europe,1055000,40.7696272,44.6736646,40.12399607988535,20.742583178432696
2001,2001,Export,Armenia,26,"Ores, slag and ash",Western Europe,Europe,10532938,40.7696272,44.6736646,47.92172048214207,7.866753258497997
2001,2001,Export,Armenia,26,"Ores, slag and ash",World,World,20492465,40.7696272,44.6736646,,
