yr,periodDesc,rgDesc,rtTitle,cmdCode,cmdDescE,Subregion,Region,TradeValue,rtLat,rtLon,ptLon,ptLat
2018,2018,Export,Armenia,72,Iron and steel,Eastern Europe,Europe,2352756,40.7696272,44.6736646,51.67568633314729,27.673469819741847
2018,2018,Export,Armenia,72,Iron and steel,Latin America and the Caribbean,Americas,64315,40.7696272,44.6736646,17.925141963241547,-78.01492950057497
2018,2018,Export,Armenia,72,Iron and steel,Northern Europe,Europe,235967,40.7696272,44.6736646,59.36075159783851,25.01346951967388
2018,2018,Export,Armenia,72,Iron and steel,Southern Asia,Asia,69045,40.7696272,44.6736646,25.499703063807168,75.5024015339642
2018,2018,Export,Armenia,72,Iron and steel,Western Europe,Europe,123676446,40.7696272,44.6736646,47.92172048214207,7.866753258497997
2018,2018,Export,Armenia,72,Iron and steel,World,World,126470707,40.7696272,44.6736646,,
