yr,periodDesc,rgDesc,rtTitle,ptTitle,cmdCode,cmdDescE,TradeValue,Unnamed: 0,rtLat,rtLon,ptLat,ptLon
2003,2003.0,Re-Export,Armenia,World,54.0,Man-made filaments,3457211.0,,40.7696272,44.6736646,-36.8535712,174.7456809
2003,2003.0,Re-Export,Armenia,Bulgaria,54.0,Man-made filaments,1674.0,,40.7696272,44.6736646,42.6073975,25.4856617
2003,2003.0,Re-Export,Armenia,Canada,54.0,Man-made filaments,1144.0,,40.7696272,44.6736646,61.0666922,-107.991707
2003,2003.0,Re-Export,Armenia,China,54.0,Man-made filaments,55669.0,,40.7696272,44.6736646,35.000074,104.999927
2003,2003.0,Re-Export,Armenia,France,54.0,Man-made filaments,26359.0,,40.7696272,44.6736646,46.603354,1.8883335
2003,2003.0,Re-Export,Armenia,Panama,54.0,Man-made filaments,120748.0,,40.7696272,44.6736646,8.559559,-81.1308434
2003,2003.0,Re-Export,Armenia,USA,54.0,Man-made filaments,3251617.0,,40.7696272,44.6736646,39.7837304,-100.445882
