yr,periodDesc,rgDesc,rtTitle,cmdCode,cmdDescE,Subregion,Region,TradeValue,rtLat,rtLon,ptLon,ptLat
2019,2019,Import,Armenia,1,Animals; live,Central Asia,Asia,6997,40.7696272,44.6736646,39.89317229901691,61.060280637304274
2019,2019,Import,Armenia,1,Animals; live,Eastern Asia,Asia,4355,40.7696272,44.6736646,37.977378106878206,73.97804075806764
2019,2019,Import,Armenia,1,Animals; live,Eastern Europe,Europe,1825677,40.7696272,44.6736646,51.67568633314729,27.673469819741847
2019,2019,Import,Armenia,1,Animals; live,Latin America and the Caribbean,Americas,21374,40.7696272,44.6736646,17.925141963241547,-78.01492950057497
2019,2019,Import,Armenia,1,Animals; live,Northern Europe,Europe,335345,40.7696272,44.6736646,59.36075159783851,25.01346951967388
2019,2019,Import,Armenia,1,Animals; live,Southern Asia,Asia,519359,40.7696272,44.6736646,25.499703063807168,75.5024015339642
2019,2019,Import,Armenia,1,Animals; live,Sub-Saharan Africa,Africa,4900,40.7696272,44.6736646,6.06272746187266,22.727528470146083
2019,2019,Import,Armenia,1,Animals; live,Western Europe,Europe,1374128,40.7696272,44.6736646,47.92172048214207,7.866753258497997
2019,2019,Import,Armenia,1,Animals; live,World,World,6524736,40.7696272,44.6736646,,
