yr,periodDesc,rgDesc,rtTitle,cmdCode,cmdDescE,Subregion,Region,TradeValue,rtLat,rtLon,ptLon,ptLat
2002,2002,Export,Armenia,31,Fertilizers,Northern Europe,Europe,585,40.7696272,44.6736646,59.36075159783851,25.01346951967388
2002,2002,Export,Armenia,31,Fertilizers,Sub-Saharan Africa,Africa,1112,40.7696272,44.6736646,6.06272746187266,22.727528470146083
2002,2002,Export,Armenia,31,Fertilizers,Western Europe,Europe,11310,40.7696272,44.6736646,47.92172048214207,7.866753258497997
2002,2002,Export,Armenia,31,Fertilizers,World,World,13007,40.7696272,44.6736646,,
