yr,periodDesc,rgDesc,rtTitle,cmdCode,cmdDescE,Subregion,Region,TradeValue,rtLat,rtLon,ptLon,ptLat
2002,2002,Import,Armenia,1,Live animals,Eastern Europe,Europe,383518,40.7696272,44.6736646,51.67568633314729,27.673469819741847
2002,2002,Import,Armenia,1,Live animals,Southern Asia,Asia,404556,40.7696272,44.6736646,25.499703063807168,75.5024015339642
2002,2002,Import,Armenia,1,Live animals,Western Asia,Asia,596640,40.7696272,44.6736646,26.42921218083572,52.86847103284948
2002,2002,Import,Armenia,1,Live animals,Western Europe,Europe,58738,40.7696272,44.6736646,47.92172048214207,7.866753258497997
2002,2002,Import,Armenia,1,Live animals,World,World,1450952,40.7696272,44.6736646,,
