yr,periodDesc,rgDesc,rtTitle,cmdCode,cmdDescE,Subregion,Region,TradeValue,rtLat,rtLon,ptLon,ptLat
2020,2020,Export,Armenia,9,"Coffee, tea, mate and spices",Central Asia,Asia,7120,40.7696272,44.6736646,39.89317229901691,61.060280637304274
2020,2020,Export,Armenia,9,"Coffee, tea, mate and spices",Eastern Europe,Europe,4188743,40.7696272,44.6736646,51.67568633314729,27.673469819741847
2020,2020,Export,Armenia,9,"Coffee, tea, mate and spices",Northern America,Americas,42620,40.7696272,44.6736646,43.897683433510366,-100.08947125585888
2020,2020,Export,Armenia,9,"Coffee, tea, mate and spices",Northern Europe,Europe,11716,40.7696272,44.6736646,59.36075159783851,25.01346951967388
2020,2020,Export,Armenia,9,"Coffee, tea, mate and spices",Western Europe,Europe,35354,40.7696272,44.6736646,47.92172048214207,7.866753258497997
2020,2020,Export,Armenia,9,"Coffee, tea, mate and spices",World,World,5056186,40.7696272,44.6736646,,
