yr,periodDesc,rgDesc,rtTitle,cmdCode,cmdDescE,Subregion,Region,TradeValue,rtLat,rtLon,ptLon,ptLat
2020,2020,Import,Armenia,78,Lead and articles thereof,Eastern Asia,Asia,193,40.7696272,44.6736646,37.977378106878206,73.97804075806764
2020,2020,Import,Armenia,78,Lead and articles thereof,Eastern Europe,Europe,304534,40.7696272,44.6736646,51.67568633314729,27.673469819741847
2020,2020,Import,Armenia,78,Lead and articles thereof,Northern America,Americas,330,40.7696272,44.6736646,43.897683433510366,-100.08947125585888
2020,2020,Import,Armenia,78,Lead and articles thereof,Northern Europe,Europe,30,40.7696272,44.6736646,59.36075159783851,25.01346951967388
2020,2020,Import,Armenia,78,Lead and articles thereof,Southern Europe,Europe,1010,40.7696272,44.6736646,40.12399607988535,20.742583178432696
2020,2020,Import,Armenia,78,Lead and articles thereof,Western Asia,Asia,2628,40.7696272,44.6736646,26.42921218083572,52.86847103284948
2020,2020,Import,Armenia,78,Lead and articles thereof,Western Europe,Europe,4273,40.7696272,44.6736646,47.92172048214207,7.866753258497997
2020,2020,Import,Armenia,78,Lead and articles thereof,World,World,314046,40.7696272,44.6736646,,
