yr,periodDesc,rgDesc,rtTitle,cmdCode,cmdDescE,Subregion,Region,TradeValue,rtLat,rtLon,ptLon,ptLat
2016,2016,Export,Armenia,40,Rubber and articles thereof,Central Asia,Asia,2598,40.7696272,44.6736646,39.89317229901691,61.060280637304274
2016,2016,Export,Armenia,40,Rubber and articles thereof,Eastern Europe,Europe,58151,40.7696272,44.6736646,51.67568633314729,27.673469819741847
2016,2016,Export,Armenia,40,Rubber and articles thereof,Latin America and the Caribbean,Americas,148027,40.7696272,44.6736646,17.925141963241547,-78.01492950057497
2016,2016,Export,Armenia,40,Rubber and articles thereof,Northern America,Americas,56,40.7696272,44.6736646,43.897683433510366,-100.08947125585888
2016,2016,Export,Armenia,40,Rubber and articles thereof,Southern Asia,Asia,1356,40.7696272,44.6736646,25.499703063807168,75.5024015339642
2016,2016,Export,Armenia,40,Rubber and articles thereof,World,World,319499,40.7696272,44.6736646,,
