yr,periodDesc,rgDesc,rtTitle,cmdCode,cmdDescE,Subregion,Region,TradeValue,rtLat,rtLon,ptLon,ptLat
2002,2002,Export,Armenia,70,Glass and glassware,Central Asia,Asia,9748,40.7696272,44.6736646,39.89317229901691,61.060280637304274
2002,2002,Export,Armenia,70,Glass and glassware,Eastern Europe,Europe,120222,40.7696272,44.6736646,51.67568633314729,27.673469819741847
2002,2002,Export,Armenia,70,Glass and glassware,Northern America,Americas,38112,40.7696272,44.6736646,43.897683433510366,-100.08947125585888
2002,2002,Export,Armenia,70,Glass and glassware,Northern Europe,Europe,1188,40.7696272,44.6736646,59.36075159783851,25.01346951967388
2002,2002,Export,Armenia,70,Glass and glassware,Southern Asia,Asia,3777,40.7696272,44.6736646,25.499703063807168,75.5024015339642
2002,2002,Export,Armenia,70,Glass and glassware,Western Europe,Europe,86,40.7696272,44.6736646,47.92172048214207,7.866753258497997
2002,2002,Export,Armenia,70,Glass and glassware,World,World,753782,40.7696272,44.6736646,,
2002,2002,Export,Armenia,70,Glass and glassware,Cyprus, Cyprus,14090,40.7696272,44.6736646,,
2002,2002,Export,Armenia,70,Glass and glassware,Georgia, Georgia,566559,40.7696272,44.6736646,,
