yr,periodDesc,rgDesc,rtTitle,cmdCode,cmdDescE,Subregion,Region,TradeValue,rtLat,rtLon,ptLon,ptLat
2015,2015,Import,Armenia,45,Cork and articles of cork,Eastern Asia,Asia,39146,40.7696272,44.6736646,37.977378106878206,73.97804075806764
2015,2015,Import,Armenia,45,Cork and articles of cork,Eastern Europe,Europe,42994,40.7696272,44.6736646,51.67568633314729,27.673469819741847
2015,2015,Import,Armenia,45,Cork and articles of cork,Northern Europe,Europe,10,40.7696272,44.6736646,59.36075159783851,25.01346951967388
2015,2015,Import,Armenia,45,Cork and articles of cork,South-eastern Asia,Asia,15,40.7696272,44.6736646,10.528384761701911,103.08333472012376
2015,2015,Import,Armenia,45,Cork and articles of cork,Southern Europe,Europe,930355,40.7696272,44.6736646,40.12399607988535,20.742583178432696
2015,2015,Import,Armenia,45,Cork and articles of cork,Western Europe,Europe,2282677,40.7696272,44.6736646,47.92172048214207,7.866753258497997
2015,2015,Import,Armenia,45,Cork and articles of cork,World,World,3295199,40.7696272,44.6736646,,
