yr,periodDesc,rgDesc,rtTitle,cmdCode,cmdDescE,Subregion,Region,TradeValue,rtLat,rtLon,ptLon,ptLat
2012,2012,Import,Armenia,78,Lead and articles thereof,Eastern Asia,Asia,649,40.7696272,44.6736646,37.977378106878206,73.97804075806764
2012,2012,Import,Armenia,78,Lead and articles thereof,Eastern Europe,Europe,22299,40.7696272,44.6736646,51.67568633314729,27.673469819741847
2012,2012,Import,Armenia,78,Lead and articles thereof,Northern America,Americas,97,40.7696272,44.6736646,43.897683433510366,-100.08947125585888
2012,2012,Import,Armenia,78,Lead and articles thereof,Southern Europe,Europe,170315,40.7696272,44.6736646,40.12399607988535,20.742583178432696
2012,2012,Import,Armenia,78,Lead and articles thereof,Western Europe,Europe,3683,40.7696272,44.6736646,47.92172048214207,7.866753258497997
2012,2012,Import,Armenia,78,Lead and articles thereof,World,World,223277,40.7696272,44.6736646,,
