yr,periodDesc,rgDesc,rtTitle,cmdCode,cmdDescE,Subregion,Region,TradeValue,rtLat,rtLon,ptLon,ptLat
2018,2018,Import,Armenia,26,"Ores, slag and ash",Central Asia,Asia,1,40.7696272,44.6736646,39.89317229901691,61.060280637304274
2018,2018,Import,Armenia,26,"Ores, slag and ash",Eastern Europe,Europe,591229,40.7696272,44.6736646,51.67568633314729,27.673469819741847
2018,2018,Import,Armenia,26,"Ores, slag and ash",Northern America,Americas,10542,40.7696272,44.6736646,43.897683433510366,-100.08947125585888
2018,2018,Import,Armenia,26,"Ores, slag and ash",Northern Europe,Europe,106534,40.7696272,44.6736646,59.36075159783851,25.01346951967388
2018,2018,Import,Armenia,26,"Ores, slag and ash",Southern Asia,Asia,1366990,40.7696272,44.6736646,25.499703063807168,75.5024015339642
2018,2018,Import,Armenia,26,"Ores, slag and ash",Western Europe,Europe,103260,40.7696272,44.6736646,47.92172048214207,7.866753258497997
2018,2018,Import,Armenia,26,"Ores, slag and ash",World,World,2181464,40.7696272,44.6736646,,
