yr,periodDesc,rgDesc,rtTitle,cmdCode,cmdDescE,Subregion,Region,TradeValue,rtLat,rtLon,ptLon,ptLat
2013,2013,Import,Azerbaijan,26,"Ores, slag and ash",Eastern Europe,Europe,1298229,40.3936294,47.7872508,51.67568633314729,27.673469819741847
2013,2013,Import,Azerbaijan,26,"Ores, slag and ash",Northern America,Americas,2232,40.3936294,47.7872508,43.897683433510366,-100.08947125585888
2013,2013,Import,Azerbaijan,26,"Ores, slag and ash",Southern Asia,Asia,8160973,40.3936294,47.7872508,25.499703063807168,75.5024015339642
2013,2013,Import,Azerbaijan,26,"Ores, slag and ash",Sub-Saharan Africa,Africa,88463,40.3936294,47.7872508,6.06272746187266,22.727528470146083
2013,2013,Import,Azerbaijan,26,"Ores, slag and ash",Western Asia,Asia,185890,40.3936294,47.7872508,26.42921218083572,52.86847103284948
2013,2013,Import,Azerbaijan,26,"Ores, slag and ash",Western Europe,Europe,530512,40.3936294,47.7872508,47.92172048214207,7.866753258497997
2013,2013,Import,Azerbaijan,26,"Ores, slag and ash",World,World,10470779,40.3936294,47.7872508,,
