yr,periodDesc,rgDesc,rtTitle,cmdCode,cmdDescE,Subregion,Region,TradeValue,rtLat,rtLon,ptLon,ptLat
2008,2008,Import,Azerbaijan,45,Cork and articles of cork,Eastern Asia,Asia,16830,40.3936294,47.7872508,37.977378106878206,73.97804075806764
2008,2008,Import,Azerbaijan,45,Cork and articles of cork,Eastern Europe,Europe,11370,40.3936294,47.7872508,51.67568633314729,27.673469819741847
2008,2008,Import,Azerbaijan,45,Cork and articles of cork,Southern Asia,Asia,557575,40.3936294,47.7872508,25.499703063807168,75.5024015339642
2008,2008,Import,Azerbaijan,45,Cork and articles of cork,Southern Europe,Europe,393522,40.3936294,47.7872508,40.12399607988535,20.742583178432696
2008,2008,Import,Azerbaijan,45,Cork and articles of cork,Western Asia,Asia,442501,40.3936294,47.7872508,26.42921218083572,52.86847103284948
2008,2008,Import,Azerbaijan,45,Cork and articles of cork,Western Europe,Europe,32936,40.3936294,47.7872508,47.92172048214207,7.866753258497997
2008,2008,Import,Azerbaijan,45,Cork and articles of cork,World,World,1458234,40.3936294,47.7872508,,
