yr,periodDesc,rgDesc,rtTitle,ptTitle,cmdCode,cmdDescE,TradeValue,Unnamed: 0,rtLat,rtLon,ptLat,ptLon
2005,2005.0,Export,Azerbaijan,World,50.0,Silk,605079.0,,40.3936294,47.7872508,-36.8535712,174.7456809
2005,2005.0,Export,Azerbaijan,China,50.0,Silk,154069.0,,40.3936294,47.7872508,35.000074,104.999927
2005,2005.0,Export,Azerbaijan,Iran,50.0,Silk,451010.0,,40.3936294,47.7872508,32.6475314,54.5643516
