yr,periodDesc,rgDesc,rtTitle,cmdCode,cmdDescE,Subregion,Region,TradeValue,rtLat,rtLon,ptLon,ptLat
2005,2005,Import,Azerbaijan,55,Man-made staple fibers,Eastern Asia,Asia,301310,40.3936294,47.7872508,37.977378106878206,73.97804075806764
2005,2005,Import,Azerbaijan,55,Man-made staple fibers,Eastern Europe,Europe,111310,40.3936294,47.7872508,51.67568633314729,27.673469819741847
2005,2005,Import,Azerbaijan,55,Man-made staple fibers,Latin America and the Caribbean,Americas,611916,40.3936294,47.7872508,17.925141963241547,-78.01492950057497
2005,2005,Import,Azerbaijan,55,Man-made staple fibers,Northern America,Americas,23610,40.3936294,47.7872508,43.897683433510366,-100.08947125585888
2005,2005,Import,Azerbaijan,55,Man-made staple fibers,Northern Europe,Europe,19696,40.3936294,47.7872508,59.36075159783851,25.01346951967388
2005,2005,Import,Azerbaijan,55,Man-made staple fibers,Southern Asia,Asia,10775,40.3936294,47.7872508,25.499703063807168,75.5024015339642
2005,2005,Import,Azerbaijan,55,Man-made staple fibers,Southern Europe,Europe,1775,40.3936294,47.7872508,40.12399607988535,20.742583178432696
2005,2005,Import,Azerbaijan,55,Man-made staple fibers,Western Asia,Asia,233704,40.3936294,47.7872508,26.42921218083572,52.86847103284948
2005,2005,Import,Azerbaijan,55,Man-made staple fibers,Western Europe,Europe,308185,40.3936294,47.7872508,47.92172048214207,7.866753258497997
2005,2005,Import,Azerbaijan,55,Man-made staple fibers,World,World,1637787,40.3936294,47.7872508,,
2005,2005,Import,Azerbaijan,55,Man-made staple fibers, Israel, Israel,8113,40.3936294,47.7872508,,
2005,2005,Import,Azerbaijan,55,Man-made staple fibers, United Arab Emirates, United Arab Emirates,113,40.3936294,47.7872508,,
