yr,periodDesc,rgDesc,rtTitle,ptTitle,cmdCode,cmdDescE,TradeValue,Unnamed: 0,rtLat,rtLon,ptLat,ptLon
2006,2006.0,Import,Azerbaijan,World,50.0,Silk,1328268.0,,40.3936294,47.7872508,-36.8535712,174.7456809
2006,2006.0,Import,Azerbaijan,Iran,50.0,Silk,260143.0,,40.3936294,47.7872508,32.6475314,54.5643516
2006,2006.0,Import,Azerbaijan,Turkey,50.0,Silk,1474.0,,40.3936294,47.7872508,38.9597594,34.9249653
2006,2006.0,Import,Azerbaijan,Uzbekistan,50.0,Silk,1066652.0,,40.3936294,47.7872508,41.32373,63.9528098
