yr,periodDesc,rgDesc,rtTitle,cmdCode,cmdDescE,Subregion,Region,TradeValue,rtLat,rtLon,ptLon,ptLat
2020,2020,Import,Azerbaijan,26,"Ores, slag and ash",Eastern Europe,Europe,488622,40.3936294,47.7872508,51.67568633314729,27.673469819741847
2020,2020,Import,Azerbaijan,26,"Ores, slag and ash",Southern Asia,Asia,15888,40.3936294,47.7872508,25.499703063807168,75.5024015339642
2020,2020,Import,Azerbaijan,26,"Ores, slag and ash",Western Asia,Asia,21083,40.3936294,47.7872508,26.42921218083572,52.86847103284948
2020,2020,Import,Azerbaijan,26,"Ores, slag and ash",Western Europe,Europe,2460,40.3936294,47.7872508,47.92172048214207,7.866753258497997
2020,2020,Import,Azerbaijan,26,"Ores, slag and ash",World,World,528913,40.3936294,47.7872508,,
