yr,periodDesc,rgDesc,rtTitle,cmdCode,cmdDescE,Subregion,Region,TradeValue,rtLat,rtLon,ptLon,ptLat
1999,1999,Import,Azerbaijan,74,Copper and articles thereof,Central Asia,Asia,869,40.3936294,47.7872508,39.89317229901691,61.060280637304274
1999,1999,Import,Azerbaijan,74,Copper and articles thereof,Eastern Asia,Asia,569,40.3936294,47.7872508,37.977378106878206,73.97804075806764
1999,1999,Import,Azerbaijan,74,Copper and articles thereof,Eastern Europe,Europe,36857,40.3936294,47.7872508,51.67568633314729,27.673469819741847
1999,1999,Import,Azerbaijan,74,Copper and articles thereof,Northern Europe,Europe,3269,40.3936294,47.7872508,59.36075159783851,25.01346951967388
1999,1999,Import,Azerbaijan,74,Copper and articles thereof,South-eastern Asia,Asia,899,40.3936294,47.7872508,10.528384761701911,103.08333472012376
1999,1999,Import,Azerbaijan,74,Copper and articles thereof,Southern Asia,Asia,19918,40.3936294,47.7872508,25.499703063807168,75.5024015339642
1999,1999,Import,Azerbaijan,74,Copper and articles thereof,Southern Europe,Europe,49907,40.3936294,47.7872508,40.12399607988535,20.742583178432696
1999,1999,Import,Azerbaijan,74,Copper and articles thereof,Western Asia,Asia,35605,40.3936294,47.7872508,26.42921218083572,52.86847103284948
1999,1999,Import,Azerbaijan,74,Copper and articles thereof,Western Europe,Europe,30716,40.3936294,47.7872508,47.92172048214207,7.866753258497997
1999,1999,Import,Azerbaijan,74,Copper and articles thereof,World,World,201143,40.3936294,47.7872508,,
