yr,periodDesc,rgDesc,rtTitle,cmdCode,cmdDescE,Subregion,Region,TradeValue,rtLat,rtLon,ptLon,ptLat
2017,2017,Export,Azerbaijan,1,Animals; live,Central Asia,Asia,1355588,40.3936294,47.7872508,39.89317229901691,61.060280637304274
2017,2017,Export,Azerbaijan,1,Animals; live,Eastern Europe,Europe,4240,40.3936294,47.7872508,51.67568633314729,27.673469819741847
2017,2017,Export,Azerbaijan,1,Animals; live,Northern Europe,Europe,1,40.3936294,47.7872508,59.36075159783851,25.01346951967388
2017,2017,Export,Azerbaijan,1,Animals; live,Southern Europe,Europe,55205,40.3936294,47.7872508,40.12399607988535,20.742583178432696
2017,2017,Export,Azerbaijan,1,Animals; live,Western Asia,Asia,21880,40.3936294,47.7872508,26.42921218083572,52.86847103284948
2017,2017,Export,Azerbaijan,1,Animals; live,World,World,1650355,40.3936294,47.7872508,,
2017,2017,Export,Azerbaijan,1,Animals; live,Georgia, Georgia,213440,40.3936294,47.7872508,,
