yr,periodDesc,rgDesc,rtTitle,cmdCode,cmdDescE,Subregion,Region,TradeValue,rtLat,rtLon,ptLon,ptLat
2018,2018,Export,Azerbaijan,18,Cocoa and cocoa preparations,Central Asia,Asia,92780,40.3936294,47.7872508,39.89317229901691,61.060280637304274
2018,2018,Export,Azerbaijan,18,Cocoa and cocoa preparations,Eastern Asia,Asia,62500,40.3936294,47.7872508,37.977378106878206,73.97804075806764
2018,2018,Export,Azerbaijan,18,Cocoa and cocoa preparations,Eastern Europe,Europe,1756086,40.3936294,47.7872508,51.67568633314729,27.673469819741847
2018,2018,Export,Azerbaijan,18,Cocoa and cocoa preparations,Northern America,Americas,1980,40.3936294,47.7872508,43.897683433510366,-100.08947125585888
2018,2018,Export,Azerbaijan,18,Cocoa and cocoa preparations,Northern Europe,Europe,36867,40.3936294,47.7872508,59.36075159783851,25.01346951967388
2018,2018,Export,Azerbaijan,18,Cocoa and cocoa preparations,South-eastern Asia,Asia,37569,40.3936294,47.7872508,10.528384761701911,103.08333472012376
2018,2018,Export,Azerbaijan,18,Cocoa and cocoa preparations,Southern Asia,Asia,86615,40.3936294,47.7872508,25.499703063807168,75.5024015339642
2018,2018,Export,Azerbaijan,18,Cocoa and cocoa preparations,Western Asia,Asia,227936,40.3936294,47.7872508,26.42921218083572,52.86847103284948
2018,2018,Export,Azerbaijan,18,Cocoa and cocoa preparations,World,World,3784350,40.3936294,47.7872508,,
