yr,periodDesc,rgDesc,rtTitle,cmdCode,cmdDescE,Subregion,Region,TradeValue,rtLat,rtLon,ptLon,ptLat
2019,2019,Export,Azerbaijan,78,Lead and articles thereof,Eastern Europe,Europe,76818,40.3936294,47.7872508,51.67568633314729,27.673469819741847
2019,2019,Export,Azerbaijan,78,Lead and articles thereof,Northern Europe,Europe,40803,40.3936294,47.7872508,59.36075159783851,25.01346951967388
2019,2019,Export,Azerbaijan,78,Lead and articles thereof,South-eastern Asia,Asia,192000,40.3936294,47.7872508,10.528384761701911,103.08333472012376
2019,2019,Export,Azerbaijan,78,Lead and articles thereof,Southern Asia,Asia,96000,40.3936294,47.7872508,25.499703063807168,75.5024015339642
2019,2019,Export,Azerbaijan,78,Lead and articles thereof,Western Asia,Asia,7450811,40.3936294,47.7872508,26.42921218083572,52.86847103284948
2019,2019,Export,Azerbaijan,78,Lead and articles thereof,Western Europe,Europe,727,40.3936294,47.7872508,47.92172048214207,7.866753258497997
2019,2019,Export,Azerbaijan,78,Lead and articles thereof,World,World,12124568,40.3936294,47.7872508,,
