yr,periodDesc,rgDesc,rtTitle,cmdCode,cmdDescE,Subregion,Region,TradeValue,rtLat,rtLon,ptLon,ptLat
2003,2003,Export,Azerbaijan,72,Iron and steel,Central Asia,Asia,250455,40.3936294,47.7872508,39.89317229901691,61.060280637304274
2003,2003,Export,Azerbaijan,72,Iron and steel,Eastern Europe,Europe,13600,40.3936294,47.7872508,51.67568633314729,27.673469819741847
2003,2003,Export,Azerbaijan,72,Iron and steel,Southern Asia,Asia,22354957,40.3936294,47.7872508,25.499703063807168,75.5024015339642
2003,2003,Export,Azerbaijan,72,Iron and steel,Western Asia,Asia,29,40.3936294,47.7872508,26.42921218083572,52.86847103284948
2003,2003,Export,Azerbaijan,72,Iron and steel,World,World,25615853,40.3936294,47.7872508,,
