yr,periodDesc,rgDesc,rtTitle,cmdCode,cmdDescE,Subregion,Region,TradeValue,rtLat,rtLon,ptLon,ptLat
2017,2017,Import,Azerbaijan,80,Tin; articles thereof,Eastern Asia,Asia,2454,40.3936294,47.7872508,37.977378106878206,73.97804075806764
2017,2017,Import,Azerbaijan,80,Tin; articles thereof,Eastern Europe,Europe,1396,40.3936294,47.7872508,51.67568633314729,27.673469819741847
2017,2017,Import,Azerbaijan,80,Tin; articles thereof,Northern America,Americas,47,40.3936294,47.7872508,43.897683433510366,-100.08947125585888
2017,2017,Import,Azerbaijan,80,Tin; articles thereof,Northern Europe,Europe,48987,40.3936294,47.7872508,59.36075159783851,25.01346951967388
2017,2017,Import,Azerbaijan,80,Tin; articles thereof,South-eastern Asia,Asia,3184,40.3936294,47.7872508,10.528384761701911,103.08333472012376
2017,2017,Import,Azerbaijan,80,Tin; articles thereof,Southern Europe,Europe,6239,40.3936294,47.7872508,40.12399607988535,20.742583178432696
2017,2017,Import,Azerbaijan,80,Tin; articles thereof,Western Asia,Asia,8608,40.3936294,47.7872508,26.42921218083572,52.86847103284948
2017,2017,Import,Azerbaijan,80,Tin; articles thereof,Western Europe,Europe,3597,40.3936294,47.7872508,47.92172048214207,7.866753258497997
2017,2017,Import,Azerbaijan,80,Tin; articles thereof,World,World,74519,40.3936294,47.7872508,,
