yr,periodDesc,rgDesc,rtTitle,ptTitle,cmdCode,cmdDescE,TradeValue,Unnamed: 0,rtLat,rtLon,ptLat,ptLon
2005,2005.0,Import,Azerbaijan,World,45.0,Cork and articles of cork,176736.0,,40.3936294,47.7872508,-36.8535712,174.7456809
2005,2005.0,Import,Azerbaijan,Bulgaria,45.0,Cork and articles of cork,5525.0,,40.3936294,47.7872508,42.6073975,25.4856617
2005,2005.0,Import,Azerbaijan,France,45.0,Cork and articles of cork,4204.0,,40.3936294,47.7872508,46.603354,1.8883335
2005,2005.0,Import,Azerbaijan,Germany,45.0,Cork and articles of cork,9942.0,,40.3936294,47.7872508,51.1638175,10.4478313
2005,2005.0,Import,Azerbaijan,Netherlands,45.0,Cork and articles of cork,49.0,,40.3936294,47.7872508,52.2434979,5.6343227
2005,2005.0,Import,Azerbaijan,Portugal,45.0,Cork and articles of cork,151008.0,,40.3936294,47.7872508,39.6621648,-8.1353519
2005,2005.0,Import,Azerbaijan,India,45.0,Cork and articles of cork,436.0,,40.3936294,47.7872508,22.3511148,78.6677428
2005,2005.0,Import,Azerbaijan,Turkey,45.0,Cork and articles of cork,894.0,,40.3936294,47.7872508,38.9597594,34.9249653
2005,2005.0,Import,Azerbaijan,United Kingdom,45.0,Cork and articles of cork,4678.0,,40.3936294,47.7872508,54.7023545,-3.2765753
