yr,periodDesc,rgDesc,rtTitle,cmdCode,cmdDescE,Subregion,Region,TradeValue,rtLat,rtLon,ptLon,ptLat
1996,1996,Import,Azerbaijan,79,Zinc and articles thereof,Central Asia,Asia,106610,40.3936294,47.7872508,39.89317229901691,61.060280637304274
1996,1996,Import,Azerbaijan,79,Zinc and articles thereof,Eastern Europe,Europe,16940,40.3936294,47.7872508,51.67568633314729,27.673469819741847
1996,1996,Import,Azerbaijan,79,Zinc and articles thereof,Southern Asia,Asia,1399,40.3936294,47.7872508,25.499703063807168,75.5024015339642
1996,1996,Import,Azerbaijan,79,Zinc and articles thereof,Western Asia,Asia,658869,40.3936294,47.7872508,26.42921218083572,52.86847103284948
1996,1996,Import,Azerbaijan,79,Zinc and articles thereof,World,World,784307,40.3936294,47.7872508,,
