yr,periodDesc,rgDesc,rtTitle,ptTitle,cmdCode,cmdDescE,TradeValue,Unnamed: 0,rtLat,rtLon,ptLat,ptLon
2006,2006.0,Re-Export,Bahrain,World,74.0,Copper and articles thereof,51532.0,,26.1551249,50.5344606,-36.8535712,174.7456809
2006,2006.0,Re-Export,Bahrain,Kuwait,74.0,Copper and articles thereof,9673.0,,26.1551249,50.5344606,29.2733964,47.4979476
2006,2006.0,Re-Export,Bahrain,Malaysia,74.0,Copper and articles thereof,301.0,,26.1551249,50.5344606,4.5693754,102.2656823
2006,2006.0,Re-Export,Bahrain,Qatar,74.0,Copper and articles thereof,3715.0,,26.1551249,50.5344606,25.3336984,51.2295295
2006,2006.0,Re-Export,Bahrain,Saudi Arabia,74.0,Copper and articles thereof,28003.0,,26.1551249,50.5344606,25.6242618,42.3528328
2006,2006.0,Re-Export,Bahrain,Switzerland,74.0,Copper and articles thereof,1197.0,,26.1551249,50.5344606,46.7985624,8.2319736
2006,2006.0,Re-Export,Bahrain,Bunkers,74.0,Copper and articles thereof,8644.0,,26.1551249,50.5344606,42.18544695,-71.13717580263157
