yr,periodDesc,rgDesc,rtTitle,ptTitle,cmdCode,cmdDescE,TradeValue,Unnamed: 0,rtLat,rtLon,ptLat,ptLon
2006,2006.0,Export,Bahrain,World,1.0,Live animals,145165.0,,26.1551249,50.5344606,-36.8535712,174.7456809
2006,2006.0,Export,Bahrain,Kuwait,1.0,Live animals,45479.0,,26.1551249,50.5344606,29.2733964,47.4979476
2006,2006.0,Export,Bahrain,Qatar,1.0,Live animals,67553.0,,26.1551249,50.5344606,25.3336984,51.2295295
2006,2006.0,Export,Bahrain,Russian Federation,1.0,Live animals,351.0,,26.1551249,50.5344606,64.6863136,97.7453061
2006,2006.0,Export,Bahrain,Saudi Arabia,1.0,Live animals,19016.0,,26.1551249,50.5344606,25.6242618,42.3528328
2006,2006.0,Export,Bahrain,United Arab Emirates,1.0,Live animals,12766.0,,26.1551249,50.5344606,24.0002488,53.9994829
