yr,periodDesc,rgDesc,rtTitle,cmdCode,cmdDescE,Subregion,Region,TradeValue,rtLat,rtLon,ptLon,ptLat
2019,2019,Import,Bahrain,26,"Ores, slag and ash",Australia and New Zealand,Oceania,2609,26.1551249,50.5344606,-16.85099460447687,133.4130365630627
2019,2019,Import,Bahrain,26,"Ores, slag and ash",Eastern Asia,Asia,2455333,26.1551249,50.5344606,37.977378106878206,73.97804075806764
2019,2019,Import,Bahrain,26,"Ores, slag and ash",Eastern Europe,Europe,1691,26.1551249,50.5344606,51.67568633314729,27.673469819741847
2019,2019,Import,Bahrain,26,"Ores, slag and ash",Latin America and the Caribbean,Americas,760120141,26.1551249,50.5344606,17.925141963241547,-78.01492950057497
2019,2019,Import,Bahrain,26,"Ores, slag and ash",Northern America,Americas,82545220,26.1551249,50.5344606,43.897683433510366,-100.08947125585888
2019,2019,Import,Bahrain,26,"Ores, slag and ash",Northern Europe,Europe,109101137,26.1551249,50.5344606,59.36075159783851,25.01346951967388
2019,2019,Import,Bahrain,26,"Ores, slag and ash",South-eastern Asia,Asia,104,26.1551249,50.5344606,10.528384761701911,103.08333472012376
2019,2019,Import,Bahrain,26,"Ores, slag and ash",Southern Europe,Europe,172833,26.1551249,50.5344606,40.12399607988535,20.742583178432696
2019,2019,Import,Bahrain,26,"Ores, slag and ash",Sub-Saharan Africa,Africa,32685,26.1551249,50.5344606,6.06272746187266,22.727528470146083
2019,2019,Import,Bahrain,26,"Ores, slag and ash",Western Asia,Asia,6111541,26.1551249,50.5344606,26.42921218083572,52.86847103284948
2019,2019,Import,Bahrain,26,"Ores, slag and ash",Western Europe,Europe,799530,26.1551249,50.5344606,47.92172048214207,7.866753258497997
2019,2019,Import,Bahrain,26,"Ores, slag and ash",World,World,1016673514,26.1551249,50.5344606,,
2019,2019,Import,Bahrain,26,"Ores, slag and ash",Oman, Oman,34658426,26.1551249,50.5344606,,
2019,2019,Import,Bahrain,26,"Ores, slag and ash",Saudi Arabia, Saudi Arabia,1451,26.1551249,50.5344606,,
2019,2019,Import,Bahrain,26,"Ores, slag and ash",United Arab Emirates, United Arab Emirates,50,26.1551249,50.5344606,,
