yr,periodDesc,rgDesc,rtTitle,cmdCode,cmdDescE,Subregion,Region,TradeValue,rtLat,rtLon,ptLon,ptLat
2001,2001,Import,Bahrain,72,Iron and steel,Australia and New Zealand,Oceania,23013,26.1551249,50.5344606,-16.85099460447687,133.4130365630627
2001,2001,Import,Bahrain,72,Iron and steel,Eastern Asia,Asia,3857728,26.1551249,50.5344606,37.977378106878206,73.97804075806764
2001,2001,Import,Bahrain,72,Iron and steel,Eastern Europe,Europe,2806749,26.1551249,50.5344606,51.67568633314729,27.673469819741847
2001,2001,Import,Bahrain,72,Iron and steel,Latin America and the Caribbean,Americas,56274,26.1551249,50.5344606,17.925141963241547,-78.01492950057497
2001,2001,Import,Bahrain,72,Iron and steel,Northern Africa,Africa,60460,26.1551249,50.5344606,19.569604022535763,12.47761721199581
2001,2001,Import,Bahrain,72,Iron and steel,Northern America,Americas,67971,26.1551249,50.5344606,43.897683433510366,-100.08947125585888
2001,2001,Import,Bahrain,72,Iron and steel,Northern Europe,Europe,1303994,26.1551249,50.5344606,59.36075159783851,25.01346951967388
2001,2001,Import,Bahrain,72,Iron and steel,South-eastern Asia,Asia,715813,26.1551249,50.5344606,10.528384761701911,103.08333472012376
2001,2001,Import,Bahrain,72,Iron and steel,Southern Asia,Asia,4809,26.1551249,50.5344606,25.499703063807168,75.5024015339642
2001,2001,Import,Bahrain,72,Iron and steel,Southern Europe,Europe,644302,26.1551249,50.5344606,40.12399607988535,20.742583178432696
2001,2001,Import,Bahrain,72,Iron and steel,Sub-Saharan Africa,Africa,376159,26.1551249,50.5344606,6.06272746187266,22.727528470146083
2001,2001,Import,Bahrain,72,Iron and steel,Western Asia,Asia,2572940,26.1551249,50.5344606,26.42921218083572,52.86847103284948
2001,2001,Import,Bahrain,72,Iron and steel,Western Europe,Europe,2805544,26.1551249,50.5344606,47.92172048214207,7.866753258497997
2001,2001,Import,Bahrain,72,Iron and steel,World,World,42799319,26.1551249,50.5344606,,
