yr,periodDesc,rgDesc,rtTitle,cmdCode,cmdDescE,Subregion,Region,TradeValue,rtLat,rtLon,ptLon,ptLat
2011,2011,Export,Bahrain,10,Cereals,South-eastern Asia,Asia,848,26.1551249,50.5344606,10.528384761701911,103.08333472012376
2011,2011,Export,Bahrain,10,Cereals,Southern Asia,Asia,41415,26.1551249,50.5344606,25.499703063807168,75.5024015339642
2011,2011,Export,Bahrain,10,Cereals,Southern Europe,Europe,532,26.1551249,50.5344606,40.12399607988535,20.742583178432696
2011,2011,Export,Bahrain,10,Cereals,World,World,1036854,26.1551249,50.5344606,,
2011,2011,Export,Bahrain,10,Cereals, Qatar, Qatar,128271,26.1551249,50.5344606,,
2011,2011,Export,Bahrain,10,Cereals, Saudi Arabia, Saudi Arabia,492047,26.1551249,50.5344606,,
2011,2011,Export,Bahrain,10,Cereals, United Arab Emirates, United Arab Emirates,57965,26.1551249,50.5344606,,
