yr,periodDesc,rgDesc,rtTitle,cmdCode,cmdDescE,Subregion,Region,TradeValue,rtLat,rtLon,ptLon,ptLat
2012,2012,Import,Bahrain,31,Fertilisers,Australia and New Zealand,Oceania,14231,26.1551249,50.5344606,-16.85099460447687,133.4130365630627
2012,2012,Import,Bahrain,31,Fertilisers,Eastern Asia,Asia,25904,26.1551249,50.5344606,37.977378106878206,73.97804075806764
2012,2012,Import,Bahrain,31,Fertilisers,Eastern Europe,Europe,221,26.1551249,50.5344606,51.67568633314729,27.673469819741847
2012,2012,Import,Bahrain,31,Fertilisers,Egypt,Egypt,481,26.1551249,50.5344606,,
2012,2012,Import,Bahrain,31,Fertilisers,Northern America,Americas,19066,26.1551249,50.5344606,43.897683433510366,-100.08947125585888
2012,2012,Import,Bahrain,31,Fertilisers,Northern Europe,Europe,256708,26.1551249,50.5344606,59.36075159783851,25.01346951967388
2012,2012,Import,Bahrain,31,Fertilisers,South-eastern Asia,Asia,3122,26.1551249,50.5344606,10.528384761701911,103.08333472012376
2012,2012,Import,Bahrain,31,Fertilisers,Western Europe,Europe,203258,26.1551249,50.5344606,47.92172048214207,7.866753258497997
2012,2012,Import,Bahrain,31,Fertilisers,World,World,6618401,26.1551249,50.5344606,,
2012,2012,Import,Bahrain,31,Fertilisers,Jordan, Jordan,1463253,26.1551249,50.5344606,,
2012,2012,Import,Bahrain,31,Fertilisers,Saudi Arabia, Saudi Arabia,4439950,26.1551249,50.5344606,,
2012,2012,Import,Bahrain,31,Fertilisers,United Arab Emirates, United Arab Emirates,171207,26.1551249,50.5344606,,
