yr,periodDesc,rgDesc,rtTitle,cmdCode,cmdDescE,Subregion,Region,TradeValue,rtLat,rtLon,ptLon,ptLat
2011,2011,Import,Comoros,39,Plastics and articles thereof,Eastern Asia,Asia,245438,-12.2045176,44.2832964,37.977378106878206,73.97804075806764
2011,2011,Import,Comoros,39,Plastics and articles thereof,Latin America and the Caribbean,Americas,70,-12.2045176,44.2832964,17.925141963241547,-78.01492950057497
2011,2011,Import,Comoros,39,Plastics and articles thereof,Northern Africa,Africa,54,-12.2045176,44.2832964,19.569604022535763,12.47761721199581
2011,2011,Import,Comoros,39,Plastics and articles thereof,Northern Europe,Europe,874,-12.2045176,44.2832964,59.36075159783851,25.01346951967388
2011,2011,Import,Comoros,39,Plastics and articles thereof,South-eastern Asia,Asia,54562,-12.2045176,44.2832964,10.528384761701911,103.08333472012376
2011,2011,Import,Comoros,39,Plastics and articles thereof,Sub-Saharan Africa,Africa,320538,-12.2045176,44.2832964,6.06272746187266,22.727528470146083
2011,2011,Import,Comoros,39,Plastics and articles thereof,Western Asia,Asia,35746,-12.2045176,44.2832964,26.42921218083572,52.86847103284948
2011,2011,Import,Comoros,39,Plastics and articles thereof,Western Europe,Europe,323437,-12.2045176,44.2832964,47.92172048214207,7.866753258497997
2011,2011,Import,Comoros,39,Plastics and articles thereof,World,World,2251184,-12.2045176,44.2832964,,
