yr,periodDesc,rgDesc,rtTitle,cmdCode,cmdDescE,Subregion,Region,TradeValue,rtLat,rtLon,ptLon,ptLat
2001,2001,Import,Comoros,72,Iron and steel,South-eastern Asia,Asia,27284,-12.2045176,44.2832964,10.528384761701911,103.08333472012376
2001,2001,Import,Comoros,72,Iron and steel,Sub-Saharan Africa,Africa,24290,-12.2045176,44.2832964,6.06272746187266,22.727528470146083
2001,2001,Import,Comoros,72,Iron and steel,Western Europe,Europe,324630,-12.2045176,44.2832964,47.92172048214207,7.866753258497997
2001,2001,Import,Comoros,72,Iron and steel,World,World,450991,-12.2045176,44.2832964,,
