yr,periodDesc,rgDesc,rtTitle,cmdCode,cmdDescE,Subregion,Region,TradeValue,rtLat,rtLon,ptLon,ptLat
2019,2019,Import,Comoros,96,Miscellaneous manufactured articles,Eastern Asia,Asia,1600850,-12.2045176,44.2832964,37.977378106878206,73.97804075806764
2019,2019,Import,Comoros,96,Miscellaneous manufactured articles,Northern Africa,Africa,598364,-12.2045176,44.2832964,19.569604022535763,12.47761721199581
2019,2019,Import,Comoros,96,Miscellaneous manufactured articles,Northern America,Americas,3024,-12.2045176,44.2832964,43.897683433510366,-100.08947125585888
2019,2019,Import,Comoros,96,Miscellaneous manufactured articles,South-eastern Asia,Asia,244720,-12.2045176,44.2832964,10.528384761701911,103.08333472012376
2019,2019,Import,Comoros,96,Miscellaneous manufactured articles,Southern Europe,Europe,946,-12.2045176,44.2832964,40.12399607988535,20.742583178432696
2019,2019,Import,Comoros,96,Miscellaneous manufactured articles,Sub-Saharan Africa,Africa,11644,-12.2045176,44.2832964,6.06272746187266,22.727528470146083
2019,2019,Import,Comoros,96,Miscellaneous manufactured articles,Western Asia,Asia,196565,-12.2045176,44.2832964,26.42921218083572,52.86847103284948
2019,2019,Import,Comoros,96,Miscellaneous manufactured articles,Western Europe,Europe,128371,-12.2045176,44.2832964,47.92172048214207,7.866753258497997
2019,2019,Import,Comoros,96,Miscellaneous manufactured articles,World,World,3119499,-12.2045176,44.2832964,,
