yr,periodDesc,rgDesc,rtTitle,ptTitle,cmdCode,cmdDescE,TradeValue,Unnamed: 0,rtLat,rtLon,ptLat,ptLon
2018,2018.0,Import,Comoros,World,29.0,Organic chemicals,61182.0,,-12.2045176,44.2832964,-36.8535712,174.7456809
2018,2018.0,Import,Comoros,China,29.0,Organic chemicals,13658.0,,-12.2045176,44.2832964,35.000074,104.999927
2018,2018.0,Import,Comoros,France,29.0,Organic chemicals,3634.0,,-12.2045176,44.2832964,46.603354,1.8883335
2018,2018.0,Import,Comoros,Madagascar,29.0,Organic chemicals,1216.0,,-12.2045176,44.2832964,-18.9249604,46.4416422
2018,2018.0,Import,Comoros,Malaysia,29.0,Organic chemicals,67.0,,-12.2045176,44.2832964,4.5693754,102.2656823
2018,2018.0,Import,Comoros,Netherlands,29.0,Organic chemicals,290.0,,-12.2045176,44.2832964,52.2434979,5.6343227
2018,2018.0,Import,Comoros,India,29.0,Organic chemicals,1254.0,,-12.2045176,44.2832964,22.3511148,78.6677428
2018,2018.0,Import,Comoros,United Arab Emirates,29.0,Organic chemicals,40517.0,,-12.2045176,44.2832964,24.0002488,53.9994829
2018,2018.0,Import,Comoros,United Rep. of Tanzania,29.0,Organic chemicals,543.0,,-12.2045176,44.2832964,,
