yr,periodDesc,rgDesc,rtTitle,cmdCode,cmdDescE,Subregion,Region,TradeValue,rtLat,rtLon,ptLon,ptLat
2015,2015,Import,Comoros,70,Glass and glassware,Eastern Asia,Asia,47577,-12.2045176,44.2832964,37.977378106878206,73.97804075806764
2015,2015,Import,Comoros,70,Glass and glassware,Latin America and the Caribbean,Americas,1983,-12.2045176,44.2832964,17.925141963241547,-78.01492950057497
2015,2015,Import,Comoros,70,Glass and glassware,Northern Africa,Africa,13,-12.2045176,44.2832964,19.569604022535763,12.47761721199581
2015,2015,Import,Comoros,70,Glass and glassware,Northern America,Americas,298,-12.2045176,44.2832964,43.897683433510366,-100.08947125585888
2015,2015,Import,Comoros,70,Glass and glassware,South-eastern Asia,Asia,676,-12.2045176,44.2832964,10.528384761701911,103.08333472012376
2015,2015,Import,Comoros,70,Glass and glassware,Sub-Saharan Africa,Africa,147005,-12.2045176,44.2832964,6.06272746187266,22.727528470146083
2015,2015,Import,Comoros,70,Glass and glassware,Western Europe,Europe,15099,-12.2045176,44.2832964,47.92172048214207,7.866753258497997
2015,2015,Import,Comoros,70,Glass and glassware,World,World,368127,-12.2045176,44.2832964,,
