yr,periodDesc,rgDesc,rtTitle,cmdCode,cmdDescE,Subregion,Region,TradeValue,rtLat,rtLon,ptLon,ptLat
2020,2020,Import,Comoros,38,Chemical products n.e.c.,Eastern Asia,Asia,66197,-12.2045176,44.2832964,37.977378106878206,73.97804075806764
2020,2020,Import,Comoros,38,Chemical products n.e.c.,Northern Europe,Europe,361,-12.2045176,44.2832964,59.36075159783851,25.01346951967388
2020,2020,Import,Comoros,38,Chemical products n.e.c.,South-eastern Asia,Asia,105176,-12.2045176,44.2832964,10.528384761701911,103.08333472012376
2020,2020,Import,Comoros,38,Chemical products n.e.c.,Sub-Saharan Africa,Africa,93771,-12.2045176,44.2832964,6.06272746187266,22.727528470146083
2020,2020,Import,Comoros,38,Chemical products n.e.c.,Western Europe,Europe,141704,-12.2045176,44.2832964,47.92172048214207,7.866753258497997
2020,2020,Import,Comoros,38,Chemical products n.e.c.,World,World,482209,-12.2045176,44.2832964,,
