yr,periodDesc,rgDesc,rtTitle,cmdCode,cmdDescE,Subregion,Region,TradeValue,rtLat,rtLon,ptLon,ptLat
2013,2013,Import,Comoros,50,Silk,Eastern Asia,Asia,946,-12.2045176,44.2832964,37.977378106878206,73.97804075806764
2013,2013,Import,Comoros,50,Silk,Sub-Saharan Africa,Africa,1824,-12.2045176,44.2832964,6.06272746187266,22.727528470146083
2013,2013,Import,Comoros,50,Silk,Western Europe,Europe,189,-12.2045176,44.2832964,47.92172048214207,7.866753258497997
2013,2013,Import,Comoros,50,Silk,World,World,22237,-12.2045176,44.2832964,,
