yr,periodDesc,rgDesc,rtTitle,cmdCode,cmdDescE,Subregion,Region,TradeValue,rtLat,rtLon,ptLon,ptLat
2009,2009,Re-Export,Cyprus,10,Cereals,Northern Europe,Europe,1995,34.9823018,33.1451285,59.36075159783851,25.01346951967388
2009,2009,Re-Export,Cyprus,10,Cereals,Southern Europe,Europe,303553,34.9823018,33.1451285,40.12399607988535,20.742583178432696
2009,2009,Re-Export,Cyprus,10,Cereals,Sub-Saharan Africa,Africa,251,34.9823018,33.1451285,6.06272746187266,22.727528470146083
2009,2009,Re-Export,Cyprus,10,Cereals,World,World,305799,34.9823018,33.1451285,,
