yr,periodDesc,rgDesc,rtTitle,cmdCode,cmdDescE,Subregion,Region,TradeValue,rtLat,rtLon,ptLon,ptLat
1991,1991,Import,Cyprus,29,Organic chemicals,Eastern Asia,Asia,1655225,34.9823018,33.1451285,37.977378106878206,73.97804075806764
1991,1991,Import,Cyprus,29,Organic chemicals,Eastern Europe,Europe,1125939,34.9823018,33.1451285,51.67568633314729,27.673469819741847
1991,1991,Import,Cyprus,29,Organic chemicals,Latin America and the Caribbean,Americas,13061,34.9823018,33.1451285,17.925141963241547,-78.01492950057497
1991,1991,Import,Cyprus,29,Organic chemicals,Northern America,Americas,829769,34.9823018,33.1451285,43.897683433510366,-100.08947125585888
1991,1991,Import,Cyprus,29,Organic chemicals,Northern Europe,Europe,3427458,34.9823018,33.1451285,59.36075159783851,25.01346951967388
1991,1991,Import,Cyprus,29,Organic chemicals,South-eastern Asia,Asia,129139,34.9823018,33.1451285,10.528384761701911,103.08333472012376
1991,1991,Import,Cyprus,29,Organic chemicals,Southern Europe,Europe,5709405,34.9823018,33.1451285,40.12399607988535,20.742583178432696
1991,1991,Import,Cyprus,29,Organic chemicals,Western Europe,Europe,6772011,34.9823018,33.1451285,47.92172048214207,7.866753258497997
1991,1991,Import,Cyprus,29,Organic chemicals,World,World,23855554,34.9823018,33.1451285,,
