yr,periodDesc,rgDesc,rtTitle,cmdCode,cmdDescE,Subregion,Region,TradeValue,rtLat,rtLon,ptLon,ptLat
2017,2017,Import,Cyprus,75,Nickel and articles thereof,Australia and New Zealand,Oceania,1478,34.9823018,33.1451285,-16.85099460447687,133.4130365630627
2017,2017,Import,Cyprus,75,Nickel and articles thereof,Eastern Asia,Asia,1855,34.9823018,33.1451285,37.977378106878206,73.97804075806764
2017,2017,Import,Cyprus,75,Nickel and articles thereof,Northern America,Americas,12872,34.9823018,33.1451285,43.897683433510366,-100.08947125585888
2017,2017,Import,Cyprus,75,Nickel and articles thereof,Northern Europe,Europe,8440,34.9823018,33.1451285,59.36075159783851,25.01346951967388
2017,2017,Import,Cyprus,75,Nickel and articles thereof,Southern Europe,Europe,2290709,34.9823018,33.1451285,40.12399607988535,20.742583178432696
2017,2017,Import,Cyprus,75,Nickel and articles thereof,Western Europe,Europe,56837,34.9823018,33.1451285,47.92172048214207,7.866753258497997
2017,2017,Import,Cyprus,75,Nickel and articles thereof,World,World,2375444,34.9823018,33.1451285,,
