yr,periodDesc,rgDesc,rtTitle,cmdCode,cmdDescE,Subregion,Region,TradeValue,rtLat,rtLon,ptLon,ptLat
2001,2001,Import,Cyprus,80,Tin and articles thereof,Eastern Asia,Asia,49314,34.9823018,33.1451285,37.977378106878206,73.97804075806764
2001,2001,Import,Cyprus,80,Tin and articles thereof,Northern America,Americas,9527,34.9823018,33.1451285,43.897683433510366,-100.08947125585888
2001,2001,Import,Cyprus,80,Tin and articles thereof,Northern Europe,Europe,28120,34.9823018,33.1451285,59.36075159783851,25.01346951967388
2001,2001,Import,Cyprus,80,Tin and articles thereof,South-eastern Asia,Asia,76,34.9823018,33.1451285,10.528384761701911,103.08333472012376
2001,2001,Import,Cyprus,80,Tin and articles thereof,Southern Europe,Europe,38457,34.9823018,33.1451285,40.12399607988535,20.742583178432696
2001,2001,Import,Cyprus,80,Tin and articles thereof,Western Europe,Europe,14420,34.9823018,33.1451285,47.92172048214207,7.866753258497997
2001,2001,Import,Cyprus,80,Tin and articles thereof,World,World,140070,34.9823018,33.1451285,,
