yr,periodDesc,rgDesc,rtTitle,cmdCode,cmdDescE,Subregion,Region,TradeValue,rtLat,rtLon,ptLon,ptLat
2010,2010,Import,Cyprus,39,Plastics and articles thereof,Australia and New Zealand,Oceania,33190,34.9823018,33.1451285,-16.85099460447687,133.4130365630627
2010,2010,Import,Cyprus,39,Plastics and articles thereof,Eastern Asia,Asia,16836354,34.9823018,33.1451285,37.977378106878206,73.97804075806764
2010,2010,Import,Cyprus,39,Plastics and articles thereof,Eastern Europe,Europe,2811387,34.9823018,33.1451285,51.67568633314729,27.673469819741847
2010,2010,Import,Cyprus,39,Plastics and articles thereof,Latin America and the Caribbean,Americas,594810,34.9823018,33.1451285,17.925141963241547,-78.01492950057497
2010,2010,Import,Cyprus,39,Plastics and articles thereof,Northern Africa,Africa,1462595,34.9823018,33.1451285,19.569604022535763,12.47761721199581
2010,2010,Import,Cyprus,39,Plastics and articles thereof,Northern America,Americas,1801372,34.9823018,33.1451285,43.897683433510366,-100.08947125585888
2010,2010,Import,Cyprus,39,Plastics and articles thereof,Northern Europe,Europe,16101407,34.9823018,33.1451285,59.36075159783851,25.01346951967388
2010,2010,Import,Cyprus,39,Plastics and articles thereof,South-eastern Asia,Asia,5159869,34.9823018,33.1451285,10.528384761701911,103.08333472012376
2010,2010,Import,Cyprus,39,Plastics and articles thereof,Southern Asia,Asia,284189,34.9823018,33.1451285,25.499703063807168,75.5024015339642
2010,2010,Import,Cyprus,39,Plastics and articles thereof,Southern Europe,Europe,91341421,34.9823018,33.1451285,40.12399607988535,20.742583178432696
2010,2010,Import,Cyprus,39,Plastics and articles thereof,Sub-Saharan Africa,Africa,452877,34.9823018,33.1451285,6.06272746187266,22.727528470146083
2010,2010,Import,Cyprus,39,Plastics and articles thereof,Western Asia,Asia,768947,34.9823018,33.1451285,26.42921218083572,52.86847103284948
2010,2010,Import,Cyprus,39,Plastics and articles thereof,Western Europe,Europe,52803940,34.9823018,33.1451285,47.92172048214207,7.866753258497997
2010,2010,Import,Cyprus,39,Plastics and articles thereof,World,World,221589960,34.9823018,33.1451285,,
