yr,periodDesc,rgDesc,rtTitle,cmdCode,cmdDescE,Subregion,Region,TradeValue,rtLat,rtLon,ptLon,ptLat
2016,2016,Import,Cyprus,83,Metal; miscellaneous products of base metal,Australia and New Zealand,Oceania,15562,34.9823018,33.1451285,-16.85099460447687,133.4130365630627
2016,2016,Import,Cyprus,83,Metal; miscellaneous products of base metal,Eastern Asia,Asia,3994744,34.9823018,33.1451285,37.977378106878206,73.97804075806764
2016,2016,Import,Cyprus,83,Metal; miscellaneous products of base metal,Eastern Europe,Europe,548647,34.9823018,33.1451285,51.67568633314729,27.673469819741847
2016,2016,Import,Cyprus,83,Metal; miscellaneous products of base metal,Latin America and the Caribbean,Americas,255,34.9823018,33.1451285,17.925141963241547,-78.01492950057497
2016,2016,Import,Cyprus,83,Metal; miscellaneous products of base metal,Northern Africa,Africa,20512,34.9823018,33.1451285,19.569604022535763,12.47761721199581
2016,2016,Import,Cyprus,83,Metal; miscellaneous products of base metal,Northern America,Americas,137409,34.9823018,33.1451285,43.897683433510366,-100.08947125585888
2016,2016,Import,Cyprus,83,Metal; miscellaneous products of base metal,Northern Europe,Europe,702371,34.9823018,33.1451285,59.36075159783851,25.01346951967388
2016,2016,Import,Cyprus,83,Metal; miscellaneous products of base metal,South-eastern Asia,Asia,166570,34.9823018,33.1451285,10.528384761701911,103.08333472012376
2016,2016,Import,Cyprus,83,Metal; miscellaneous products of base metal,Southern Asia,Asia,11372,34.9823018,33.1451285,25.499703063807168,75.5024015339642
2016,2016,Import,Cyprus,83,Metal; miscellaneous products of base metal,Southern Europe,Europe,9099933,34.9823018,33.1451285,40.12399607988535,20.742583178432696
2016,2016,Import,Cyprus,83,Metal; miscellaneous products of base metal,Sub-Saharan Africa,Africa,2302,34.9823018,33.1451285,6.06272746187266,22.727528470146083
2016,2016,Import,Cyprus,83,Metal; miscellaneous products of base metal,Western Asia,Asia,33089,34.9823018,33.1451285,26.42921218083572,52.86847103284948
2016,2016,Import,Cyprus,83,Metal; miscellaneous products of base metal,Western Europe,Europe,3371743,34.9823018,33.1451285,47.92172048214207,7.866753258497997
2016,2016,Import,Cyprus,83,Metal; miscellaneous products of base metal,World,World,18781596,34.9823018,33.1451285,,
