yr,periodDesc,rgDesc,rtTitle,cmdCode,cmdDescE,Subregion,Region,TradeValue,rtLat,rtLon,ptLon,ptLat
2007,2007,Re-Export,Cyprus,72,Iron and steel,Australia and New Zealand,Oceania,3162,34.9823018,33.1451285,-16.85099460447687,133.4130365630627
2007,2007,Re-Export,Cyprus,72,Iron and steel,Eastern Europe,Europe,237,34.9823018,33.1451285,51.67568633314729,27.673469819741847
2007,2007,Re-Export,Cyprus,72,Iron and steel,Northern Europe,Europe,16341,34.9823018,33.1451285,59.36075159783851,25.01346951967388
2007,2007,Re-Export,Cyprus,72,Iron and steel,Western Europe,Europe,403587,34.9823018,33.1451285,47.92172048214207,7.866753258497997
2007,2007,Re-Export,Cyprus,72,Iron and steel,World,World,606854,34.9823018,33.1451285,,
