yr,periodDesc,rgDesc,rtTitle,cmdCode,cmdDescE,Subregion,Region,TradeValue,rtLat,rtLon,ptLon,ptLat
1997,1997,Export,Cyprus,9,"Coffee, tea, mate and spices",Australia and New Zealand,Oceania,8681,34.9823018,33.1451285,-16.85099460447687,133.4130365630627
1997,1997,Export,Cyprus,9,"Coffee, tea, mate and spices",Northern Africa,Africa,323703,34.9823018,33.1451285,19.569604022535763,12.47761721199581
1997,1997,Export,Cyprus,9,"Coffee, tea, mate and spices",Northern America,Americas,17190,34.9823018,33.1451285,43.897683433510366,-100.08947125585888
1997,1997,Export,Cyprus,9,"Coffee, tea, mate and spices",Northern Europe,Europe,250725,34.9823018,33.1451285,59.36075159783851,25.01346951967388
1997,1997,Export,Cyprus,9,"Coffee, tea, mate and spices",Southern Europe,Europe,457565,34.9823018,33.1451285,40.12399607988535,20.742583178432696
1997,1997,Export,Cyprus,9,"Coffee, tea, mate and spices",Western Europe,Europe,53931,34.9823018,33.1451285,47.92172048214207,7.866753258497997
1997,1997,Export,Cyprus,9,"Coffee, tea, mate and spices",World,World,1427068,34.9823018,33.1451285,,
