yr,periodDesc,rgDesc,rtTitle,cmdCode,cmdDescE,Subregion,Region,TradeValue,rtLat,rtLon,ptLon,ptLat
1997,1997,Export,Cyprus,91,Clocks and watches and parts thereof,Central Asia,Asia,6259,34.9823018,33.1451285,39.89317229901691,61.060280637304274
1997,1997,Export,Cyprus,91,Clocks and watches and parts thereof,Eastern Europe,Europe,270801,34.9823018,33.1451285,51.67568633314729,27.673469819741847
1997,1997,Export,Cyprus,91,Clocks and watches and parts thereof,Northern Africa,Africa,965,34.9823018,33.1451285,19.569604022535763,12.47761721199581
1997,1997,Export,Cyprus,91,Clocks and watches and parts thereof,Northern America,Americas,10398,34.9823018,33.1451285,43.897683433510366,-100.08947125585888
1997,1997,Export,Cyprus,91,Clocks and watches and parts thereof,Northern Europe,Europe,314373,34.9823018,33.1451285,59.36075159783851,25.01346951967388
1997,1997,Export,Cyprus,91,Clocks and watches and parts thereof,South-eastern Asia,Asia,4068,34.9823018,33.1451285,10.528384761701911,103.08333472012376
1997,1997,Export,Cyprus,91,Clocks and watches and parts thereof,Southern Europe,Europe,1940796,34.9823018,33.1451285,40.12399607988535,20.742583178432696
1997,1997,Export,Cyprus,91,Clocks and watches and parts thereof,Sub-Saharan Africa,Africa,2281,34.9823018,33.1451285,6.06272746187266,22.727528470146083
1997,1997,Export,Cyprus,91,Clocks and watches and parts thereof,Western Asia,Asia,3559,34.9823018,33.1451285,26.42921218083572,52.86847103284948
1997,1997,Export,Cyprus,91,Clocks and watches and parts thereof,Western Europe,Europe,594604,34.9823018,33.1451285,47.92172048214207,7.866753258497997
1997,1997,Export,Cyprus,91,Clocks and watches and parts thereof,World,World,3567864,34.9823018,33.1451285,,
