yr,periodDesc,rgDesc,rtTitle,ptTitle,cmdCode,cmdDescE,TradeValue,Unnamed: 0,rtLat,rtLon,ptLat,ptLon
2014,2014.0,Export,Cyprus,World,17.0,Sugars and sugar confectionery,568782.0,,34.9823018,33.1451285,-36.8535712,174.7456809
2014,2014.0,Export,Cyprus,Australia,17.0,Sugars and sugar confectionery,19582.0,,34.9823018,33.1451285,-24.7761086,134.755
2014,2014.0,Export,Cyprus,Bahrain,17.0,Sugars and sugar confectionery,1253.0,,34.9823018,33.1451285,26.1551249,50.5344606
2014,2014.0,Export,Cyprus,Ireland,17.0,Sugars and sugar confectionery,56599.0,,34.9823018,33.1451285,52.865196,-7.9794599
2014,2014.0,Export,Cyprus,Lebanon,17.0,Sugars and sugar confectionery,3183.0,,34.9823018,33.1451285,33.8750629,35.843409
2014,2014.0,Export,Cyprus,Russian Federation,17.0,Sugars and sugar confectionery,11815.0,,34.9823018,33.1451285,64.6863136,97.7453061
2014,2014.0,Export,Cyprus,Saudi Arabia,17.0,Sugars and sugar confectionery,330.0,,34.9823018,33.1451285,25.6242618,42.3528328
2014,2014.0,Export,Cyprus,South Africa,17.0,Sugars and sugar confectionery,51315.0,,34.9823018,33.1451285,-28.8166236,24.991639
2014,2014.0,Export,Cyprus,Switzerland,17.0,Sugars and sugar confectionery,987.0,,34.9823018,33.1451285,46.7985624,8.2319736
2014,2014.0,Export,Cyprus,Egypt,17.0,Sugars and sugar confectionery,66.0,,34.9823018,33.1451285,26.2540493,29.2675469
2014,2014.0,Export,Cyprus,United Kingdom,17.0,Sugars and sugar confectionery,420623.0,,34.9823018,33.1451285,54.7023545,-3.2765753
2014,2014.0,Export,Cyprus,Bunkers,17.0,Sugars and sugar confectionery,163.0,,34.9823018,33.1451285,42.18544695,-71.13717580263157
2014,2014.0,Export,Cyprus,USA,17.0,Sugars and sugar confectionery,2860.0,,34.9823018,33.1451285,39.7837304,-100.445882
