yr,periodDesc,rgDesc,rtTitle,cmdCode,cmdDescE,Subregion,Region,TradeValue,rtLat,rtLon,ptLon,ptLat
1995,1995,Import,Cyprus,45,Cork and articles of cork,Eastern Asia,Asia,2423,34.9823018,33.1451285,37.977378106878206,73.97804075806764
1995,1995,Import,Cyprus,45,Cork and articles of cork,Northern America,Americas,10042,34.9823018,33.1451285,43.897683433510366,-100.08947125585888
1995,1995,Import,Cyprus,45,Cork and articles of cork,Northern Europe,Europe,13882,34.9823018,33.1451285,59.36075159783851,25.01346951967388
1995,1995,Import,Cyprus,45,Cork and articles of cork,Southern Europe,Europe,1210224,34.9823018,33.1451285,40.12399607988535,20.742583178432696
1995,1995,Import,Cyprus,45,Cork and articles of cork,Western Europe,Europe,27066,34.9823018,33.1451285,47.92172048214207,7.866753258497997
1995,1995,Import,Cyprus,45,Cork and articles of cork,World,World,1280557,34.9823018,33.1451285,,
