yr,periodDesc,rgDesc,rtTitle,cmdCode,cmdDescE,Subregion,Region,TradeValue,rtLat,rtLon,ptLon,ptLat
2004,2004,Import,Cyprus,70,Glass and glassware,Australia and New Zealand,Oceania,3123,34.9823018,33.1451285,-16.85099460447687,133.4130365630627
2004,2004,Import,Cyprus,70,Glass and glassware,Eastern Asia,Asia,2818969,34.9823018,33.1451285,37.977378106878206,73.97804075806764
2004,2004,Import,Cyprus,70,Glass and glassware,Eastern Europe,Europe,1011567,34.9823018,33.1451285,51.67568633314729,27.673469819741847
2004,2004,Import,Cyprus,70,Glass and glassware,Latin America and the Caribbean,Americas,160147,34.9823018,33.1451285,17.925141963241547,-78.01492950057497
2004,2004,Import,Cyprus,70,Glass and glassware,Melanesia,Oceania,156,34.9823018,33.1451285,1.0108650891006263,147.3257485906919
2004,2004,Import,Cyprus,70,Glass and glassware,Northern Africa,Africa,197231,34.9823018,33.1451285,19.569604022535763,12.47761721199581
2004,2004,Import,Cyprus,70,Glass and glassware,Northern America,Americas,805674,34.9823018,33.1451285,43.897683433510366,-100.08947125585888
2004,2004,Import,Cyprus,70,Glass and glassware,Northern Europe,Europe,2389600,34.9823018,33.1451285,59.36075159783851,25.01346951967388
2004,2004,Import,Cyprus,70,Glass and glassware,South-eastern Asia,Asia,336819,34.9823018,33.1451285,10.528384761701911,103.08333472012376
2004,2004,Import,Cyprus,70,Glass and glassware,Southern Asia,Asia,2376,34.9823018,33.1451285,25.499703063807168,75.5024015339642
2004,2004,Import,Cyprus,70,Glass and glassware,Southern Europe,Europe,13309352,34.9823018,33.1451285,40.12399607988535,20.742583178432696
2004,2004,Import,Cyprus,70,Glass and glassware,Sub-Saharan Africa,Africa,21611,34.9823018,33.1451285,6.06272746187266,22.727528470146083
2004,2004,Import,Cyprus,70,Glass and glassware,Western Asia,Asia,44920,34.9823018,33.1451285,26.42921218083572,52.86847103284948
2004,2004,Import,Cyprus,70,Glass and glassware,Western Europe,Europe,9325642,34.9823018,33.1451285,47.92172048214207,7.866753258497997
2004,2004,Import,Cyprus,70,Glass and glassware,World,World,33172715,34.9823018,33.1451285,,
