yr,periodDesc,rgDesc,rtTitle,cmdCode,cmdDescE,Subregion,Region,TradeValue,rtLat,rtLon,ptLon,ptLat
2007,2007,Import,Cyprus,73,Articles of iron or steel,Australia and New Zealand,Oceania,28130,34.9823018,33.1451285,-16.85099460447687,133.4130365630627
2007,2007,Import,Cyprus,73,Articles of iron or steel,Eastern Asia,Asia,26720439,34.9823018,33.1451285,37.977378106878206,73.97804075806764
2007,2007,Import,Cyprus,73,Articles of iron or steel,Eastern Europe,Europe,3522957,34.9823018,33.1451285,51.67568633314729,27.673469819741847
2007,2007,Import,Cyprus,73,Articles of iron or steel,Latin America and the Caribbean,Americas,39819,34.9823018,33.1451285,17.925141963241547,-78.01492950057497
2007,2007,Import,Cyprus,73,Articles of iron or steel,Northern Africa,Africa,678966,34.9823018,33.1451285,19.569604022535763,12.47761721199581
2007,2007,Import,Cyprus,73,Articles of iron or steel,Northern America,Americas,1665783,34.9823018,33.1451285,43.897683433510366,-100.08947125585888
2007,2007,Import,Cyprus,73,Articles of iron or steel,Northern Europe,Europe,10685125,34.9823018,33.1451285,59.36075159783851,25.01346951967388
2007,2007,Import,Cyprus,73,Articles of iron or steel,South-eastern Asia,Asia,1552641,34.9823018,33.1451285,10.528384761701911,103.08333472012376
2007,2007,Import,Cyprus,73,Articles of iron or steel,Southern Asia,Asia,44030,34.9823018,33.1451285,25.499703063807168,75.5024015339642
2007,2007,Import,Cyprus,73,Articles of iron or steel,Southern Europe,Europe,80211459,34.9823018,33.1451285,40.12399607988535,20.742583178432696
2007,2007,Import,Cyprus,73,Articles of iron or steel,Sub-Saharan Africa,Africa,133692,34.9823018,33.1451285,6.06272746187266,22.727528470146083
2007,2007,Import,Cyprus,73,Articles of iron or steel,Western Asia,Asia,933387,34.9823018,33.1451285,26.42921218083572,52.86847103284948
2007,2007,Import,Cyprus,73,Articles of iron or steel,Western Europe,Europe,27833424,34.9823018,33.1451285,47.92172048214207,7.866753258497997
2007,2007,Import,Cyprus,73,Articles of iron or steel,World,World,164235204,34.9823018,33.1451285,,
