yr,periodDesc,rgDesc,rtTitle,cmdCode,cmdDescE,Subregion,Region,TradeValue,rtLat,rtLon,ptLon,ptLat
2016,2016,Import,Cyprus,1,Animals; live,Eastern Europe,Europe,67504,34.9823018,33.1451285,51.67568633314729,27.673469819741847
2016,2016,Import,Cyprus,1,Animals; live,Northern America,Americas,4599,34.9823018,33.1451285,43.897683433510366,-100.08947125585888
2016,2016,Import,Cyprus,1,Animals; live,Northern Europe,Europe,96567,34.9823018,33.1451285,59.36075159783851,25.01346951967388
2016,2016,Import,Cyprus,1,Animals; live,Southern Europe,Europe,76196,34.9823018,33.1451285,40.12399607988535,20.742583178432696
2016,2016,Import,Cyprus,1,Animals; live,Western Europe,Europe,644487,34.9823018,33.1451285,47.92172048214207,7.866753258497997
2016,2016,Import,Cyprus,1,Animals; live,World,World,917251,34.9823018,33.1451285,,
2016,2016,Import,Cyprus,1,Animals; live,Israel, Israel,27893,34.9823018,33.1451285,,
