yr,periodDesc,rgDesc,rtTitle,cmdCode,cmdDescE,Subregion,Region,TradeValue,rtLat,rtLon,ptLon,ptLat
1996,1996,Import,Cyprus,69,Ceramic products,Australia and New Zealand,Oceania,34980,34.9823018,33.1451285,-16.85099460447687,133.4130365630627
1996,1996,Import,Cyprus,69,Ceramic products,Eastern Asia,Asia,2091752,34.9823018,33.1451285,37.977378106878206,73.97804075806764
1996,1996,Import,Cyprus,69,Ceramic products,Eastern Europe,Europe,843035,34.9823018,33.1451285,51.67568633314729,27.673469819741847
1996,1996,Import,Cyprus,69,Ceramic products,Egypt,Egypt,188943,34.9823018,33.1451285,,
1996,1996,Import,Cyprus,69,Ceramic products,Latin America and the Caribbean,Americas,174280,34.9823018,33.1451285,17.925141963241547,-78.01492950057497
1996,1996,Import,Cyprus,69,Ceramic products,Northern America,Americas,62175,34.9823018,33.1451285,43.897683433510366,-100.08947125585888
1996,1996,Import,Cyprus,69,Ceramic products,Northern Europe,Europe,4220369,34.9823018,33.1451285,59.36075159783851,25.01346951967388
1996,1996,Import,Cyprus,69,Ceramic products,South-eastern Asia,Asia,276055,34.9823018,33.1451285,10.528384761701911,103.08333472012376
1996,1996,Import,Cyprus,69,Ceramic products,Southern Asia,Asia,5400,34.9823018,33.1451285,25.499703063807168,75.5024015339642
1996,1996,Import,Cyprus,69,Ceramic products,Southern Europe,Europe,31453240,34.9823018,33.1451285,40.12399607988535,20.742583178432696
1996,1996,Import,Cyprus,69,Ceramic products,Sub-Saharan Africa,Africa,1286,34.9823018,33.1451285,6.06272746187266,22.727528470146083
1996,1996,Import,Cyprus,69,Ceramic products,Tunisia,Tunisia,1725,34.9823018,33.1451285,,
1996,1996,Import,Cyprus,69,Ceramic products,Western Europe,Europe,4457864,34.9823018,33.1451285,47.92172048214207,7.866753258497997
1996,1996,Import,Cyprus,69,Ceramic products,World,World,44447204,34.9823018,33.1451285,,
1996,1996,Import,Cyprus,69,Ceramic products,Israel, Israel,15859,34.9823018,33.1451285,,
1996,1996,Import,Cyprus,69,Ceramic products,Lebanon, Lebanon,144833,34.9823018,33.1451285,,
1996,1996,Import,Cyprus,69,Ceramic products,Morocco, Morocco,683,34.9823018,33.1451285,,
1996,1996,Import,Cyprus,69,Ceramic products,Oman, Oman,3389,34.9823018,33.1451285,,
1996,1996,Import,Cyprus,69,Ceramic products,United Arab Emirates, United Arab Emirates,17732,34.9823018,33.1451285,,
