yr,periodDesc,rgDesc,rtTitle,cmdCode,cmdDescE,Subregion,Region,TradeValue,rtLat,rtLon,ptLon,ptLat
2009,2009,Export,Cyprus,55,Man-made staple fibres,Australia and New Zealand,Oceania,348,34.9823018,33.1451285,-16.85099460447687,133.4130365630627
2009,2009,Export,Cyprus,55,Man-made staple fibres,Eastern Asia,Asia,373,34.9823018,33.1451285,37.977378106878206,73.97804075806764
2009,2009,Export,Cyprus,55,Man-made staple fibres,Eastern Europe,Europe,336165,34.9823018,33.1451285,51.67568633314729,27.673469819741847
2009,2009,Export,Cyprus,55,Man-made staple fibres,Northern Africa,Africa,72145,34.9823018,33.1451285,19.569604022535763,12.47761721199581
2009,2009,Export,Cyprus,55,Man-made staple fibres,South-eastern Asia,Asia,213,34.9823018,33.1451285,10.528384761701911,103.08333472012376
2009,2009,Export,Cyprus,55,Man-made staple fibres,Southern Europe,Europe,128512,34.9823018,33.1451285,40.12399607988535,20.742583178432696
2009,2009,Export,Cyprus,55,Man-made staple fibres,Western Asia,Asia,214960,34.9823018,33.1451285,26.42921218083572,52.86847103284948
2009,2009,Export,Cyprus,55,Man-made staple fibres,World,World,1249626,34.9823018,33.1451285,,
