yr,periodDesc,rgDesc,rtTitle,ptTitle,cmdCode,cmdDescE,TradeValue,Unnamed: 0,rtLat,rtLon,ptLat,ptLon
2019,2019.0,Re-Export,Cyprus,World,1.0,Animals; live,23721.0,,34.9823018,33.1451285,-36.8535712,174.7456809
2019,2019.0,Re-Export,Cyprus,Argentina,1.0,Animals; live,336.0,,34.9823018,33.1451285,-34.9964963,-64.9672817
2019,2019.0,Re-Export,Cyprus,Lebanon,1.0,Animals; live,2694.0,,34.9823018,33.1451285,33.8750629,35.843409
2019,2019.0,Re-Export,Cyprus,Serbia,1.0,Animals; live,224.0,,34.9823018,33.1451285,44.1534121,20.55144
2019,2019.0,Re-Export,Cyprus,United Arab Emirates,1.0,Animals; live,20465.0,,34.9823018,33.1451285,24.0002488,53.9994829
