yr,periodDesc,rgDesc,rtTitle,cmdCode,cmdDescE,Subregion,Region,TradeValue,rtLat,rtLon,ptLon,ptLat
1990,1990,Export,Cyprus,96,Miscellaneous manufactured articles,Eastern Asia,Asia,6613,34.9823018,33.1451285,37.977378106878206,73.97804075806764
1990,1990,Export,Cyprus,96,Miscellaneous manufactured articles,Eastern Europe,Europe,4511,34.9823018,33.1451285,51.67568633314729,27.673469819741847
1990,1990,Export,Cyprus,96,Miscellaneous manufactured articles,Northern Africa,Africa,963,34.9823018,33.1451285,19.569604022535763,12.47761721199581
1990,1990,Export,Cyprus,96,Miscellaneous manufactured articles,Northern Europe,Europe,48820,34.9823018,33.1451285,59.36075159783851,25.01346951967388
1990,1990,Export,Cyprus,96,Miscellaneous manufactured articles,Southern Europe,Europe,2037818,34.9823018,33.1451285,40.12399607988535,20.742583178432696
1990,1990,Export,Cyprus,96,Miscellaneous manufactured articles,Sub-Saharan Africa,Africa,2231,34.9823018,33.1451285,6.06272746187266,22.727528470146083
1990,1990,Export,Cyprus,96,Miscellaneous manufactured articles,Western Asia,Asia,1028,34.9823018,33.1451285,26.42921218083572,52.86847103284948
1990,1990,Export,Cyprus,96,Miscellaneous manufactured articles,Western Europe,Europe,584,34.9823018,33.1451285,47.92172048214207,7.866753258497997
1990,1990,Export,Cyprus,96,Miscellaneous manufactured articles,World,World,3084079,34.9823018,33.1451285,,
