yr,periodDesc,rgDesc,rtTitle,ptTitle,cmdCode,cmdDescE,TradeValue,Unnamed: 0,rtLat,rtLon,ptLat,ptLon
2011,2011.0,Re-Export,Cyprus,World,52.0,Cotton,185968.0,,34.9823018,33.1451285,-36.8535712,174.7456809
2011,2011.0,Re-Export,Cyprus,Bulgaria,52.0,Cotton,92785.0,,34.9823018,33.1451285,42.6073975,25.4856617
2011,2011.0,Re-Export,Cyprus,Greece,52.0,Cotton,19197.0,,34.9823018,33.1451285,38.9953683,21.9877132
2011,2011.0,Re-Export,Cyprus,Jordan,52.0,Cotton,5529.0,,34.9823018,33.1451285,31.1667049,36.941628
2011,2011.0,Re-Export,Cyprus,Lebanon,52.0,Cotton,29124.0,,34.9823018,33.1451285,33.8750629,35.843409
2011,2011.0,Re-Export,Cyprus,India,52.0,Cotton,37105.0,,34.9823018,33.1451285,22.3511148,78.6677428
2011,2011.0,Re-Export,Cyprus,Egypt,52.0,Cotton,2228.0,,34.9823018,33.1451285,26.2540493,29.2675469
