yr,periodDesc,rgDesc,rtTitle,cmdCode,cmdDescE,Subregion,Region,TradeValue,rtLat,rtLon,ptLon,ptLat
2014,2014,Export,Cyprus,9,"Coffee, tea, mate and spices",Australia and New Zealand,Oceania,104014,34.9823018,33.1451285,-16.85099460447687,133.4130365630627
2014,2014,Export,Cyprus,9,"Coffee, tea, mate and spices",Eastern Asia,Asia,79,34.9823018,33.1451285,37.977378106878206,73.97804075806764
2014,2014,Export,Cyprus,9,"Coffee, tea, mate and spices",Northern America,Americas,27374,34.9823018,33.1451285,43.897683433510366,-100.08947125585888
2014,2014,Export,Cyprus,9,"Coffee, tea, mate and spices",Northern Europe,Europe,827593,34.9823018,33.1451285,59.36075159783851,25.01346951967388
2014,2014,Export,Cyprus,9,"Coffee, tea, mate and spices",South-eastern Asia,Asia,218,34.9823018,33.1451285,10.528384761701911,103.08333472012376
2014,2014,Export,Cyprus,9,"Coffee, tea, mate and spices",Southern Europe,Europe,6566,34.9823018,33.1451285,40.12399607988535,20.742583178432696
2014,2014,Export,Cyprus,9,"Coffee, tea, mate and spices",Sub-Saharan Africa,Africa,5318,34.9823018,33.1451285,6.06272746187266,22.727528470146083
2014,2014,Export,Cyprus,9,"Coffee, tea, mate and spices",World,World,1360907,34.9823018,33.1451285,,
2014,2014,Export,Cyprus,9,"Coffee, tea, mate and spices",Lebanon, Lebanon,389741,34.9823018,33.1451285,,
