yr,periodDesc,rgDesc,rtTitle,cmdCode,cmdDescE,Subregion,Region,TradeValue,rtLat,rtLon,ptLon,ptLat
1994,1994,Re-Export,Cyprus,74,Copper and articles thereof,Eastern Asia,Asia,434336,34.9823018,33.1451285,37.977378106878206,73.97804075806764
1994,1994,Re-Export,Cyprus,74,Copper and articles thereof,Eastern Europe,Europe,16358,34.9823018,33.1451285,51.67568633314729,27.673469819741847
1994,1994,Re-Export,Cyprus,74,Copper and articles thereof,Northern Africa,Africa,2053,34.9823018,33.1451285,19.569604022535763,12.47761721199581
1994,1994,Re-Export,Cyprus,74,Copper and articles thereof,Northern Europe,Europe,132833,34.9823018,33.1451285,59.36075159783851,25.01346951967388
1994,1994,Re-Export,Cyprus,74,Copper and articles thereof,Southern Europe,Europe,947338,34.9823018,33.1451285,40.12399607988535,20.742583178432696
1994,1994,Re-Export,Cyprus,74,Copper and articles thereof,Western Asia,Asia,5919,34.9823018,33.1451285,26.42921218083572,52.86847103284948
1994,1994,Re-Export,Cyprus,74,Copper and articles thereof,Western Europe,Europe,135712,34.9823018,33.1451285,47.92172048214207,7.866753258497997
1994,1994,Re-Export,Cyprus,74,Copper and articles thereof,World,World,1724316,34.9823018,33.1451285,,
