yr,periodDesc,rgDesc,rtTitle,cmdCode,cmdDescE,Subregion,Region,TradeValue,rtLat,rtLon,ptLon,ptLat
2014,2014,Export,Cyprus,55,Man-made staple fibres,Australia and New Zealand,Oceania,6154,34.9823018,33.1451285,-16.85099460447687,133.4130365630627
2014,2014,Export,Cyprus,55,Man-made staple fibres,Eastern Europe,Europe,62,34.9823018,33.1451285,51.67568633314729,27.673469819741847
2014,2014,Export,Cyprus,55,Man-made staple fibres,Northern Africa,Africa,35687,34.9823018,33.1451285,19.569604022535763,12.47761721199581
2014,2014,Export,Cyprus,55,Man-made staple fibres,Southern Europe,Europe,115409,34.9823018,33.1451285,40.12399607988535,20.742583178432696
2014,2014,Export,Cyprus,55,Man-made staple fibres,World,World,501264,34.9823018,33.1451285,,
