yr,periodDesc,rgDesc,rtTitle,cmdCode,cmdDescE,Subregion,Region,TradeValue,rtLat,rtLon,ptLon,ptLat
2008,2008,Import,Cyprus,70,Glass and glassware,Australia and New Zealand,Oceania,38573,34.9823018,33.1451285,-16.85099460447687,133.4130365630627
2008,2008,Import,Cyprus,70,Glass and glassware,Eastern Asia,Asia,7179215,34.9823018,33.1451285,37.977378106878206,73.97804075806764
2008,2008,Import,Cyprus,70,Glass and glassware,Eastern Europe,Europe,1635150,34.9823018,33.1451285,51.67568633314729,27.673469819741847
2008,2008,Import,Cyprus,70,Glass and glassware,Latin America and the Caribbean,Americas,223723,34.9823018,33.1451285,17.925141963241547,-78.01492950057497
2008,2008,Import,Cyprus,70,Glass and glassware,Northern Africa,Africa,370588,34.9823018,33.1451285,19.569604022535763,12.47761721199581
2008,2008,Import,Cyprus,70,Glass and glassware,Northern America,Americas,1205236,34.9823018,33.1451285,43.897683433510366,-100.08947125585888
2008,2008,Import,Cyprus,70,Glass and glassware,Northern Europe,Europe,3070981,34.9823018,33.1451285,59.36075159783851,25.01346951967388
2008,2008,Import,Cyprus,70,Glass and glassware,South-eastern Asia,Asia,334425,34.9823018,33.1451285,10.528384761701911,103.08333472012376
2008,2008,Import,Cyprus,70,Glass and glassware,Southern Asia,Asia,2344,34.9823018,33.1451285,25.499703063807168,75.5024015339642
2008,2008,Import,Cyprus,70,Glass and glassware,Southern Europe,Europe,18480748,34.9823018,33.1451285,40.12399607988535,20.742583178432696
2008,2008,Import,Cyprus,70,Glass and glassware,Sub-Saharan Africa,Africa,23768,34.9823018,33.1451285,6.06272746187266,22.727528470146083
2008,2008,Import,Cyprus,70,Glass and glassware,Western Asia,Asia,28676,34.9823018,33.1451285,26.42921218083572,52.86847103284948
2008,2008,Import,Cyprus,70,Glass and glassware,Western Europe,Europe,15314726,34.9823018,33.1451285,47.92172048214207,7.866753258497997
2008,2008,Import,Cyprus,70,Glass and glassware,World,World,57949862,34.9823018,33.1451285,,
