yr,periodDesc,rgDesc,rtTitle,cmdCode,cmdDescE,Subregion,Region,TradeValue,rtLat,rtLon,ptLon,ptLat
2008,2008,Import,Cyprus,18,Cocoa and cocoa preparations,Australia and New Zealand,Oceania,391,34.9823018,33.1451285,-16.85099460447687,133.4130365630627
2008,2008,Import,Cyprus,18,Cocoa and cocoa preparations,Eastern Europe,Europe,264356,34.9823018,33.1451285,51.67568633314729,27.673469819741847
2008,2008,Import,Cyprus,18,Cocoa and cocoa preparations,Egypt,Egypt,1063,34.9823018,33.1451285,,
2008,2008,Import,Cyprus,18,Cocoa and cocoa preparations,Latin America and the Caribbean,Americas,806,34.9823018,33.1451285,17.925141963241547,-78.01492950057497
2008,2008,Import,Cyprus,18,Cocoa and cocoa preparations,Northern America,Americas,127594,34.9823018,33.1451285,43.897683433510366,-100.08947125585888
2008,2008,Import,Cyprus,18,Cocoa and cocoa preparations,Northern Europe,Europe,5464063,34.9823018,33.1451285,59.36075159783851,25.01346951967388
2008,2008,Import,Cyprus,18,Cocoa and cocoa preparations,South-eastern Asia,Asia,9456,34.9823018,33.1451285,10.528384761701911,103.08333472012376
2008,2008,Import,Cyprus,18,Cocoa and cocoa preparations,Southern Europe,Europe,12687520,34.9823018,33.1451285,40.12399607988535,20.742583178432696
2008,2008,Import,Cyprus,18,Cocoa and cocoa preparations,Sub-Saharan Africa,Africa,108101,34.9823018,33.1451285,6.06272746187266,22.727528470146083
2008,2008,Import,Cyprus,18,Cocoa and cocoa preparations,Western Asia,Asia,433,34.9823018,33.1451285,26.42921218083572,52.86847103284948
2008,2008,Import,Cyprus,18,Cocoa and cocoa preparations,Western Europe,Europe,19404261,34.9823018,33.1451285,47.92172048214207,7.866753258497997
2008,2008,Import,Cyprus,18,Cocoa and cocoa preparations,World,World,38194730,34.9823018,33.1451285,,
2008,2008,Import,Cyprus,18,Cocoa and cocoa preparations, Israel, Israel,17771,34.9823018,33.1451285,,
2008,2008,Import,Cyprus,18,Cocoa and cocoa preparations, Lebanon, Lebanon,89557,34.9823018,33.1451285,,
2008,2008,Import,Cyprus,18,Cocoa and cocoa preparations, Malta, Malta,19358,34.9823018,33.1451285,,
