yr,periodDesc,rgDesc,rtTitle,cmdCode,cmdDescE,Subregion,Region,TradeValue,rtLat,rtLon,ptLon,ptLat
2019,2019,Re-Export,Cyprus,29,Organic chemicals,Northern America,Americas,4589,34.9823018,33.1451285,43.897683433510366,-100.08947125585888
2019,2019,Re-Export,Cyprus,29,Organic chemicals,Northern Europe,Europe,22563,34.9823018,33.1451285,59.36075159783851,25.01346951967388
2019,2019,Re-Export,Cyprus,29,Organic chemicals,Southern Europe,Europe,43847621,34.9823018,33.1451285,40.12399607988535,20.742583178432696
2019,2019,Re-Export,Cyprus,29,Organic chemicals,Western Asia,Asia,1309482,34.9823018,33.1451285,26.42921218083572,52.86847103284948
2019,2019,Re-Export,Cyprus,29,Organic chemicals,Western Europe,Europe,4121609,34.9823018,33.1451285,47.92172048214207,7.866753258497997
2019,2019,Re-Export,Cyprus,29,Organic chemicals,World,World,49604854,34.9823018,33.1451285,,
2019,2019,Re-Export,Cyprus,29,Organic chemicals,Israel, Israel,273165,34.9823018,33.1451285,,
2019,2019,Re-Export,Cyprus,29,Organic chemicals,Oman, Oman,15535,34.9823018,33.1451285,,
