yr,periodDesc,rgDesc,rtTitle,cmdCode,cmdDescE,Subregion,Region,TradeValue,rtLat,rtLon,ptLon,ptLat
2019,2019,Export,Cyprus,31,Fertilizers,Northern Africa,Africa,164984,34.9823018,33.1451285,19.569604022535763,12.47761721199581
2019,2019,Export,Cyprus,31,Fertilizers,Northern Europe,Europe,52,34.9823018,33.1451285,59.36075159783851,25.01346951967388
2019,2019,Export,Cyprus,31,Fertilizers,Southern Europe,Europe,2542,34.9823018,33.1451285,40.12399607988535,20.742583178432696
2019,2019,Export,Cyprus,31,Fertilizers,Western Europe,Europe,560,34.9823018,33.1451285,47.92172048214207,7.866753258497997
2019,2019,Export,Cyprus,31,Fertilizers,World,World,170598,34.9823018,33.1451285,,
