yr,periodDesc,rgDesc,rtTitle,cmdCode,cmdDescE,Subregion,Region,TradeValue,rtLat,rtLon,ptLon,ptLat
2003,2003,Export,Cyprus,15,Animal or vegetable fats and oils,Eastern Europe,Europe,184960,34.9823018,33.1451285,51.67568633314729,27.673469819741847
2003,2003,Export,Cyprus,15,Animal or vegetable fats and oils,Northern Africa,Africa,12460,34.9823018,33.1451285,19.569604022535763,12.47761721199581
2003,2003,Export,Cyprus,15,Animal or vegetable fats and oils,Northern America,Americas,44138,34.9823018,33.1451285,43.897683433510366,-100.08947125585888
2003,2003,Export,Cyprus,15,Animal or vegetable fats and oils,Northern Europe,Europe,21419,34.9823018,33.1451285,59.36075159783851,25.01346951967388
2003,2003,Export,Cyprus,15,Animal or vegetable fats and oils,South-eastern Asia,Asia,12942,34.9823018,33.1451285,10.528384761701911,103.08333472012376
2003,2003,Export,Cyprus,15,Animal or vegetable fats and oils,Southern Europe,Europe,3038007,34.9823018,33.1451285,40.12399607988535,20.742583178432696
2003,2003,Export,Cyprus,15,Animal or vegetable fats and oils,Sub-Saharan Africa,Africa,123537,34.9823018,33.1451285,6.06272746187266,22.727528470146083
2003,2003,Export,Cyprus,15,Animal or vegetable fats and oils,Western Asia,Asia,174861,34.9823018,33.1451285,26.42921218083572,52.86847103284948
2003,2003,Export,Cyprus,15,Animal or vegetable fats and oils,Western Europe,Europe,188802,34.9823018,33.1451285,47.92172048214207,7.866753258497997
2003,2003,Export,Cyprus,15,Animal or vegetable fats and oils,World,World,5024639,34.9823018,33.1451285,,
