yr,periodDesc,rgDesc,rtTitle,cmdCode,cmdDescE,Subregion,Region,TradeValue,rtLat,rtLon,ptLon,ptLat
1998,1998,Import,Cyprus,80,Tin and articles thereof,Eastern Asia,Asia,36784,34.9823018,33.1451285,37.977378106878206,73.97804075806764
1998,1998,Import,Cyprus,80,Tin and articles thereof,Northern America,Americas,7031,34.9823018,33.1451285,43.897683433510366,-100.08947125585888
1998,1998,Import,Cyprus,80,Tin and articles thereof,Northern Europe,Europe,17057,34.9823018,33.1451285,59.36075159783851,25.01346951967388
1998,1998,Import,Cyprus,80,Tin and articles thereof,Southern Europe,Europe,26221,34.9823018,33.1451285,40.12399607988535,20.742583178432696
1998,1998,Import,Cyprus,80,Tin and articles thereof,Western Europe,Europe,6785,34.9823018,33.1451285,47.92172048214207,7.866753258497997
1998,1998,Import,Cyprus,80,Tin and articles thereof,World,World,132193,34.9823018,33.1451285,,
