yr,periodDesc,rgDesc,rtTitle,cmdCode,cmdDescE,Subregion,Region,TradeValue,rtLat,rtLon,ptLon,ptLat
1990,1990,Re-Export,Cyprus,10,Cereals,Northern Africa,Africa,1838,34.9823018,33.1451285,19.569604022535763,12.47761721199581
1990,1990,Re-Export,Cyprus,10,Cereals,Sub-Saharan Africa,Africa,231503,34.9823018,33.1451285,6.06272746187266,22.727528470146083
1990,1990,Re-Export,Cyprus,10,Cereals,Western Asia,Asia,8585,34.9823018,33.1451285,26.42921218083572,52.86847103284948
1990,1990,Re-Export,Cyprus,10,Cereals,World,World,365122,34.9823018,33.1451285,,
