yr,periodDesc,rgDesc,rtTitle,cmdCode,cmdDescE,Subregion,Region,TradeValue,rtLat,rtLon,ptLon,ptLat
1995,1995,Export,Cyprus,52,Cotton,Eastern Europe,Europe,246095,34.9823018,33.1451285,51.67568633314729,27.673469819741847
1995,1995,Export,Cyprus,52,Cotton,Egypt,Egypt,100946,34.9823018,33.1451285,,
1995,1995,Export,Cyprus,52,Cotton,Northern America,Americas,25660,34.9823018,33.1451285,43.897683433510366,-100.08947125585888
1995,1995,Export,Cyprus,52,Cotton,Northern Europe,Europe,119774,34.9823018,33.1451285,59.36075159783851,25.01346951967388
1995,1995,Export,Cyprus,52,Cotton,Southern Europe,Europe,961868,34.9823018,33.1451285,40.12399607988535,20.742583178432696
1995,1995,Export,Cyprus,52,Cotton,Sub-Saharan Africa,Africa,885413,34.9823018,33.1451285,6.06272746187266,22.727528470146083
1995,1995,Export,Cyprus,52,Cotton,Western Asia,Asia,301112,34.9823018,33.1451285,26.42921218083572,52.86847103284948
1995,1995,Export,Cyprus,52,Cotton,Western Europe,Europe,97354,34.9823018,33.1451285,47.92172048214207,7.866753258497997
1995,1995,Export,Cyprus,52,Cotton,World,World,5289560,34.9823018,33.1451285,,
1995,1995,Export,Cyprus,52,Cotton,Israel, Israel,1748937,34.9823018,33.1451285,,
1995,1995,Export,Cyprus,52,Cotton,Jordan, Jordan,22193,34.9823018,33.1451285,,
1995,1995,Export,Cyprus,52,Cotton,Lebanon, Lebanon,532770,34.9823018,33.1451285,,
1995,1995,Export,Cyprus,52,Cotton,Libya, Libya,50972,34.9823018,33.1451285,,
