yr,periodDesc,rgDesc,rtTitle,cmdCode,cmdDescE,Subregion,Region,TradeValue,rtLat,rtLon,ptLon,ptLat
1998,1998,Import,Cyprus,71,"Pearls, precious stones, metals, coins, etc",Eastern Asia,Asia,1789540,34.9823018,33.1451285,37.977378106878206,73.97804075806764
1998,1998,Import,Cyprus,71,"Pearls, precious stones, metals, coins, etc",Eastern Europe,Europe,1555312,34.9823018,33.1451285,51.67568633314729,27.673469819741847
1998,1998,Import,Cyprus,71,"Pearls, precious stones, metals, coins, etc",Latin America and the Caribbean,Americas,49545,34.9823018,33.1451285,17.925141963241547,-78.01492950057497
1998,1998,Import,Cyprus,71,"Pearls, precious stones, metals, coins, etc",Northern Africa,Africa,2146,34.9823018,33.1451285,19.569604022535763,12.47761721199581
1998,1998,Import,Cyprus,71,"Pearls, precious stones, metals, coins, etc",Northern America,Americas,446531,34.9823018,33.1451285,43.897683433510366,-100.08947125585888
1998,1998,Import,Cyprus,71,"Pearls, precious stones, metals, coins, etc",Northern Europe,Europe,12084034,34.9823018,33.1451285,59.36075159783851,25.01346951967388
1998,1998,Import,Cyprus,71,"Pearls, precious stones, metals, coins, etc",South-eastern Asia,Asia,2112491,34.9823018,33.1451285,10.528384761701911,103.08333472012376
1998,1998,Import,Cyprus,71,"Pearls, precious stones, metals, coins, etc",Southern Asia,Asia,8441,34.9823018,33.1451285,25.499703063807168,75.5024015339642
1998,1998,Import,Cyprus,71,"Pearls, precious stones, metals, coins, etc",Southern Europe,Europe,11897204,34.9823018,33.1451285,40.12399607988535,20.742583178432696
1998,1998,Import,Cyprus,71,"Pearls, precious stones, metals, coins, etc",Sub-Saharan Africa,Africa,139639,34.9823018,33.1451285,6.06272746187266,22.727528470146083
1998,1998,Import,Cyprus,71,"Pearls, precious stones, metals, coins, etc",Western Asia,Asia,20732,34.9823018,33.1451285,26.42921218083572,52.86847103284948
1998,1998,Import,Cyprus,71,"Pearls, precious stones, metals, coins, etc",Western Europe,Europe,10460976,34.9823018,33.1451285,47.92172048214207,7.866753258497997
1998,1998,Import,Cyprus,71,"Pearls, precious stones, metals, coins, etc",World,World,49070896,34.9823018,33.1451285,,
