yr,periodDesc,rgDesc,rtTitle,cmdCode,cmdDescE,Subregion,Region,TradeValue,rtLat,rtLon,ptLon,ptLat
2000,2000,Import,Cyprus,75,Nickel and articles thereof,Eastern Asia,Asia,115,34.9823018,33.1451285,37.977378106878206,73.97804075806764
2000,2000,Import,Cyprus,75,Nickel and articles thereof,Northern America,Americas,26755,34.9823018,33.1451285,43.897683433510366,-100.08947125585888
2000,2000,Import,Cyprus,75,Nickel and articles thereof,Northern Europe,Europe,2923,34.9823018,33.1451285,59.36075159783851,25.01346951967388
2000,2000,Import,Cyprus,75,Nickel and articles thereof,Southern Europe,Europe,2529,34.9823018,33.1451285,40.12399607988535,20.742583178432696
2000,2000,Import,Cyprus,75,Nickel and articles thereof,Western Europe,Europe,31111,34.9823018,33.1451285,47.92172048214207,7.866753258497997
2000,2000,Import,Cyprus,75,Nickel and articles thereof,World,World,89904,34.9823018,33.1451285,,
