yr,periodDesc,rgDesc,rtTitle,cmdCode,cmdDescE,Subregion,Region,TradeValue,rtLat,rtLon,ptLon,ptLat
1991,1991,Import,Cyprus,1,Live animals,Eastern Europe,Europe,6817,34.9823018,33.1451285,51.67568633314729,27.673469819741847
1991,1991,Import,Cyprus,1,Live animals,Northern America,Americas,93072,34.9823018,33.1451285,43.897683433510366,-100.08947125585888
1991,1991,Import,Cyprus,1,Live animals,Northern Europe,Europe,419555,34.9823018,33.1451285,59.36075159783851,25.01346951967388
1991,1991,Import,Cyprus,1,Live animals,Southern Europe,Europe,6241,34.9823018,33.1451285,40.12399607988535,20.742583178432696
1991,1991,Import,Cyprus,1,Live animals,Western Europe,Europe,324997,34.9823018,33.1451285,47.92172048214207,7.866753258497997
1991,1991,Import,Cyprus,1,Live animals,World,World,1478744,34.9823018,33.1451285,,
