yr,periodDesc,rgDesc,rtTitle,cmdCode,cmdDescE,Subregion,Region,TradeValue,rtLat,rtLon,ptLon,ptLat
2011,2011,Import,Fmr Sudan,52,Cotton,Eastern Asia,Asia,334017,,,37.977378106878206,73.97804075806764
2011,2011,Import,Fmr Sudan,52,Cotton,Latin America and the Caribbean,Americas,24761,,,17.925141963241547,-78.01492950057497
2011,2011,Import,Fmr Sudan,52,Cotton,Northern Africa,Africa,181910,,,19.569604022535763,12.47761721199581
2011,2011,Import,Fmr Sudan,52,Cotton,South-eastern Asia,Asia,52994,,,10.528384761701911,103.08333472012376
2011,2011,Import,Fmr Sudan,52,Cotton,Southern Europe,Europe,145412,,,40.12399607988535,20.742583178432696
2011,2011,Import,Fmr Sudan,52,Cotton,Western Asia,Asia,137096,,,26.42921218083572,52.86847103284948
2011,2011,Import,Fmr Sudan,52,Cotton,Western Europe,Europe,11861,,,47.92172048214207,7.866753258497997
2011,2011,Import,Fmr Sudan,52,Cotton,World,World,3567537,,,,
