yr,periodDesc,rgDesc,rtTitle,cmdCode,cmdDescE,Subregion,Region,TradeValue,rtLat,rtLon,ptLon,ptLat
1996,1996,Import,Fmr Sudan,10,Cereals,Australia and New Zealand,Oceania,2579920,,,-16.85099460447687,133.4130365630627
1996,1996,Import,Fmr Sudan,10,Cereals,Eastern Asia,Asia,3206,,,37.977378106878206,73.97804075806764
1996,1996,Import,Fmr Sudan,10,Cereals,Eastern Europe,Europe,15017971,,,51.67568633314729,27.673469819741847
1996,1996,Import,Fmr Sudan,10,Cereals,Northern Africa,Africa,6736906,,,19.569604022535763,12.47761721199581
1996,1996,Import,Fmr Sudan,10,Cereals,Northern America,Americas,17851320,,,43.897683433510366,-100.08947125585888
1996,1996,Import,Fmr Sudan,10,Cereals,Western Asia,Asia,3392,,,26.42921218083572,52.86847103284948
1996,1996,Import,Fmr Sudan,10,Cereals,Western Europe,Europe,9405117,,,47.92172048214207,7.866753258497997
1996,1996,Import,Fmr Sudan,10,Cereals,World,World,55150316,,,,
