yr,periodDesc,rgDesc,rtTitle,cmdCode,cmdDescE,Subregion,Region,TradeValue,rtLat,rtLon,ptLon,ptLat
2017,2017,Export,Georgia,72,Iron and steel,Central Asia,Asia,2132917,32.3293809,-83.1137366,39.89317229901691,61.060280637304274
2017,2017,Export,Georgia,72,Iron and steel,Eastern Asia,Asia,355700,32.3293809,-83.1137366,37.977378106878206,73.97804075806764
2017,2017,Export,Georgia,72,Iron and steel,Eastern Europe,Europe,129693240,32.3293809,-83.1137366,51.67568633314729,27.673469819741847
2017,2017,Export,Georgia,72,Iron and steel,Latin America and the Caribbean,Americas,13428363,32.3293809,-83.1137366,17.925141963241547,-78.01492950057497
2017,2017,Export,Georgia,72,Iron and steel,Northern Africa,Africa,2857572,32.3293809,-83.1137366,19.569604022535763,12.47761721199581
2017,2017,Export,Georgia,72,Iron and steel,Northern America,Americas,104264283,32.3293809,-83.1137366,43.897683433510366,-100.08947125585888
2017,2017,Export,Georgia,72,Iron and steel,Northern Europe,Europe,2416112,32.3293809,-83.1137366,59.36075159783851,25.01346951967388
2017,2017,Export,Georgia,72,Iron and steel,Southern Asia,Asia,8043825,32.3293809,-83.1137366,25.499703063807168,75.5024015339642
2017,2017,Export,Georgia,72,Iron and steel,Southern Europe,Europe,9731428,32.3293809,-83.1137366,40.12399607988535,20.742583178432696
2017,2017,Export,Georgia,72,Iron and steel,Sub-Saharan Africa,Africa,1361076,32.3293809,-83.1137366,6.06272746187266,22.727528470146083
2017,2017,Export,Georgia,72,Iron and steel,Western Asia,Asia,66406188,32.3293809,-83.1137366,26.42921218083572,52.86847103284948
2017,2017,Export,Georgia,72,Iron and steel,Western Europe,Europe,5634328,32.3293809,-83.1137366,47.92172048214207,7.866753258497997
2017,2017,Export,Georgia,72,Iron and steel,World,World,368518985,32.3293809,-83.1137366,,
