yr,periodDesc,rgDesc,rtTitle,ptTitle,cmdCode,cmdDescE,TradeValue,Unnamed: 0,rtLat,rtLon,ptLat,ptLon
2010,2010.0,Export,Georgia,World,17.0,Sugars and sugar confectionery,924179.0,,32.3293809,-83.1137366,-36.8535712,174.7456809
2010,2010.0,Export,Georgia,Azerbaijan,17.0,Sugars and sugar confectionery,512237.0,,32.3293809,-83.1137366,40.3936294,47.7872508
2010,2010.0,Export,Georgia,Armenia,17.0,Sugars and sugar confectionery,223480.0,,32.3293809,-83.1137366,40.7696272,44.6736646
2010,2010.0,Export,Georgia,Italy,17.0,Sugars and sugar confectionery,1.0,,32.3293809,-83.1137366,42.6384261,12.674297
2010,2010.0,Export,Georgia,Netherlands,17.0,Sugars and sugar confectionery,25185.0,,32.3293809,-83.1137366,52.2434979,5.6343227
2010,2010.0,Export,Georgia,Slovakia,17.0,Sugars and sugar confectionery,6480.0,,32.3293809,-83.1137366,48.7411522,19.4528646
2010,2010.0,Export,Georgia,Turkey,17.0,Sugars and sugar confectionery,1.0,,32.3293809,-83.1137366,38.9597594,34.9249653
2010,2010.0,Export,Georgia,Turkmenistan,17.0,Sugars and sugar confectionery,131625.0,,32.3293809,-83.1137366,39.3763807,59.3924609
2010,2010.0,Export,Georgia,USA,17.0,Sugars and sugar confectionery,25171.0,,32.3293809,-83.1137366,39.7837304,-100.445882
