yr,periodDesc,rgDesc,rtTitle,ptTitle,cmdCode,cmdDescE,TradeValue,Unnamed: 0,rtLat,rtLon,ptLat,ptLon
2004,2004.0,Import,Georgia,World,80.0,Tin and articles thereof,13671.0,,32.3293809,-83.1137366,-36.8535712,174.7456809
2004,2004.0,Import,Georgia,Azerbaijan,80.0,Tin and articles thereof,8.0,,32.3293809,-83.1137366,40.3936294,47.7872508
2004,2004.0,Import,Georgia,Austria,80.0,Tin and articles thereof,40.0,,32.3293809,-83.1137366,47.59397,14.12456
2004,2004.0,Import,Georgia,Bulgaria,80.0,Tin and articles thereof,858.0,,32.3293809,-83.1137366,42.6073975,25.4856617
2004,2004.0,Import,Georgia,Czechia,80.0,Tin and articles thereof,838.0,,32.3293809,-83.1137366,49.7439047,15.3381061
2004,2004.0,Import,Georgia,Germany,80.0,Tin and articles thereof,9.0,,32.3293809,-83.1137366,51.1638175,10.4478313
2004,2004.0,Import,Georgia,Russian Federation,80.0,Tin and articles thereof,11605.0,,32.3293809,-83.1137366,64.6863136,97.7453061
2004,2004.0,Import,Georgia,United Arab Emirates,80.0,Tin and articles thereof,10.0,,32.3293809,-83.1137366,24.0002488,53.9994829
2004,2004.0,Import,Georgia,Turkey,80.0,Tin and articles thereof,303.0,,32.3293809,-83.1137366,38.9597594,34.9249653
