yr,periodDesc,rgDesc,rtTitle,cmdCode,cmdDescE,Subregion,Region,TradeValue,rtLat,rtLon,ptLon,ptLat
2000,2000,Export,Georgia,50,Silk,Eastern Asia,Asia,15973,32.3293809,-83.1137366,37.977378106878206,73.97804075806764
2000,2000,Export,Georgia,50,Silk,Northern Europe,Europe,27,32.3293809,-83.1137366,59.36075159783851,25.01346951967388
2000,2000,Export,Georgia,50,Silk,Southern Asia,Asia,89917,32.3293809,-83.1137366,25.499703063807168,75.5024015339642
2000,2000,Export,Georgia,50,Silk,World,World,105916,32.3293809,-83.1137366,,
