yr,periodDesc,rgDesc,rtTitle,ptTitle,cmdCode,cmdDescE,TradeValue,Unnamed: 0,rtLat,rtLon,ptLat,ptLon
2010,2010.0,Import,Georgia,World,80.0,Tin and articles thereof,107037.0,,32.3293809,-83.1137366,-36.8535712,174.7456809
2010,2010.0,Import,Georgia,Azerbaijan,80.0,Tin and articles thereof,177.0,,32.3293809,-83.1137366,40.3936294,47.7872508
2010,2010.0,Import,Georgia,Bulgaria,80.0,Tin and articles thereof,1.0,,32.3293809,-83.1137366,42.6073975,25.4856617
2010,2010.0,Import,Georgia,China,80.0,Tin and articles thereof,2146.0,,32.3293809,-83.1137366,35.000074,104.999927
2010,2010.0,Import,Georgia,Czechia,80.0,Tin and articles thereof,628.0,,32.3293809,-83.1137366,49.7439047,15.3381061
2010,2010.0,Import,Georgia,Germany,80.0,Tin and articles thereof,35.0,,32.3293809,-83.1137366,51.1638175,10.4478313
2010,2010.0,Import,Georgia,Greece,80.0,Tin and articles thereof,3.0,,32.3293809,-83.1137366,38.9953683,21.9877132
2010,2010.0,Import,Georgia,"China, Hong Kong SAR",80.0,Tin and articles thereof,227.0,,32.3293809,-83.1137366,22.350627,114.1849161
2010,2010.0,Import,Georgia,Russian Federation,80.0,Tin and articles thereof,9487.0,,32.3293809,-83.1137366,64.6863136,97.7453061
2010,2010.0,Import,Georgia,India,80.0,Tin and articles thereof,115.0,,32.3293809,-83.1137366,22.3511148,78.6677428
2010,2010.0,Import,Georgia,Spain,80.0,Tin and articles thereof,2.0,,32.3293809,-83.1137366,39.3260685,-4.8379791
2010,2010.0,Import,Georgia,United Arab Emirates,80.0,Tin and articles thereof,1453.0,,32.3293809,-83.1137366,24.0002488,53.9994829
2010,2010.0,Import,Georgia,Turkey,80.0,Tin and articles thereof,2273.0,,32.3293809,-83.1137366,38.9597594,34.9249653
2010,2010.0,Import,Georgia,Ukraine,80.0,Tin and articles thereof,90483.0,,32.3293809,-83.1137366,49.4871968,31.2718321
2010,2010.0,Import,Georgia,USA,80.0,Tin and articles thereof,6.0,,32.3293809,-83.1137366,39.7837304,-100.445882
