yr,periodDesc,rgDesc,rtTitle,cmdCode,cmdDescE,Subregion,Region,TradeValue,rtLat,rtLon,ptLon,ptLat
1998,1998,Import,Georgia,73,Articles of iron or steel,Australia and New Zealand,Oceania,44850,32.3293809,-83.1137366,-16.85099460447687,133.4130365630627
1998,1998,Import,Georgia,73,Articles of iron or steel,Eastern Asia,Asia,1375,32.3293809,-83.1137366,37.977378106878206,73.97804075806764
1998,1998,Import,Georgia,73,Articles of iron or steel,Eastern Europe,Europe,5716110,32.3293809,-83.1137366,51.67568633314729,27.673469819741847
1998,1998,Import,Georgia,73,Articles of iron or steel,Latin America and the Caribbean,Americas,589569,32.3293809,-83.1137366,17.925141963241547,-78.01492950057497
1998,1998,Import,Georgia,73,Articles of iron or steel,Northern America,Americas,1016342,32.3293809,-83.1137366,43.897683433510366,-100.08947125585888
1998,1998,Import,Georgia,73,Articles of iron or steel,Northern Europe,Europe,29214801,32.3293809,-83.1137366,59.36075159783851,25.01346951967388
1998,1998,Import,Georgia,73,Articles of iron or steel,Southern Asia,Asia,79767,32.3293809,-83.1137366,25.499703063807168,75.5024015339642
1998,1998,Import,Georgia,73,Articles of iron or steel,Southern Europe,Europe,2505464,32.3293809,-83.1137366,40.12399607988535,20.742583178432696
1998,1998,Import,Georgia,73,Articles of iron or steel,Western Asia,Asia,2576984,32.3293809,-83.1137366,26.42921218083572,52.86847103284948
1998,1998,Import,Georgia,73,Articles of iron or steel,Western Europe,Europe,8483553,32.3293809,-83.1137366,47.92172048214207,7.866753258497997
1998,1998,Import,Georgia,73,Articles of iron or steel,World,World,51333219,32.3293809,-83.1137366,,
