yr,periodDesc,rgDesc,rtTitle,cmdCode,cmdDescE,Subregion,Region,TradeValue,rtLat,rtLon,ptLon,ptLat
2017,2017,Export,Georgia,78,Lead and articles thereof,Eastern Asia,Asia,48492,32.3293809,-83.1137366,37.977378106878206,73.97804075806764
2017,2017,Export,Georgia,78,Lead and articles thereof,Eastern Europe,Europe,162699,32.3293809,-83.1137366,51.67568633314729,27.673469819741847
2017,2017,Export,Georgia,78,Lead and articles thereof,Northern Europe,Europe,276167,32.3293809,-83.1137366,59.36075159783851,25.01346951967388
2017,2017,Export,Georgia,78,Lead and articles thereof,Southern Asia,Asia,47000,32.3293809,-83.1137366,25.499703063807168,75.5024015339642
2017,2017,Export,Georgia,78,Lead and articles thereof,Southern Europe,Europe,346250,32.3293809,-83.1137366,40.12399607988535,20.742583178432696
2017,2017,Export,Georgia,78,Lead and articles thereof,Western Asia,Asia,5450631,32.3293809,-83.1137366,26.42921218083572,52.86847103284948
2017,2017,Export,Georgia,78,Lead and articles thereof,Western Europe,Europe,589,32.3293809,-83.1137366,47.92172048214207,7.866753258497997
2017,2017,Export,Georgia,78,Lead and articles thereof,World,World,7100755,32.3293809,-83.1137366,,
2017,2017,Export,Georgia,78,Lead and articles thereof, United Arab Emirates, United Arab Emirates,32180,32.3293809,-83.1137366,,
