yr,periodDesc,rgDesc,rtTitle,cmdCode,cmdDescE,Subregion,Region,TradeValue,rtLat,rtLon,ptLon,ptLat
1999,1999,Import,Georgia,18,Cocoa and cocoa preparations,Eastern Europe,Europe,296040,32.3293809,-83.1137366,51.67568633314729,27.673469819741847
1999,1999,Import,Georgia,18,Cocoa and cocoa preparations,Northern Europe,Europe,124195,32.3293809,-83.1137366,59.36075159783851,25.01346951967388
1999,1999,Import,Georgia,18,Cocoa and cocoa preparations,South-eastern Asia,Asia,4522,32.3293809,-83.1137366,10.528384761701911,103.08333472012376
1999,1999,Import,Georgia,18,Cocoa and cocoa preparations,Southern Asia,Asia,5523,32.3293809,-83.1137366,25.499703063807168,75.5024015339642
1999,1999,Import,Georgia,18,Cocoa and cocoa preparations,Southern Europe,Europe,5248,32.3293809,-83.1137366,40.12399607988535,20.742583178432696
1999,1999,Import,Georgia,18,Cocoa and cocoa preparations,Western Asia,Asia,71787,32.3293809,-83.1137366,26.42921218083572,52.86847103284948
1999,1999,Import,Georgia,18,Cocoa and cocoa preparations,Western Europe,Europe,372848,32.3293809,-83.1137366,47.92172048214207,7.866753258497997
1999,1999,Import,Georgia,18,Cocoa and cocoa preparations,World,World,890632,32.3293809,-83.1137366,,
