yr,periodDesc,rgDesc,rtTitle,cmdCode,cmdDescE,Subregion,Region,TradeValue,rtLat,rtLon,ptLon,ptLat
2017,2017,Import,Georgia,60,Fabrics; knitted or crocheted,Eastern Asia,Asia,1005780,32.3293809,-83.1137366,37.977378106878206,73.97804075806764
2017,2017,Import,Georgia,60,Fabrics; knitted or crocheted,Eastern Europe,Europe,34632,32.3293809,-83.1137366,51.67568633314729,27.673469819741847
2017,2017,Import,Georgia,60,Fabrics; knitted or crocheted,Northern Europe,Europe,62808,32.3293809,-83.1137366,59.36075159783851,25.01346951967388
2017,2017,Import,Georgia,60,Fabrics; knitted or crocheted,Southern Asia,Asia,13253,32.3293809,-83.1137366,25.499703063807168,75.5024015339642
2017,2017,Import,Georgia,60,Fabrics; knitted or crocheted,Southern Europe,Europe,56383,32.3293809,-83.1137366,40.12399607988535,20.742583178432696
2017,2017,Import,Georgia,60,Fabrics; knitted or crocheted,Western Asia,Asia,8798091,32.3293809,-83.1137366,26.42921218083572,52.86847103284948
2017,2017,Import,Georgia,60,Fabrics; knitted or crocheted,Western Europe,Europe,713681,32.3293809,-83.1137366,47.92172048214207,7.866753258497997
2017,2017,Import,Georgia,60,Fabrics; knitted or crocheted,World,World,10687648,32.3293809,-83.1137366,,
