yr,periodDesc,rgDesc,rtTitle,cmdCode,cmdDescE,Subregion,Region,TradeValue,rtLat,rtLon,ptLon,ptLat
2001,2001,Export,Georgia,73,Articles of iron or steel,Central Asia,Asia,5819,32.3293809,-83.1137366,39.89317229901691,61.060280637304274
2001,2001,Export,Georgia,73,Articles of iron or steel,Eastern Europe,Europe,615241,32.3293809,-83.1137366,51.67568633314729,27.673469819741847
2001,2001,Export,Georgia,73,Articles of iron or steel,Northern Europe,Europe,95283,32.3293809,-83.1137366,59.36075159783851,25.01346951967388
2001,2001,Export,Georgia,73,Articles of iron or steel,Southern Asia,Asia,892089,32.3293809,-83.1137366,25.499703063807168,75.5024015339642
2001,2001,Export,Georgia,73,Articles of iron or steel,Southern Europe,Europe,389162,32.3293809,-83.1137366,40.12399607988535,20.742583178432696
2001,2001,Export,Georgia,73,Articles of iron or steel,Western Asia,Asia,4962,32.3293809,-83.1137366,26.42921218083572,52.86847103284948
2001,2001,Export,Georgia,73,Articles of iron or steel,Western Europe,Europe,444209,32.3293809,-83.1137366,47.92172048214207,7.866753258497997
2001,2001,Export,Georgia,73,Articles of iron or steel,World,World,2764804,32.3293809,-83.1137366,,
