yr,periodDesc,rgDesc,rtTitle,cmdCode,cmdDescE,Subregion,Region,TradeValue,rtLat,rtLon,ptLon,ptLat
2010,2010,Import,Georgia,79,Zinc and articles thereof,Eastern Asia,Asia,58107,32.3293809,-83.1137366,37.977378106878206,73.97804075806764
2010,2010,Import,Georgia,79,Zinc and articles thereof,Eastern Europe,Europe,17376,32.3293809,-83.1137366,51.67568633314729,27.673469819741847
2010,2010,Import,Georgia,79,Zinc and articles thereof,Northern Europe,Europe,320,32.3293809,-83.1137366,59.36075159783851,25.01346951967388
2010,2010,Import,Georgia,79,Zinc and articles thereof,Southern Europe,Europe,428,32.3293809,-83.1137366,40.12399607988535,20.742583178432696
2010,2010,Import,Georgia,79,Zinc and articles thereof,Western Asia,Asia,404841,32.3293809,-83.1137366,26.42921218083572,52.86847103284948
2010,2010,Import,Georgia,79,Zinc and articles thereof,Western Europe,Europe,297117,32.3293809,-83.1137366,47.92172048214207,7.866753258497997
2010,2010,Import,Georgia,79,Zinc and articles thereof,World,World,778188,32.3293809,-83.1137366,,
