yr,periodDesc,rgDesc,rtTitle,cmdCode,cmdDescE,Subregion,Region,TradeValue,rtLat,rtLon,ptLon,ptLat
2012,2012,Import,Georgia,45,Cork and articles of cork,Eastern Asia,Asia,3778,32.3293809,-83.1137366,37.977378106878206,73.97804075806764
2012,2012,Import,Georgia,45,Cork and articles of cork,Eastern Europe,Europe,563459,32.3293809,-83.1137366,51.67568633314729,27.673469819741847
2012,2012,Import,Georgia,45,Cork and articles of cork,Northern America,Americas,2597,32.3293809,-83.1137366,43.897683433510366,-100.08947125585888
2012,2012,Import,Georgia,45,Cork and articles of cork,Southern Europe,Europe,2712730,32.3293809,-83.1137366,40.12399607988535,20.742583178432696
2012,2012,Import,Georgia,45,Cork and articles of cork,Western Asia,Asia,21938,32.3293809,-83.1137366,26.42921218083572,52.86847103284948
2012,2012,Import,Georgia,45,Cork and articles of cork,Western Europe,Europe,319153,32.3293809,-83.1137366,47.92172048214207,7.866753258497997
2012,2012,Import,Georgia,45,Cork and articles of cork,World,World,3623659,32.3293809,-83.1137366,,
2012,2012,Import,Georgia,45,Cork and articles of cork, United Arab Emirates, United Arab Emirates,3,32.3293809,-83.1137366,,
