yr,periodDesc,rgDesc,rtTitle,cmdCode,cmdDescE,Subregion,Region,TradeValue,rtLat,rtLon,ptLon,ptLat
2000,2000,Export,Georgia,85,"Electrical, electronic equipment",Australia and New Zealand,Oceania,21000,32.3293809,-83.1137366,-16.85099460447687,133.4130365630627
2000,2000,Export,Georgia,85,"Electrical, electronic equipment",Central Asia,Asia,56620,32.3293809,-83.1137366,39.89317229901691,61.060280637304274
2000,2000,Export,Georgia,85,"Electrical, electronic equipment",Eastern Asia,Asia,28676,32.3293809,-83.1137366,37.977378106878206,73.97804075806764
2000,2000,Export,Georgia,85,"Electrical, electronic equipment",Eastern Europe,Europe,3339553,32.3293809,-83.1137366,51.67568633314729,27.673469819741847
2000,2000,Export,Georgia,85,"Electrical, electronic equipment",Northern Africa,Africa,16300,32.3293809,-83.1137366,19.569604022535763,12.47761721199581
2000,2000,Export,Georgia,85,"Electrical, electronic equipment",Northern America,Americas,2249,32.3293809,-83.1137366,43.897683433510366,-100.08947125585888
2000,2000,Export,Georgia,85,"Electrical, electronic equipment",Northern Europe,Europe,120124,32.3293809,-83.1137366,59.36075159783851,25.01346951967388
2000,2000,Export,Georgia,85,"Electrical, electronic equipment",Southern Asia,Asia,56806,32.3293809,-83.1137366,25.499703063807168,75.5024015339642
2000,2000,Export,Georgia,85,"Electrical, electronic equipment",Southern Europe,Europe,14599,32.3293809,-83.1137366,40.12399607988535,20.742583178432696
2000,2000,Export,Georgia,85,"Electrical, electronic equipment",Sub-Saharan Africa,Africa,3345,32.3293809,-83.1137366,6.06272746187266,22.727528470146083
2000,2000,Export,Georgia,85,"Electrical, electronic equipment",Western Asia,Asia,113103,32.3293809,-83.1137366,26.42921218083572,52.86847103284948
2000,2000,Export,Georgia,85,"Electrical, electronic equipment",Western Europe,Europe,171206,32.3293809,-83.1137366,47.92172048214207,7.866753258497997
2000,2000,Export,Georgia,85,"Electrical, electronic equipment",World,World,4666507,32.3293809,-83.1137366,,
