yr,periodDesc,rgDesc,rtTitle,cmdCode,cmdDescE,Subregion,Region,TradeValue,rtLat,rtLon,ptLon,ptLat
2013,2013,Import,Georgia,26,"Ores, slag and ash",Australia and New Zealand,Oceania,25141345,32.3293809,-83.1137366,-16.85099460447687,133.4130365630627
2013,2013,Import,Georgia,26,"Ores, slag and ash",Eastern Europe,Europe,10442,32.3293809,-83.1137366,51.67568633314729,27.673469819741847
2013,2013,Import,Georgia,26,"Ores, slag and ash",Southern Asia,Asia,145,32.3293809,-83.1137366,25.499703063807168,75.5024015339642
2013,2013,Import,Georgia,26,"Ores, slag and ash",Southern Europe,Europe,11626568,32.3293809,-83.1137366,40.12399607988535,20.742583178432696
2013,2013,Import,Georgia,26,"Ores, slag and ash",Sub-Saharan Africa,Africa,16617529,32.3293809,-83.1137366,6.06272746187266,22.727528470146083
2013,2013,Import,Georgia,26,"Ores, slag and ash",Western Asia,Asia,5446548,32.3293809,-83.1137366,26.42921218083572,52.86847103284948
2013,2013,Import,Georgia,26,"Ores, slag and ash",Western Europe,Europe,4218226,32.3293809,-83.1137366,47.92172048214207,7.866753258497997
2013,2013,Import,Georgia,26,"Ores, slag and ash",World,World,164652946,32.3293809,-83.1137366,,
