yr,periodDesc,rgDesc,rtTitle,ptTitle,cmdCode,cmdDescE,TradeValue,Unnamed: 0,rtLat,rtLon,ptLat,ptLon
2012,2012.0,Export,Georgia,World,1.0,Animals; live,58081955.0,,32.3293809,-83.1137366,-36.8535712,174.7456809
2012,2012.0,Export,Georgia,Azerbaijan,1.0,Animals; live,46845743.0,,32.3293809,-83.1137366,40.3936294,47.7872508
2012,2012.0,Export,Georgia,Armenia,1.0,Animals; live,723039.0,,32.3293809,-83.1137366,40.7696272,44.6736646
2012,2012.0,Export,Georgia,Israel,1.0,Animals; live,702000.0,,32.3293809,-83.1137366,30.8124247,34.8594762
2012,2012.0,Export,Georgia,Kazakhstan,1.0,Animals; live,87482.0,,32.3293809,-83.1137366,48.1012954,66.7780818
2012,2012.0,Export,Georgia,Jordan,1.0,Animals; live,3167620.0,,32.3293809,-83.1137366,31.1667049,36.941628
2012,2012.0,Export,Georgia,Kuwait,1.0,Animals; live,282248.0,,32.3293809,-83.1137366,29.2733964,47.4979476
2012,2012.0,Export,Georgia,Libya,1.0,Animals; live,6167577.0,,32.3293809,-83.1137366,26.8234472,18.1236723
2012,2012.0,Export,Georgia,Qatar,1.0,Animals; live,106246.0,,32.3293809,-83.1137366,25.3336984,51.2295295
