yr,periodDesc,rgDesc,rtTitle,cmdCode,cmdDescE,Subregion,Region,TradeValue,rtLat,rtLon,ptLon,ptLat
2004,2004,Import,Georgia,54,Manmade filaments,Eastern Asia,Asia,9421,32.3293809,-83.1137366,37.977378106878206,73.97804075806764
2004,2004,Import,Georgia,54,Manmade filaments,Eastern Europe,Europe,15637,32.3293809,-83.1137366,51.67568633314729,27.673469819741847
2004,2004,Import,Georgia,54,Manmade filaments,Northern Europe,Europe,297639,32.3293809,-83.1137366,59.36075159783851,25.01346951967388
2004,2004,Import,Georgia,54,Manmade filaments,Southern Asia,Asia,4957,32.3293809,-83.1137366,25.499703063807168,75.5024015339642
2004,2004,Import,Georgia,54,Manmade filaments,Southern Europe,Europe,7572,32.3293809,-83.1137366,40.12399607988535,20.742583178432696
2004,2004,Import,Georgia,54,Manmade filaments,Western Asia,Asia,385688,32.3293809,-83.1137366,26.42921218083572,52.86847103284948
2004,2004,Import,Georgia,54,Manmade filaments,Western Europe,Europe,1044934,32.3293809,-83.1137366,47.92172048214207,7.866753258497997
2004,2004,Import,Georgia,54,Manmade filaments,World,World,1782367,32.3293809,-83.1137366,,
