yr,periodDesc,rgDesc,rtTitle,cmdCode,cmdDescE,Subregion,Region,TradeValue,rtLat,rtLon,ptLon,ptLat
1999,1999,Export,Georgia,74,Copper and articles thereof,Eastern Europe,Europe,60979,32.3293809,-83.1137366,51.67568633314729,27.673469819741847
1999,1999,Export,Georgia,74,Copper and articles thereof,Southern Asia,Asia,17055,32.3293809,-83.1137366,25.499703063807168,75.5024015339642
1999,1999,Export,Georgia,74,Copper and articles thereof,Southern Europe,Europe,341082,32.3293809,-83.1137366,40.12399607988535,20.742583178432696
1999,1999,Export,Georgia,74,Copper and articles thereof,Western Asia,Asia,346371,32.3293809,-83.1137366,26.42921218083572,52.86847103284948
1999,1999,Export,Georgia,74,Copper and articles thereof,Western Europe,Europe,90016,32.3293809,-83.1137366,47.92172048214207,7.866753258497997
1999,1999,Export,Georgia,74,Copper and articles thereof,World,World,856100,32.3293809,-83.1137366,,
