yr,periodDesc,rgDesc,rtTitle,cmdCode,cmdDescE,Subregion,Region,TradeValue,rtLat,rtLon,ptLon,ptLat
2009,2009,Import,Georgia,45,Cork and articles of cork,Eastern Asia,Asia,210,32.3293809,-83.1137366,37.977378106878206,73.97804075806764
2009,2009,Import,Georgia,45,Cork and articles of cork,Eastern Europe,Europe,19819,32.3293809,-83.1137366,51.67568633314729,27.673469819741847
2009,2009,Import,Georgia,45,Cork and articles of cork,Northern America,Americas,108,32.3293809,-83.1137366,43.897683433510366,-100.08947125585888
2009,2009,Import,Georgia,45,Cork and articles of cork,Northern Europe,Europe,3317,32.3293809,-83.1137366,59.36075159783851,25.01346951967388
2009,2009,Import,Georgia,45,Cork and articles of cork,Southern Europe,Europe,1437746,32.3293809,-83.1137366,40.12399607988535,20.742583178432696
2009,2009,Import,Georgia,45,Cork and articles of cork,Western Asia,Asia,16441,32.3293809,-83.1137366,26.42921218083572,52.86847103284948
2009,2009,Import,Georgia,45,Cork and articles of cork,Western Europe,Europe,64888,32.3293809,-83.1137366,47.92172048214207,7.866753258497997
2009,2009,Import,Georgia,45,Cork and articles of cork,World,World,1542606,32.3293809,-83.1137366,,
2009,2009,Import,Georgia,45,Cork and articles of cork, Israel, Israel,5,32.3293809,-83.1137366,,
