yr,periodDesc,rgDesc,rtTitle,ptTitle,cmdCode,cmdDescE,TradeValue,Unnamed: 0,rtLat,rtLon,ptLat,ptLon
2008,2008.0,Import,Georgia,World,50.0,Silk,53495.0,,32.3293809,-83.1137366,-36.8535712,174.7456809
2008,2008.0,Import,Georgia,Belgium,50.0,Silk,4922.0,,32.3293809,-83.1137366,50.6402809,4.6667145
2008,2008.0,Import,Georgia,Belarus,50.0,Silk,31.0,,32.3293809,-83.1137366,53.4250605,27.6971358
2008,2008.0,Import,Georgia,Germany,50.0,Silk,7547.0,,32.3293809,-83.1137366,51.1638175,10.4478313
2008,2008.0,Import,Georgia,Italy,50.0,Silk,8622.0,,32.3293809,-83.1137366,42.6384261,12.674297
2008,2008.0,Import,Georgia,Netherlands,50.0,Silk,540.0,,32.3293809,-83.1137366,52.2434979,5.6343227
2008,2008.0,Import,Georgia,United Arab Emirates,50.0,Silk,3367.0,,32.3293809,-83.1137366,24.0002488,53.9994829
2008,2008.0,Import,Georgia,Turkey,50.0,Silk,28467.0,,32.3293809,-83.1137366,38.9597594,34.9249653
