yr,periodDesc,rgDesc,rtTitle,cmdCode,cmdDescE,Subregion,Region,TradeValue,rtLat,rtLon,ptLon,ptLat
2010,2010,Export,Georgia,10,Cereals,South-eastern Asia,Asia,15662,32.3293809,-83.1137366,10.528384761701911,103.08333472012376
2010,2010,Export,Georgia,10,Cereals,Sub-Saharan Africa,Africa,1560721,32.3293809,-83.1137366,6.06272746187266,22.727528470146083
2010,2010,Export,Georgia,10,Cereals,Western Asia,Asia,362745,32.3293809,-83.1137366,26.42921218083572,52.86847103284948
2010,2010,Export,Georgia,10,Cereals,Western Europe,Europe,264,32.3293809,-83.1137366,47.92172048214207,7.866753258497997
2010,2010,Export,Georgia,10,Cereals,World,World,10698031,32.3293809,-83.1137366,,
2010,2010,Export,Georgia,10,Cereals,Armenia, Armenia,8215059,32.3293809,-83.1137366,,
2010,2010,Export,Georgia,10,Cereals,Azerbaijan, Azerbaijan,543580,32.3293809,-83.1137366,,
