yr,periodDesc,rgDesc,rtTitle,ptTitle,cmdCode,cmdDescE,TradeValue,Unnamed: 0,rtLat,rtLon,ptLat,ptLon
2010,2010.0,Export,Iraq,World,28.0,Inorganic chemicals,229500.0,,33.0955793,44.1749775,-36.8535712,174.7456809
2010,2010.0,Export,Iraq,Germany,28.0,Inorganic chemicals,20250.0,,33.0955793,44.1749775,51.1638175,10.4478313
2010,2010.0,Export,Iraq,Jordan,28.0,Inorganic chemicals,60750.0,,33.0955793,44.1749775,31.1667049,36.941628
2010,2010.0,Export,Iraq,Syria,28.0,Inorganic chemicals,108000.0,,33.0955793,44.1749775,34.6401861,39.0494106
2010,2010.0,Export,Iraq,Turkey,28.0,Inorganic chemicals,40500.0,,33.0955793,44.1749775,38.9597594,34.9249653
