yr,periodDesc,rgDesc,rtTitle,cmdCode,cmdDescE,Subregion,Region,TradeValue,rtLat,rtLon,ptLon,ptLat
2009,2009,Export,Israel,80,Tin and articles thereof,Eastern Asia,Asia,5000,30.8124247,34.8594762,37.977378106878206,73.97804075806764
2009,2009,Export,Israel,80,Tin and articles thereof,Eastern Europe,Europe,2000,30.8124247,34.8594762,51.67568633314729,27.673469819741847
2009,2009,Export,Israel,80,Tin and articles thereof,Southern Europe,Europe,232000,30.8124247,34.8594762,40.12399607988535,20.742583178432696
2009,2009,Export,Israel,80,Tin and articles thereof,Sub-Saharan Africa,Africa,3000,30.8124247,34.8594762,6.06272746187266,22.727528470146083
2009,2009,Export,Israel,80,Tin and articles thereof,Western Europe,Europe,13000,30.8124247,34.8594762,47.92172048214207,7.866753258497997
2009,2009,Export,Israel,80,Tin and articles thereof,World,World,255000,30.8124247,34.8594762,,
