yr,periodDesc,rgDesc,rtTitle,cmdCode,cmdDescE,Subregion,Region,TradeValue,rtLat,rtLon,ptLon,ptLat
1998,1998,Export,Israel,26,"Ores, slag and ash",Northern America,Americas,163000,30.8124247,34.8594762,43.897683433510366,-100.08947125585888
1998,1998,Export,Israel,26,"Ores, slag and ash",Northern Europe,Europe,177000,30.8124247,34.8594762,59.36075159783851,25.01346951967388
1998,1998,Export,Israel,26,"Ores, slag and ash",Southern Europe,Europe,36000,30.8124247,34.8594762,40.12399607988535,20.742583178432696
1998,1998,Export,Israel,26,"Ores, slag and ash",Western Asia,Asia,21000,30.8124247,34.8594762,26.42921218083572,52.86847103284948
1998,1998,Export,Israel,26,"Ores, slag and ash",Western Europe,Europe,371000,30.8124247,34.8594762,47.92172048214207,7.866753258497997
1998,1998,Export,Israel,26,"Ores, slag and ash",World,World,1159000,30.8124247,34.8594762,,
