yr,periodDesc,rgDesc,rtTitle,cmdCode,cmdDescE,Subregion,Region,TradeValue,rtLat,rtLon,ptLon,ptLat
2008,2008,Export,Israel,80,Tin and articles thereof,Northern Europe,Europe,9000,30.8124247,34.8594762,59.36075159783851,25.01346951967388
2008,2008,Export,Israel,80,Tin and articles thereof,South-eastern Asia,Asia,2000,30.8124247,34.8594762,10.528384761701911,103.08333472012376
2008,2008,Export,Israel,80,Tin and articles thereof,Western Asia,Asia,45000,30.8124247,34.8594762,26.42921218083572,52.86847103284948
2008,2008,Export,Israel,80,Tin and articles thereof,Western Europe,Europe,280000,30.8124247,34.8594762,47.92172048214207,7.866753258497997
2008,2008,Export,Israel,80,Tin and articles thereof,World,World,336000,30.8124247,34.8594762,,
