yr,periodDesc,rgDesc,rtTitle,cmdCode,cmdDescE,Subregion,Region,TradeValue,rtLat,rtLon,ptLon,ptLat
2017,2017,Import,Israel,2,Meat and edible meat offal,Australia and New Zealand,Oceania,1764000,30.8124247,34.8594762,-16.85099460447687,133.4130365630627
2017,2017,Import,Israel,2,Meat and edible meat offal,Eastern Europe,Europe,113594000,30.8124247,34.8594762,51.67568633314729,27.673469819741847
2017,2017,Import,Israel,2,Meat and edible meat offal,Latin America and the Caribbean,Americas,400380000,30.8124247,34.8594762,17.925141963241547,-78.01492950057497
2017,2017,Import,Israel,2,Meat and edible meat offal,Northern America,Americas,8806000,30.8124247,34.8594762,43.897683433510366,-100.08947125585888
2017,2017,Import,Israel,2,Meat and edible meat offal,Northern Europe,Europe,30671000,30.8124247,34.8594762,59.36075159783851,25.01346951967388
2017,2017,Import,Israel,2,Meat and edible meat offal,Southern Europe,Europe,18652000,30.8124247,34.8594762,40.12399607988535,20.742583178432696
2017,2017,Import,Israel,2,Meat and edible meat offal,Western Europe,Europe,12119000,30.8124247,34.8594762,47.92172048214207,7.866753258497997
2017,2017,Import,Israel,2,Meat and edible meat offal,World,World,586075000,30.8124247,34.8594762,,
2017,2017,Import,Israel,2,Meat and edible meat offal,Cyprus, Cyprus,89000,30.8124247,34.8594762,,
