yr,periodDesc,rgDesc,rtTitle,cmdCode,cmdDescE,Subregion,Region,TradeValue,rtLat,rtLon,ptLon,ptLat
1997,1997,Export,Israel,83,Miscellaneous articles of base metal,Australia and New Zealand,Oceania,922000,30.8124247,34.8594762,-16.85099460447687,133.4130365630627
1997,1997,Export,Israel,83,Miscellaneous articles of base metal,Central Asia,Asia,196000,30.8124247,34.8594762,39.89317229901691,61.060280637304274
1997,1997,Export,Israel,83,Miscellaneous articles of base metal,Eastern Asia,Asia,4267000,30.8124247,34.8594762,37.977378106878206,73.97804075806764
1997,1997,Export,Israel,83,Miscellaneous articles of base metal,Eastern Europe,Europe,6462000,30.8124247,34.8594762,51.67568633314729,27.673469819741847
1997,1997,Export,Israel,83,Miscellaneous articles of base metal,Latin America and the Caribbean,Americas,3903000,30.8124247,34.8594762,17.925141963241547,-78.01492950057497
1997,1997,Export,Israel,83,Miscellaneous articles of base metal,Northern Africa,Africa,75000,30.8124247,34.8594762,19.569604022535763,12.47761721199581
1997,1997,Export,Israel,83,Miscellaneous articles of base metal,Northern America,Americas,10702000,30.8124247,34.8594762,43.897683433510366,-100.08947125585888
1997,1997,Export,Israel,83,Miscellaneous articles of base metal,Northern Europe,Europe,5548000,30.8124247,34.8594762,59.36075159783851,25.01346951967388
1997,1997,Export,Israel,83,Miscellaneous articles of base metal,South-eastern Asia,Asia,1016000,30.8124247,34.8594762,10.528384761701911,103.08333472012376
1997,1997,Export,Israel,83,Miscellaneous articles of base metal,Southern Europe,Europe,2255000,30.8124247,34.8594762,40.12399607988535,20.742583178432696
1997,1997,Export,Israel,83,Miscellaneous articles of base metal,Sub-Saharan Africa,Africa,491000,30.8124247,34.8594762,6.06272746187266,22.727528470146083
1997,1997,Export,Israel,83,Miscellaneous articles of base metal,Western Asia,Asia,647000,30.8124247,34.8594762,26.42921218083572,52.86847103284948
1997,1997,Export,Israel,83,Miscellaneous articles of base metal,Western Europe,Europe,7281000,30.8124247,34.8594762,47.92172048214207,7.866753258497997
1997,1997,Export,Israel,83,Miscellaneous articles of base metal,World,World,47107000,30.8124247,34.8594762,,
