yr,periodDesc,rgDesc,rtTitle,cmdCode,cmdDescE,Subregion,Region,TradeValue,rtLat,rtLon,ptLon,ptLat
1996,1996,Export,Israel,44,"Wood and articles of wood, wood charcoal",Australia and New Zealand,Oceania,74000,30.8124247,34.8594762,-16.85099460447687,133.4130365630627
1996,1996,Export,Israel,44,"Wood and articles of wood, wood charcoal",Central Asia,Asia,5000,30.8124247,34.8594762,39.89317229901691,61.060280637304274
1996,1996,Export,Israel,44,"Wood and articles of wood, wood charcoal",Eastern Asia,Asia,16000,30.8124247,34.8594762,37.977378106878206,73.97804075806764
1996,1996,Export,Israel,44,"Wood and articles of wood, wood charcoal",Eastern Europe,Europe,924000,30.8124247,34.8594762,51.67568633314729,27.673469819741847
1996,1996,Export,Israel,44,"Wood and articles of wood, wood charcoal",Northern Africa,Africa,75000,30.8124247,34.8594762,19.569604022535763,12.47761721199581
1996,1996,Export,Israel,44,"Wood and articles of wood, wood charcoal",Northern America,Americas,805000,30.8124247,34.8594762,43.897683433510366,-100.08947125585888
1996,1996,Export,Israel,44,"Wood and articles of wood, wood charcoal",Northern Europe,Europe,2354000,30.8124247,34.8594762,59.36075159783851,25.01346951967388
1996,1996,Export,Israel,44,"Wood and articles of wood, wood charcoal",Southern Europe,Europe,403000,30.8124247,34.8594762,40.12399607988535,20.742583178432696
1996,1996,Export,Israel,44,"Wood and articles of wood, wood charcoal",Sub-Saharan Africa,Africa,21000,30.8124247,34.8594762,6.06272746187266,22.727528470146083
1996,1996,Export,Israel,44,"Wood and articles of wood, wood charcoal",Western Asia,Asia,8000,30.8124247,34.8594762,26.42921218083572,52.86847103284948
1996,1996,Export,Israel,44,"Wood and articles of wood, wood charcoal",Western Europe,Europe,4662000,30.8124247,34.8594762,47.92172048214207,7.866753258497997
1996,1996,Export,Israel,44,"Wood and articles of wood, wood charcoal",World,World,9855000,30.8124247,34.8594762,,
