yr,periodDesc,rgDesc,rtTitle,cmdCode,cmdDescE,Subregion,Region,TradeValue,rtLat,rtLon,ptLon,ptLat
2016,2016,Import,Israel,10,Cereals,Australia and New Zealand,Oceania,32070000,30.8124247,34.8594762,-16.85099460447687,133.4130365630627
2016,2016,Import,Israel,10,Cereals,Eastern Asia,Asia,219000,30.8124247,34.8594762,37.977378106878206,73.97804075806764
2016,2016,Import,Israel,10,Cereals,Eastern Europe,Europe,12050000,30.8124247,34.8594762,51.67568633314729,27.673469819741847
2016,2016,Import,Israel,10,Cereals,Egypt,Egypt,5404000,30.8124247,34.8594762,,
2016,2016,Import,Israel,10,Cereals,Latin America and the Caribbean,Americas,7113000,30.8124247,34.8594762,17.925141963241547,-78.01492950057497
2016,2016,Import,Israel,10,Cereals,Northern America,Americas,38443000,30.8124247,34.8594762,43.897683433510366,-100.08947125585888
2016,2016,Import,Israel,10,Cereals,Northern Europe,Europe,17664000,30.8124247,34.8594762,59.36075159783851,25.01346951967388
2016,2016,Import,Israel,10,Cereals,South-eastern Asia,Asia,45027000,30.8124247,34.8594762,10.528384761701911,103.08333472012376
2016,2016,Import,Israel,10,Cereals,Southern Europe,Europe,5433000,30.8124247,34.8594762,40.12399607988535,20.742583178432696
2016,2016,Import,Israel,10,Cereals,Sub-Saharan Africa,Africa,6878000,30.8124247,34.8594762,6.06272746187266,22.727528470146083
2016,2016,Import,Israel,10,Cereals,Western Asia,Asia,8123000,30.8124247,34.8594762,26.42921218083572,52.86847103284948
2016,2016,Import,Israel,10,Cereals,Western Europe,Europe,568178000,30.8124247,34.8594762,47.92172048214207,7.866753258497997
2016,2016,Import,Israel,10,Cereals,World,World,766394000,30.8124247,34.8594762,,
