yr,periodDesc,rgDesc,rtTitle,cmdCode,cmdDescE,Subregion,Region,TradeValue,rtLat,rtLon,ptLon,ptLat
2004,2004,Import,Israel,76,Aluminum and articles thereof,Australia and New Zealand,Oceania,150000,30.8124247,34.8594762,-16.85099460447687,133.4130365630627
2004,2004,Import,Israel,76,Aluminum and articles thereof,Central Asia,Asia,6000,30.8124247,34.8594762,39.89317229901691,61.060280637304274
2004,2004,Import,Israel,76,Aluminum and articles thereof,Eastern Asia,Asia,7948000,30.8124247,34.8594762,37.977378106878206,73.97804075806764
2004,2004,Import,Israel,76,Aluminum and articles thereof,Eastern Europe,Europe,28955000,30.8124247,34.8594762,51.67568633314729,27.673469819741847
2004,2004,Import,Israel,76,Aluminum and articles thereof,Latin America and the Caribbean,Americas,3963000,30.8124247,34.8594762,17.925141963241547,-78.01492950057497
2004,2004,Import,Israel,76,Aluminum and articles thereof,Northern Africa,Africa,10000,30.8124247,34.8594762,19.569604022535763,12.47761721199581
2004,2004,Import,Israel,76,Aluminum and articles thereof,Northern America,Americas,40883000,30.8124247,34.8594762,43.897683433510366,-100.08947125585888
2004,2004,Import,Israel,76,Aluminum and articles thereof,Northern Europe,Europe,8949000,30.8124247,34.8594762,59.36075159783851,25.01346951967388
2004,2004,Import,Israel,76,Aluminum and articles thereof,South-eastern Asia,Asia,173000,30.8124247,34.8594762,10.528384761701911,103.08333472012376
2004,2004,Import,Israel,76,Aluminum and articles thereof,Southern Europe,Europe,39992000,30.8124247,34.8594762,40.12399607988535,20.742583178432696
2004,2004,Import,Israel,76,Aluminum and articles thereof,Sub-Saharan Africa,Africa,8962000,30.8124247,34.8594762,6.06272746187266,22.727528470146083
2004,2004,Import,Israel,76,Aluminum and articles thereof,Western Asia,Asia,17789000,30.8124247,34.8594762,26.42921218083572,52.86847103284948
2004,2004,Import,Israel,76,Aluminum and articles thereof,Western Europe,Europe,121461000,30.8124247,34.8594762,47.92172048214207,7.866753258497997
2004,2004,Import,Israel,76,Aluminum and articles thereof,World,World,285291000,30.8124247,34.8594762,,
