yr,periodDesc,rgDesc,rtTitle,cmdCode,cmdDescE,Subregion,Region,TradeValue,rtLat,rtLon,ptLon,ptLat
1997,1997,Export,Israel,65,Headgear and parts thereof,Australia and New Zealand,Oceania,2000,30.8124247,34.8594762,-16.85099460447687,133.4130365630627
1997,1997,Export,Israel,65,Headgear and parts thereof,Eastern Asia,Asia,1000,30.8124247,34.8594762,37.977378106878206,73.97804075806764
1997,1997,Export,Israel,65,Headgear and parts thereof,Eastern Europe,Europe,152000,30.8124247,34.8594762,51.67568633314729,27.673469819741847
1997,1997,Export,Israel,65,Headgear and parts thereof,Egypt,Egypt,5000,30.8124247,34.8594762,,
1997,1997,Export,Israel,65,Headgear and parts thereof,Latin America and the Caribbean,Americas,307000,30.8124247,34.8594762,17.925141963241547,-78.01492950057497
1997,1997,Export,Israel,65,Headgear and parts thereof,Northern America,Americas,417000,30.8124247,34.8594762,43.897683433510366,-100.08947125585888
1997,1997,Export,Israel,65,Headgear and parts thereof,Northern Europe,Europe,283000,30.8124247,34.8594762,59.36075159783851,25.01346951967388
1997,1997,Export,Israel,65,Headgear and parts thereof,Southern Asia,Asia,10000,30.8124247,34.8594762,25.499703063807168,75.5024015339642
1997,1997,Export,Israel,65,Headgear and parts thereof,Southern Europe,Europe,387000,30.8124247,34.8594762,40.12399607988535,20.742583178432696
1997,1997,Export,Israel,65,Headgear and parts thereof,Sub-Saharan Africa,Africa,954000,30.8124247,34.8594762,6.06272746187266,22.727528470146083
1997,1997,Export,Israel,65,Headgear and parts thereof,Western Asia,Asia,20000,30.8124247,34.8594762,26.42921218083572,52.86847103284948
1997,1997,Export,Israel,65,Headgear and parts thereof,Western Europe,Europe,19000,30.8124247,34.8594762,47.92172048214207,7.866753258497997
1997,1997,Export,Israel,65,Headgear and parts thereof,World,World,2586000,30.8124247,34.8594762,,
1997,1997,Export,Israel,65,Headgear and parts thereof,Armenia, Armenia,1000,30.8124247,34.8594762,,
1997,1997,Export,Israel,65,Headgear and parts thereof,Cyprus, Cyprus,1000,30.8124247,34.8594762,,
1997,1997,Export,Israel,65,Headgear and parts thereof,Jordan, Jordan,2000,30.8124247,34.8594762,,
