yr,periodDesc,rgDesc,rtTitle,cmdCode,cmdDescE,Subregion,Region,TradeValue,rtLat,rtLon,ptLon,ptLat
2015,2015,Import,Israel,78,Lead and articles thereof,Eastern Asia,Asia,101000,30.8124247,34.8594762,37.977378106878206,73.97804075806764
2015,2015,Import,Israel,78,Lead and articles thereof,Eastern Europe,Europe,1000,30.8124247,34.8594762,51.67568633314729,27.673469819741847
2015,2015,Import,Israel,78,Lead and articles thereof,Latin America and the Caribbean,Americas,258000,30.8124247,34.8594762,17.925141963241547,-78.01492950057497
2015,2015,Import,Israel,78,Lead and articles thereof,Northern America,Americas,1130000,30.8124247,34.8594762,43.897683433510366,-100.08947125585888
2015,2015,Import,Israel,78,Lead and articles thereof,Northern Europe,Europe,12416000,30.8124247,34.8594762,59.36075159783851,25.01346951967388
2015,2015,Import,Israel,78,Lead and articles thereof,Southern Europe,Europe,34000,30.8124247,34.8594762,40.12399607988535,20.742583178432696
2015,2015,Import,Israel,78,Lead and articles thereof,Sub-Saharan Africa,Africa,159000,30.8124247,34.8594762,6.06272746187266,22.727528470146083
2015,2015,Import,Israel,78,Lead and articles thereof,Western Asia,Asia,103000,30.8124247,34.8594762,26.42921218083572,52.86847103284948
2015,2015,Import,Israel,78,Lead and articles thereof,Western Europe,Europe,586000,30.8124247,34.8594762,47.92172048214207,7.866753258497997
2015,2015,Import,Israel,78,Lead and articles thereof,World,World,15104000,30.8124247,34.8594762,,
