yr,periodDesc,rgDesc,rtTitle,cmdCode,cmdDescE,Subregion,Region,TradeValue,rtLat,rtLon,ptLon,ptLat
2005,2005,Export,Israel,9,"Coffee, tea, matΦ and spices",Australia and New Zealand,Oceania,112000,30.8124247,34.8594762,-16.85099460447687,133.4130365630627
2005,2005,Export,Israel,9,"Coffee, tea, matΦ and spices",Eastern Asia,Asia,28000,30.8124247,34.8594762,37.977378106878206,73.97804075806764
2005,2005,Export,Israel,9,"Coffee, tea, matΦ and spices",Eastern Europe,Europe,869000,30.8124247,34.8594762,51.67568633314729,27.673469819741847
2005,2005,Export,Israel,9,"Coffee, tea, matΦ and spices",Northern America,Americas,2562000,30.8124247,34.8594762,43.897683433510366,-100.08947125585888
2005,2005,Export,Israel,9,"Coffee, tea, matΦ and spices",Northern Europe,Europe,1028000,30.8124247,34.8594762,59.36075159783851,25.01346951967388
2005,2005,Export,Israel,9,"Coffee, tea, matΦ and spices",South-eastern Asia,Asia,20000,30.8124247,34.8594762,10.528384761701911,103.08333472012376
2005,2005,Export,Israel,9,"Coffee, tea, matΦ and spices",Southern Europe,Europe,91000,30.8124247,34.8594762,40.12399607988535,20.742583178432696
2005,2005,Export,Israel,9,"Coffee, tea, matΦ and spices",Sub-Saharan Africa,Africa,26000,30.8124247,34.8594762,6.06272746187266,22.727528470146083
2005,2005,Export,Israel,9,"Coffee, tea, matΦ and spices",Western Asia,Asia,4000,30.8124247,34.8594762,26.42921218083572,52.86847103284948
2005,2005,Export,Israel,9,"Coffee, tea, matΦ and spices",Western Europe,Europe,2521000,30.8124247,34.8594762,47.92172048214207,7.866753258497997
2005,2005,Export,Israel,9,"Coffee, tea, matΦ and spices",World,World,8138000,30.8124247,34.8594762,,
2005,2005,Export,Israel,9,"Coffee, tea, matΦ and spices", Azerbaijan, Azerbaijan,2000,30.8124247,34.8594762,,
2005,2005,Export,Israel,9,"Coffee, tea, matΦ and spices", Cyprus, Cyprus,686000,30.8124247,34.8594762,,
2005,2005,Export,Israel,9,"Coffee, tea, matΦ and spices", Jordan, Jordan,66000,30.8124247,34.8594762,,
