yr,periodDesc,rgDesc,rtTitle,ptTitle,cmdCode,cmdDescE,TradeValue,Unnamed: 0,rtLat,rtLon,ptLat,ptLon
2013,2013.0,Import,Israel,World,2.0,Meat and edible meat offal,507487000.0,,30.8124247,34.8594762,-36.8535712,174.7456809
2013,2013.0,Import,Israel,Argentina,2.0,Meat and edible meat offal,131408000.0,,30.8124247,34.8594762,-34.9964963,-64.9672817
2013,2013.0,Import,Israel,Australia,2.0,Meat and edible meat offal,834000.0,,30.8124247,34.8594762,-24.7761086,134.755
2013,2013.0,Import,Israel,Brazil,2.0,Meat and edible meat offal,77458000.0,,30.8124247,34.8594762,-10.3333333,-53.2
2013,2013.0,Import,Israel,Chile,2.0,Meat and edible meat offal,1697000.0,,30.8124247,34.8594762,-31.7613365,-71.3187697
2013,2013.0,Import,Israel,Cyprus,2.0,Meat and edible meat offal,211000.0,,30.8124247,34.8594762,34.9823018,33.1451285
2013,2013.0,Import,Israel,France,2.0,Meat and edible meat offal,3342000.0,,30.8124247,34.8594762,46.603354,1.8883335
2013,2013.0,Import,Israel,Hungary,2.0,Meat and edible meat offal,15309000.0,,30.8124247,34.8594762,47.1817585,19.5060937
2013,2013.0,Import,Israel,Netherlands,2.0,Meat and edible meat offal,519000.0,,30.8124247,34.8594762,52.2434979,5.6343227
2013,2013.0,Import,Israel,New Zealand,2.0,Meat and edible meat offal,6000.0,,30.8124247,34.8594762,-41.5000831,172.8344077
2013,2013.0,Import,Israel,Panama,2.0,Meat and edible meat offal,32520000.0,,30.8124247,34.8594762,8.559559,-81.1308434
2013,2013.0,Import,Israel,Paraguay,2.0,Meat and edible meat offal,92257000.0,,30.8124247,34.8594762,-23.3165935,-58.1693445
2013,2013.0,Import,Israel,Poland,2.0,Meat and edible meat offal,17427000.0,,30.8124247,34.8594762,52.215933,19.134422
2013,2013.0,Import,Israel,United Kingdom,2.0,Meat and edible meat offal,3627000.0,,30.8124247,34.8594762,54.7023545,-3.2765753
2013,2013.0,Import,Israel,USA,2.0,Meat and edible meat offal,1551000.0,,30.8124247,34.8594762,39.7837304,-100.445882
2013,2013.0,Import,Israel,Uruguay,2.0,Meat and edible meat offal,129321000.0,,30.8124247,34.8594762,-32.8755548,-56.0201525
