yr,periodDesc,rgDesc,rtTitle,cmdCode,cmdDescE,Subregion,Region,TradeValue,rtLat,rtLon,ptLon,ptLat
2003,2003,Export,Jordan,60,Knitted or crocheted fabrics,Eastern Asia,Asia,123064,31.1667049,36.941628,37.977378106878206,73.97804075806764
2003,2003,Export,Jordan,60,Knitted or crocheted fabrics,Latin America and the Caribbean,Americas,317349,31.1667049,36.941628,17.925141963241547,-78.01492950057497
2003,2003,Export,Jordan,60,Knitted or crocheted fabrics,Northern Africa,Africa,166371,31.1667049,36.941628,19.569604022535763,12.47761721199581
2003,2003,Export,Jordan,60,Knitted or crocheted fabrics,Northern America,Americas,32605,31.1667049,36.941628,43.897683433510366,-100.08947125585888
2003,2003,Export,Jordan,60,Knitted or crocheted fabrics,South-eastern Asia,Asia,222770,31.1667049,36.941628,10.528384761701911,103.08333472012376
2003,2003,Export,Jordan,60,Knitted or crocheted fabrics,Southern Asia,Asia,1977,31.1667049,36.941628,25.499703063807168,75.5024015339642
2003,2003,Export,Jordan,60,Knitted or crocheted fabrics,Southern Europe,Europe,5002,31.1667049,36.941628,40.12399607988535,20.742583178432696
2003,2003,Export,Jordan,60,Knitted or crocheted fabrics,Western Asia,Asia,26124,31.1667049,36.941628,26.42921218083572,52.86847103284948
2003,2003,Export,Jordan,60,Knitted or crocheted fabrics,World,World,4274141,31.1667049,36.941628,,
