yr,periodDesc,rgDesc,rtTitle,cmdCode,cmdDescE,Subregion,Region,TradeValue,rtLat,rtLon,ptLon,ptLat
2011,2011,Import,Jordan,10,Cereals,Australia and New Zealand,Oceania,19154098,31.1667049,36.941628,-16.85099460447687,133.4130365630627
2011,2011,Import,Jordan,10,Cereals,Eastern Asia,Asia,406075,31.1667049,36.941628,37.977378106878206,73.97804075806764
2011,2011,Import,Jordan,10,Cereals,Eastern Europe,Europe,185026381,31.1667049,36.941628,51.67568633314729,27.673469819741847
2011,2011,Import,Jordan,10,Cereals,Egypt,Egypt,1046116,31.1667049,36.941628,,
2011,2011,Import,Jordan,10,Cereals,Latin America and the Caribbean,Americas,93959491,31.1667049,36.941628,17.925141963241547,-78.01492950057497
2011,2011,Import,Jordan,10,Cereals,Northern America,Americas,164115324,31.1667049,36.941628,43.897683433510366,-100.08947125585888
2011,2011,Import,Jordan,10,Cereals,Northern Europe,Europe,1808,31.1667049,36.941628,59.36075159783851,25.01346951967388
2011,2011,Import,Jordan,10,Cereals,South-eastern Asia,Asia,8483457,31.1667049,36.941628,10.528384761701911,103.08333472012376
2011,2011,Import,Jordan,10,Cereals,Southern Asia,Asia,54914,31.1667049,36.941628,25.499703063807168,75.5024015339642
2011,2011,Import,Jordan,10,Cereals,Southern Europe,Europe,4996035,31.1667049,36.941628,40.12399607988535,20.742583178432696
2011,2011,Import,Jordan,10,Cereals,Sub-Saharan Africa,Africa,743668,31.1667049,36.941628,6.06272746187266,22.727528470146083
2011,2011,Import,Jordan,10,Cereals,Western Asia,Asia,3965099,31.1667049,36.941628,26.42921218083572,52.86847103284948
2011,2011,Import,Jordan,10,Cereals,Western Europe,Europe,16101610,31.1667049,36.941628,47.92172048214207,7.866753258497997
2011,2011,Import,Jordan,10,Cereals,World,World,552355253,31.1667049,36.941628,,
2011,2011,Import,Jordan,10,Cereals, Israel, Israel,15330020,31.1667049,36.941628,,
2011,2011,Import,Jordan,10,Cereals, Lebanon, Lebanon,133563,31.1667049,36.941628,,
2011,2011,Import,Jordan,10,Cereals, Pakistan, Pakistan,5098621,31.1667049,36.941628,,
2011,2011,Import,Jordan,10,Cereals, Saudi Arabia, Saudi Arabia,42317,31.1667049,36.941628,,
2011,2011,Import,Jordan,10,Cereals, United Arab Emirates, United Arab Emirates,12827,31.1667049,36.941628,,
