yr,periodDesc,rgDesc,rtTitle,ptTitle,cmdCode,cmdDescE,TradeValue,Unnamed: 0,rtLat,rtLon,ptLat,ptLon
2012,2012.0,Import,Jordan,World,45.0,Cork and articles of cork,295994.0,,31.1667049,36.941628,-36.8535712,174.7456809
2012,2012.0,Import,Jordan,China,45.0,Cork and articles of cork,19549.0,,31.1667049,36.941628,35.000074,104.999927
2012,2012.0,Import,Jordan,France,45.0,Cork and articles of cork,42023.0,,31.1667049,36.941628,46.603354,1.8883335
2012,2012.0,Import,Jordan,Germany,45.0,Cork and articles of cork,10070.0,,31.1667049,36.941628,51.1638175,10.4478313
2012,2012.0,Import,Jordan,Italy,45.0,Cork and articles of cork,30135.0,,31.1667049,36.941628,42.6384261,12.674297
2012,2012.0,Import,Jordan,Portugal,45.0,Cork and articles of cork,172773.0,,31.1667049,36.941628,39.6621648,-8.1353519
2012,2012.0,Import,Jordan,India,45.0,Cork and articles of cork,14197.0,,31.1667049,36.941628,22.3511148,78.6677428
2012,2012.0,Import,Jordan,Switzerland,45.0,Cork and articles of cork,2099.0,,31.1667049,36.941628,46.7985624,8.2319736
2012,2012.0,Import,Jordan,United Arab Emirates,45.0,Cork and articles of cork,800.0,,31.1667049,36.941628,24.0002488,53.9994829
2012,2012.0,Import,Jordan,USA,45.0,Cork and articles of cork,4348.0,,31.1667049,36.941628,39.7837304,-100.445882
