yr,periodDesc,rgDesc,rtTitle,cmdCode,cmdDescE,Subregion,Region,TradeValue,rtLat,rtLon,ptLon,ptLat
2013,2013,Re-Export,Jordan,69,Ceramic products,Eastern Asia,Asia,2407,31.1667049,36.941628,37.977378106878206,73.97804075806764
2013,2013,Re-Export,Jordan,69,Ceramic products,Latin America and the Caribbean,Americas,5265,31.1667049,36.941628,17.925141963241547,-78.01492950057497
2013,2013,Re-Export,Jordan,69,Ceramic products,Northern Africa,Africa,17243,31.1667049,36.941628,19.569604022535763,12.47761721199581
2013,2013,Re-Export,Jordan,69,Ceramic products,Northern America,Americas,32951,31.1667049,36.941628,43.897683433510366,-100.08947125585888
2013,2013,Re-Export,Jordan,69,Ceramic products,Northern Europe,Europe,563,31.1667049,36.941628,59.36075159783851,25.01346951967388
2013,2013,Re-Export,Jordan,69,Ceramic products,Southern Europe,Europe,23838,31.1667049,36.941628,40.12399607988535,20.742583178432696
2013,2013,Re-Export,Jordan,69,Ceramic products,Western Asia,Asia,277342,31.1667049,36.941628,26.42921218083572,52.86847103284948
2013,2013,Re-Export,Jordan,69,Ceramic products,World,World,1871079,31.1667049,36.941628,,
