yr,periodDesc,rgDesc,rtTitle,cmdCode,cmdDescE,Subregion,Region,TradeValue,rtLat,rtLon,ptLon,ptLat
2018,2018,Export,Jordan,1,Animals; live,Egypt,Egypt,29440,31.1667049,36.941628,,
2018,2018,Export,Jordan,1,Animals; live,Northern America,Americas,5991,31.1667049,36.941628,43.897683433510366,-100.08947125585888
2018,2018,Export,Jordan,1,Animals; live,Southern Europe,Europe,22021,31.1667049,36.941628,40.12399607988535,20.742583178432696
2018,2018,Export,Jordan,1,Animals; live,Sub-Saharan Africa,Africa,1209,31.1667049,36.941628,6.06272746187266,22.727528470146083
2018,2018,Export,Jordan,1,Animals; live,Western Asia,Asia,40267,31.1667049,36.941628,26.42921218083572,52.86847103284948
2018,2018,Export,Jordan,1,Animals; live,Western Europe,Europe,998,31.1667049,36.941628,47.92172048214207,7.866753258497997
2018,2018,Export,Jordan,1,Animals; live,World,World,100103078,31.1667049,36.941628,,
2018,2018,Export,Jordan,1,Animals; live,Bahrain, Bahrain,7729155,31.1667049,36.941628,,
2018,2018,Export,Jordan,1,Animals; live,Iraq, Iraq,352829,31.1667049,36.941628,,
2018,2018,Export,Jordan,1,Animals; live,Israel, Israel,3523,31.1667049,36.941628,,
2018,2018,Export,Jordan,1,Animals; live,Kuwait, Kuwait,61832612,31.1667049,36.941628,,
2018,2018,Export,Jordan,1,Animals; live,Lebanon, Lebanon,25440,31.1667049,36.941628,,
2018,2018,Export,Jordan,1,Animals; live,Libya, Libya,225353,31.1667049,36.941628,,
2018,2018,Export,Jordan,1,Animals; live,Oman, Oman,21784,31.1667049,36.941628,,
2018,2018,Export,Jordan,1,Animals; live,Qatar, Qatar,25542,31.1667049,36.941628,,
2018,2018,Export,Jordan,1,Animals; live,Saudi Arabia, Saudi Arabia,16490854,31.1667049,36.941628,,
2018,2018,Export,Jordan,1,Animals; live,United Arab Emirates, United Arab Emirates,13291826,31.1667049,36.941628,,
