yr,periodDesc,rgDesc,rtTitle,cmdCode,cmdDescE,Subregion,Region,TradeValue,rtLat,rtLon,ptLon,ptLat
2018,2018,Export,Jordan,29,Organic chemicals,Eastern Asia,Asia,187539,31.1667049,36.941628,37.977378106878206,73.97804075806764
2018,2018,Export,Jordan,29,Organic chemicals,Eastern Europe,Europe,72383,31.1667049,36.941628,51.67568633314729,27.673469819741847
2018,2018,Export,Jordan,29,Organic chemicals,Northern Africa,Africa,1961267,31.1667049,36.941628,19.569604022535763,12.47761721199581
2018,2018,Export,Jordan,29,Organic chemicals,Northern America,Americas,298214,31.1667049,36.941628,43.897683433510366,-100.08947125585888
2018,2018,Export,Jordan,29,Organic chemicals,South-eastern Asia,Asia,37747,31.1667049,36.941628,10.528384761701911,103.08333472012376
2018,2018,Export,Jordan,29,Organic chemicals,Southern Europe,Europe,2646962,31.1667049,36.941628,40.12399607988535,20.742583178432696
2018,2018,Export,Jordan,29,Organic chemicals,Sub-Saharan Africa,Africa,13696,31.1667049,36.941628,6.06272746187266,22.727528470146083
2018,2018,Export,Jordan,29,Organic chemicals,Western Asia,Asia,531022,31.1667049,36.941628,26.42921218083572,52.86847103284948
2018,2018,Export,Jordan,29,Organic chemicals,Western Europe,Europe,49626,31.1667049,36.941628,47.92172048214207,7.866753258497997
2018,2018,Export,Jordan,29,Organic chemicals,World,World,16209228,31.1667049,36.941628,,
