yr,periodDesc,rgDesc,rtTitle,cmdCode,cmdDescE,Subregion,Region,TradeValue,rtLat,rtLon,ptLon,ptLat
2011,2011,Re-Export,Jordan,40,Rubber and articles thereof,Eastern Asia,Asia,13892,31.1667049,36.941628,37.977378106878206,73.97804075806764
2011,2011,Re-Export,Jordan,40,Rubber and articles thereof,Northern America,Americas,149873,31.1667049,36.941628,43.897683433510366,-100.08947125585888
2011,2011,Re-Export,Jordan,40,Rubber and articles thereof,Sub-Saharan Africa,Africa,500,31.1667049,36.941628,6.06272746187266,22.727528470146083
2011,2011,Re-Export,Jordan,40,Rubber and articles thereof,Western Asia,Asia,86101,31.1667049,36.941628,26.42921218083572,52.86847103284948
2011,2011,Re-Export,Jordan,40,Rubber and articles thereof,Western Europe,Europe,19166,31.1667049,36.941628,47.92172048214207,7.866753258497997
2011,2011,Re-Export,Jordan,40,Rubber and articles thereof,World,World,8009199,31.1667049,36.941628,,
