yr,periodDesc,rgDesc,rtTitle,cmdCode,cmdDescE,Subregion,Region,TradeValue,rtLat,rtLon,ptLon,ptLat
2021,2021,Export,Jordan,26,"Ores, slag and ash",Eastern Asia,Asia,306289,31.1667049,36.941628,37.977378106878206,73.97804075806764
2021,2021,Export,Jordan,26,"Ores, slag and ash",Northern Europe,Europe,249277,31.1667049,36.941628,59.36075159783851,25.01346951967388
2021,2021,Export,Jordan,26,"Ores, slag and ash",South-eastern Asia,Asia,89479,31.1667049,36.941628,10.528384761701911,103.08333472012376
2021,2021,Export,Jordan,26,"Ores, slag and ash",Southern Europe,Europe,66751,31.1667049,36.941628,40.12399607988535,20.742583178432696
2021,2021,Export,Jordan,26,"Ores, slag and ash",Western Asia,Asia,34151,31.1667049,36.941628,26.42921218083572,52.86847103284948
2021,2021,Export,Jordan,26,"Ores, slag and ash",World,World,1077247,31.1667049,36.941628,,
2021,2021,Export,Jordan,26,"Ores, slag and ash",Pakistan, Pakistan,38156,31.1667049,36.941628,,
2021,2021,Export,Jordan,26,"Ores, slag and ash",United Arab Emirates, United Arab Emirates,116397,31.1667049,36.941628,,
