yr,periodDesc,rgDesc,rtTitle,ptTitle,cmdCode,cmdDescE,TradeValue,Unnamed: 0,rtLat,rtLon,ptLat,ptLon
2016,2016.0,Export,Jordan,World,26.0,"Ores, slag and ash",519527.0,,31.1667049,36.941628,-36.8535712,174.7456809
2016,2016.0,Export,Jordan,Bahrain,26.0,"Ores, slag and ash",19455.0,,31.1667049,36.941628,26.1551249,50.5344606
2016,2016.0,Export,Jordan,Israel,26.0,"Ores, slag and ash",25373.0,,31.1667049,36.941628,30.8124247,34.8594762
2016,2016.0,Export,Jordan,Rep. of Korea,26.0,"Ores, slag and ash",97352.0,,31.1667049,36.941628,,
2016,2016.0,Export,Jordan,India,26.0,"Ores, slag and ash",104328.0,,31.1667049,36.941628,22.3511148,78.6677428
2016,2016.0,Export,Jordan,United Arab Emirates,26.0,"Ores, slag and ash",14423.0,,31.1667049,36.941628,24.0002488,53.9994829
2016,2016.0,Export,Jordan,Free Zones,26.0,"Ores, slag and ash",258596.0,,31.1667049,36.941628,5.57675525,-0.1653113957934536
