yr,periodDesc,rgDesc,rtTitle,cmdCode,cmdDescE,Subregion,Region,TradeValue,rtLat,rtLon,ptLon,ptLat
2006,2006,Import,Jordan,50,Silk,Eastern Asia,Asia,95812,31.1667049,36.941628,37.977378106878206,73.97804075806764
2006,2006,Import,Jordan,50,Silk,Northern America,Americas,4546,31.1667049,36.941628,43.897683433510366,-100.08947125585888
2006,2006,Import,Jordan,50,Silk,Southern Europe,Europe,25794,31.1667049,36.941628,40.12399607988535,20.742583178432696
2006,2006,Import,Jordan,50,Silk,World,World,420105,31.1667049,36.941628,,
2006,2006,Import,Jordan,50,Silk,Saudi Arabia, Saudi Arabia,31506,31.1667049,36.941628,,
