yr,periodDesc,rgDesc,rtTitle,cmdCode,cmdDescE,Subregion,Region,TradeValue,rtLat,rtLon,ptLon,ptLat
2016,2016,Import,Jordan,26,"Ores, slag and ash",Northern Africa,Africa,1024569,31.1667049,36.941628,19.569604022535763,12.47761721199581
2016,2016,Import,Jordan,26,"Ores, slag and ash",Southern Asia,Asia,821326,31.1667049,36.941628,25.499703063807168,75.5024015339642
2016,2016,Import,Jordan,26,"Ores, slag and ash",Western Asia,Asia,13313,31.1667049,36.941628,26.42921218083572,52.86847103284948
2016,2016,Import,Jordan,26,"Ores, slag and ash",Western Europe,Europe,23167,31.1667049,36.941628,47.92172048214207,7.866753258497997
2016,2016,Import,Jordan,26,"Ores, slag and ash",World,World,1913524,31.1667049,36.941628,,
