yr,periodDesc,rgDesc,rtTitle,cmdCode,cmdDescE,Subregion,Region,TradeValue,rtLat,rtLon,ptLon,ptLat
2015,2015,Import,Jordan,91,Clocks and watches and parts thereof,Eastern Asia,Asia,8111798,31.1667049,36.941628,37.977378106878206,73.97804075806764
2015,2015,Import,Jordan,91,Clocks and watches and parts thereof,Eastern Europe,Europe,13289,31.1667049,36.941628,51.67568633314729,27.673469819741847
2015,2015,Import,Jordan,91,Clocks and watches and parts thereof,Latin America and the Caribbean,Americas,4508,31.1667049,36.941628,17.925141963241547,-78.01492950057497
2015,2015,Import,Jordan,91,Clocks and watches and parts thereof,Northern America,Americas,513280,31.1667049,36.941628,43.897683433510366,-100.08947125585888
2015,2015,Import,Jordan,91,Clocks and watches and parts thereof,Northern Europe,Europe,19503,31.1667049,36.941628,59.36075159783851,25.01346951967388
2015,2015,Import,Jordan,91,Clocks and watches and parts thereof,South-eastern Asia,Asia,92359,31.1667049,36.941628,10.528384761701911,103.08333472012376
2015,2015,Import,Jordan,91,Clocks and watches and parts thereof,Southern Europe,Europe,181395,31.1667049,36.941628,40.12399607988535,20.742583178432696
2015,2015,Import,Jordan,91,Clocks and watches and parts thereof,Sub-Saharan Africa,Africa,2463,31.1667049,36.941628,6.06272746187266,22.727528470146083
2015,2015,Import,Jordan,91,Clocks and watches and parts thereof,Western Asia,Asia,59445,31.1667049,36.941628,26.42921218083572,52.86847103284948
2015,2015,Import,Jordan,91,Clocks and watches and parts thereof,Western Europe,Europe,9369884,31.1667049,36.941628,47.92172048214207,7.866753258497997
2015,2015,Import,Jordan,91,Clocks and watches and parts thereof,World,World,18423148,31.1667049,36.941628,,
2015,2015,Import,Jordan,91,Clocks and watches and parts thereof,United Arab Emirates, United Arab Emirates,10746,31.1667049,36.941628,,
