yr,periodDesc,rgDesc,rtTitle,cmdCode,cmdDescE,Subregion,Region,TradeValue,rtLat,rtLon,ptLon,ptLat
2006,2006,Export,Jordan,2,Meat and edible meat offal,Eastern Asia,Asia,317330,31.1667049,36.941628,37.977378106878206,73.97804075806764
2006,2006,Export,Jordan,2,Meat and edible meat offal,Eastern Europe,Europe,16399,31.1667049,36.941628,51.67568633314729,27.673469819741847
2006,2006,Export,Jordan,2,Meat and edible meat offal,Northern America,Americas,59439,31.1667049,36.941628,43.897683433510366,-100.08947125585888
2006,2006,Export,Jordan,2,Meat and edible meat offal,Western Asia,Asia,392900,31.1667049,36.941628,26.42921218083572,52.86847103284948
2006,2006,Export,Jordan,2,Meat and edible meat offal,World,World,11771335,31.1667049,36.941628,,
