yr,periodDesc,rgDesc,rtTitle,ptTitle,cmdCode,cmdDescE,TradeValue,Unnamed: 0,rtLat,rtLon,ptLat,ptLon
2016,2016.0,Import,Jordan,World,78.0,Lead and articles thereof,638059.0,,31.1667049,36.941628,-36.8535712,174.7456809
2016,2016.0,Import,Jordan,China,78.0,Lead and articles thereof,33686.0,,31.1667049,36.941628,35.000074,104.999927
2016,2016.0,Import,Jordan,Germany,78.0,Lead and articles thereof,2358.0,,31.1667049,36.941628,51.1638175,10.4478313
2016,2016.0,Import,Jordan,Italy,78.0,Lead and articles thereof,4744.0,,31.1667049,36.941628,42.6384261,12.674297
2016,2016.0,Import,Jordan,Lebanon,78.0,Lead and articles thereof,31679.0,,31.1667049,36.941628,33.8750629,35.843409
2016,2016.0,Import,Jordan,United Arab Emirates,78.0,Lead and articles thereof,511356.0,,31.1667049,36.941628,24.0002488,53.9994829
2016,2016.0,Import,Jordan,United Kingdom,78.0,Lead and articles thereof,13732.0,,31.1667049,36.941628,54.7023545,-3.2765753
2016,2016.0,Import,Jordan,USA,78.0,Lead and articles thereof,40504.0,,31.1667049,36.941628,39.7837304,-100.445882
