yr,periodDesc,rgDesc,rtTitle,cmdCode,cmdDescE,Subregion,Region,TradeValue,rtLat,rtLon,ptLon,ptLat
2004,2004,Import,Jordan,10,Cereals,Australia and New Zealand,Oceania,19169575,31.1667049,36.941628,-16.85099460447687,133.4130365630627
2004,2004,Import,Jordan,10,Cereals,Central Asia,Asia,6784886,31.1667049,36.941628,39.89317229901691,61.060280637304274
2004,2004,Import,Jordan,10,Cereals,Eastern Asia,Asia,384702,31.1667049,36.941628,37.977378106878206,73.97804075806764
2004,2004,Import,Jordan,10,Cereals,Eastern Europe,Europe,87998050,31.1667049,36.941628,51.67568633314729,27.673469819741847
2004,2004,Import,Jordan,10,Cereals,Latin America and the Caribbean,Americas,15066412,31.1667049,36.941628,17.925141963241547,-78.01492950057497
2004,2004,Import,Jordan,10,Cereals,Northern Africa,Africa,16111410,31.1667049,36.941628,19.569604022535763,12.47761721199581
2004,2004,Import,Jordan,10,Cereals,Northern America,Americas,139742333,31.1667049,36.941628,43.897683433510366,-100.08947125585888
2004,2004,Import,Jordan,10,Cereals,South-eastern Asia,Asia,4717179,31.1667049,36.941628,10.528384761701911,103.08333472012376
2004,2004,Import,Jordan,10,Cereals,Southern Asia,Asia,5179,31.1667049,36.941628,25.499703063807168,75.5024015339642
2004,2004,Import,Jordan,10,Cereals,Southern Europe,Europe,7039339,31.1667049,36.941628,40.12399607988535,20.742583178432696
2004,2004,Import,Jordan,10,Cereals,Western Asia,Asia,42973083,31.1667049,36.941628,26.42921218083572,52.86847103284948
2004,2004,Import,Jordan,10,Cereals,Western Europe,Europe,9373256,31.1667049,36.941628,47.92172048214207,7.866753258497997
2004,2004,Import,Jordan,10,Cereals,World,World,370396561,31.1667049,36.941628,,
