yr,periodDesc,rgDesc,rtTitle,ptTitle,cmdCode,cmdDescE,TradeValue,Unnamed: 0,rtLat,rtLon,ptLat,ptLon
2011,2011.0,Re-Export,Jordan,World,31.0,Fertilisers,299116.0,,31.1667049,36.941628,-36.8535712,174.7456809
2011,2011.0,Re-Export,Jordan,Iraq,31.0,Fertilisers,178179.0,,31.1667049,36.941628,33.0955793,44.1749775
2011,2011.0,Re-Export,Jordan,Oman,31.0,Fertilisers,3386.0,,31.1667049,36.941628,21.0000287,57.0036901
2011,2011.0,Re-Export,Jordan,Qatar,31.0,Fertilisers,13532.0,,31.1667049,36.941628,25.3336984,51.2295295
2011,2011.0,Re-Export,Jordan,Saudi Arabia,31.0,Fertilisers,4507.0,,31.1667049,36.941628,25.6242618,42.3528328
2011,2011.0,Re-Export,Jordan,Spain,31.0,Fertilisers,33380.0,,31.1667049,36.941628,39.3260685,-4.8379791
2011,2011.0,Re-Export,Jordan,Turkey,31.0,Fertilisers,18982.0,,31.1667049,36.941628,38.9597594,34.9249653
2011,2011.0,Re-Export,Jordan,Free Zones,31.0,Fertilisers,47149.0,,31.1667049,36.941628,5.57675525,-0.1653113957934536
