yr,periodDesc,rgDesc,rtTitle,cmdCode,cmdDescE,Subregion,Region,TradeValue,rtLat,rtLon,ptLon,ptLat
2019,2019,Re-Export,Jordan,30,Pharmaceutical products,Eastern Asia,Asia,13440,31.1667049,36.941628,37.977378106878206,73.97804075806764
2019,2019,Re-Export,Jordan,30,Pharmaceutical products,Northern Africa,Africa,2177122,31.1667049,36.941628,19.569604022535763,12.47761721199581
2019,2019,Re-Export,Jordan,30,Pharmaceutical products,Northern Europe,Europe,2525,31.1667049,36.941628,59.36075159783851,25.01346951967388
2019,2019,Re-Export,Jordan,30,Pharmaceutical products,Southern Europe,Europe,102415,31.1667049,36.941628,40.12399607988535,20.742583178432696
2019,2019,Re-Export,Jordan,30,Pharmaceutical products,Sub-Saharan Africa,Africa,67680,31.1667049,36.941628,6.06272746187266,22.727528470146083
2019,2019,Re-Export,Jordan,30,Pharmaceutical products,Western Asia,Asia,1070295,31.1667049,36.941628,26.42921218083572,52.86847103284948
2019,2019,Re-Export,Jordan,30,Pharmaceutical products,Western Europe,Europe,113432,31.1667049,36.941628,47.92172048214207,7.866753258497997
2019,2019,Re-Export,Jordan,30,Pharmaceutical products,World,World,23219113,31.1667049,36.941628,,
