yr,periodDesc,rgDesc,rtTitle,cmdCode,cmdDescE,Subregion,Region,TradeValue,rtLat,rtLon,ptLon,ptLat
2004,2004,Import,Jordan,32,Tanning or dyeing extracts,Australia and New Zealand,Oceania,7983,31.1667049,36.941628,-16.85099460447687,133.4130365630627
2004,2004,Import,Jordan,32,Tanning or dyeing extracts,Eastern Asia,Asia,1634090,31.1667049,36.941628,37.977378106878206,73.97804075806764
2004,2004,Import,Jordan,32,Tanning or dyeing extracts,Eastern Europe,Europe,310838,31.1667049,36.941628,51.67568633314729,27.673469819741847
2004,2004,Import,Jordan,32,Tanning or dyeing extracts,Latin America and the Caribbean,Americas,139282,31.1667049,36.941628,17.925141963241547,-78.01492950057497
2004,2004,Import,Jordan,32,Tanning or dyeing extracts,Northern Africa,Africa,523252,31.1667049,36.941628,19.569604022535763,12.47761721199581
2004,2004,Import,Jordan,32,Tanning or dyeing extracts,Northern America,Americas,1352612,31.1667049,36.941628,43.897683433510366,-100.08947125585888
2004,2004,Import,Jordan,32,Tanning or dyeing extracts,Northern Europe,Europe,7742506,31.1667049,36.941628,59.36075159783851,25.01346951967388
2004,2004,Import,Jordan,32,Tanning or dyeing extracts,South-eastern Asia,Asia,231422,31.1667049,36.941628,10.528384761701911,103.08333472012376
2004,2004,Import,Jordan,32,Tanning or dyeing extracts,Southern Asia,Asia,99,31.1667049,36.941628,25.499703063807168,75.5024015339642
2004,2004,Import,Jordan,32,Tanning or dyeing extracts,Southern Europe,Europe,6831713,31.1667049,36.941628,40.12399607988535,20.742583178432696
2004,2004,Import,Jordan,32,Tanning or dyeing extracts,Sub-Saharan Africa,Africa,31635,31.1667049,36.941628,6.06272746187266,22.727528470146083
2004,2004,Import,Jordan,32,Tanning or dyeing extracts,Western Asia,Asia,1082065,31.1667049,36.941628,26.42921218083572,52.86847103284948
2004,2004,Import,Jordan,32,Tanning or dyeing extracts,Western Europe,Europe,7994683,31.1667049,36.941628,47.92172048214207,7.866753258497997
2004,2004,Import,Jordan,32,Tanning or dyeing extracts,World,World,36731999,31.1667049,36.941628,,
