yr,periodDesc,rgDesc,rtTitle,cmdCode,cmdDescE,Subregion,Region,TradeValue,rtLat,rtLon,ptLon,ptLat
2017,2017,Re-Export,Jordan,29,Organic chemicals,Eastern Asia,Asia,189303,31.1667049,36.941628,37.977378106878206,73.97804075806764
2017,2017,Re-Export,Jordan,29,Organic chemicals,Eastern Europe,Europe,21685,31.1667049,36.941628,51.67568633314729,27.673469819741847
2017,2017,Re-Export,Jordan,29,Organic chemicals,Northern Africa,Africa,1649209,31.1667049,36.941628,19.569604022535763,12.47761721199581
2017,2017,Re-Export,Jordan,29,Organic chemicals,Southern Europe,Europe,27026,31.1667049,36.941628,40.12399607988535,20.742583178432696
2017,2017,Re-Export,Jordan,29,Organic chemicals,Sub-Saharan Africa,Africa,5967,31.1667049,36.941628,6.06272746187266,22.727528470146083
2017,2017,Re-Export,Jordan,29,Organic chemicals,Western Asia,Asia,69856,31.1667049,36.941628,26.42921218083572,52.86847103284948
2017,2017,Re-Export,Jordan,29,Organic chemicals,Western Europe,Europe,23314,31.1667049,36.941628,47.92172048214207,7.866753258497997
2017,2017,Re-Export,Jordan,29,Organic chemicals,World,World,7317417,31.1667049,36.941628,,
