yr,periodDesc,rgDesc,rtTitle,ptTitle,cmdCode,cmdDescE,TradeValue,Unnamed: 0,rtLat,rtLon,ptLat,ptLon
2018,2018.0,Export,Jordan,World,79.0,Zinc and articles thereof,991081.0,,31.1667049,36.941628,-36.8535712,174.7456809
2018,2018.0,Export,Jordan,Poland,79.0,Zinc and articles thereof,51700.0,,31.1667049,36.941628,52.215933,19.134422
2018,2018.0,Export,Jordan,India,79.0,Zinc and articles thereof,865945.0,,31.1667049,36.941628,22.3511148,78.6677428
2018,2018.0,Export,Jordan,United Arab Emirates,79.0,Zinc and articles thereof,50001.0,,31.1667049,36.941628,24.0002488,53.9994829
2018,2018.0,Export,Jordan,Turkey,79.0,Zinc and articles thereof,22445.0,,31.1667049,36.941628,38.9597594,34.9249653
2018,2018.0,Export,Jordan,Free Zones,79.0,Zinc and articles thereof,990.0,,31.1667049,36.941628,5.57675525,-0.1653113957934536
