yr,periodDesc,rgDesc,rtTitle,cmdCode,cmdDescE,Subregion,Region,TradeValue,rtLat,rtLon,ptLon,ptLat
2020,2020,Export,Jordan,2,Meat and edible meat offal,Eastern Europe,Europe,159676,31.1667049,36.941628,51.67568633314729,27.673469819741847
2020,2020,Export,Jordan,2,Meat and edible meat offal,Northern Africa,Africa,445604,31.1667049,36.941628,19.569604022535763,12.47761721199581
2020,2020,Export,Jordan,2,Meat and edible meat offal,Northern America,Americas,22063,31.1667049,36.941628,43.897683433510366,-100.08947125585888
2020,2020,Export,Jordan,2,Meat and edible meat offal,South-eastern Asia,Asia,188135,31.1667049,36.941628,10.528384761701911,103.08333472012376
2020,2020,Export,Jordan,2,Meat and edible meat offal,Southern Europe,Europe,3733,31.1667049,36.941628,40.12399607988535,20.742583178432696
2020,2020,Export,Jordan,2,Meat and edible meat offal,Sub-Saharan Africa,Africa,158990,31.1667049,36.941628,6.06272746187266,22.727528470146083
2020,2020,Export,Jordan,2,Meat and edible meat offal,World,World,32029585,31.1667049,36.941628,,
