yr,periodDesc,rgDesc,rtTitle,cmdCode,cmdDescE,Subregion,Region,TradeValue,rtLat,rtLon,ptLon,ptLat
2012,2012,Re-Export,Jordan,76,Aluminium and articles thereof,Eastern Asia,Asia,11772,31.1667049,36.941628,37.977378106878206,73.97804075806764
2012,2012,Re-Export,Jordan,76,Aluminium and articles thereof,Northern Africa,Africa,138443,31.1667049,36.941628,19.569604022535763,12.47761721199581
2012,2012,Re-Export,Jordan,76,Aluminium and articles thereof,Northern America,Americas,35535,31.1667049,36.941628,43.897683433510366,-100.08947125585888
2012,2012,Re-Export,Jordan,76,Aluminium and articles thereof,Northern Europe,Europe,101,31.1667049,36.941628,59.36075159783851,25.01346951967388
2012,2012,Re-Export,Jordan,76,Aluminium and articles thereof,South-eastern Asia,Asia,25303,31.1667049,36.941628,10.528384761701911,103.08333472012376
2012,2012,Re-Export,Jordan,76,Aluminium and articles thereof,Western Asia,Asia,57500,31.1667049,36.941628,26.42921218083572,52.86847103284948
2012,2012,Re-Export,Jordan,76,Aluminium and articles thereof,Western Europe,Europe,14724,31.1667049,36.941628,47.92172048214207,7.866753258497997
2012,2012,Re-Export,Jordan,76,Aluminium and articles thereof,World,World,1496355,31.1667049,36.941628,,
