yr,periodDesc,rgDesc,rtTitle,cmdCode,cmdDescE,Subregion,Region,TradeValue,rtLat,rtLon,ptLon,ptLat
1998,1998,Import,Jordan,44,"Wood and articles of wood, wood charcoal",Australia and New Zealand,Oceania,130395,31.1667049,36.941628,-16.85099460447687,133.4130365630627
1998,1998,Import,Jordan,44,"Wood and articles of wood, wood charcoal",Eastern Asia,Asia,552176,31.1667049,36.941628,37.977378106878206,73.97804075806764
1998,1998,Import,Jordan,44,"Wood and articles of wood, wood charcoal",Eastern Europe,Europe,10592058,31.1667049,36.941628,51.67568633314729,27.673469819741847
1998,1998,Import,Jordan,44,"Wood and articles of wood, wood charcoal",Latin America and the Caribbean,Americas,113462,31.1667049,36.941628,17.925141963241547,-78.01492950057497
1998,1998,Import,Jordan,44,"Wood and articles of wood, wood charcoal",Northern Africa,Africa,80161,31.1667049,36.941628,19.569604022535763,12.47761721199581
1998,1998,Import,Jordan,44,"Wood and articles of wood, wood charcoal",Northern America,Americas,2653645,31.1667049,36.941628,43.897683433510366,-100.08947125585888
1998,1998,Import,Jordan,44,"Wood and articles of wood, wood charcoal",Northern Europe,Europe,8409559,31.1667049,36.941628,59.36075159783851,25.01346951967388
1998,1998,Import,Jordan,44,"Wood and articles of wood, wood charcoal",South-eastern Asia,Asia,19524890,31.1667049,36.941628,10.528384761701911,103.08333472012376
1998,1998,Import,Jordan,44,"Wood and articles of wood, wood charcoal",Southern Europe,Europe,487274,31.1667049,36.941628,40.12399607988535,20.742583178432696
1998,1998,Import,Jordan,44,"Wood and articles of wood, wood charcoal",Sub-Saharan Africa,Africa,65158,31.1667049,36.941628,6.06272746187266,22.727528470146083
1998,1998,Import,Jordan,44,"Wood and articles of wood, wood charcoal",Western Asia,Asia,1842241,31.1667049,36.941628,26.42921218083572,52.86847103284948
1998,1998,Import,Jordan,44,"Wood and articles of wood, wood charcoal",Western Europe,Europe,149942,31.1667049,36.941628,47.92172048214207,7.866753258497997
1998,1998,Import,Jordan,44,"Wood and articles of wood, wood charcoal",World,World,45415632,31.1667049,36.941628,,
