yr,periodDesc,rgDesc,rtTitle,cmdCode,cmdDescE,Subregion,Region,TradeValue,rtLat,rtLon,ptLon,ptLat
2016,2016,Re-Export,Kuwait,31,Fertilizers,Northern Africa,Africa,6616,29.2733964,47.4979476,19.569604022535763,12.47761721199581
2016,2016,Re-Export,Kuwait,31,Fertilizers,Northern America,Americas,8480931,29.2733964,47.4979476,43.897683433510366,-100.08947125585888
2016,2016,Re-Export,Kuwait,31,Fertilizers,Southern Asia,Asia,65264,29.2733964,47.4979476,25.499703063807168,75.5024015339642
2016,2016,Re-Export,Kuwait,31,Fertilizers,World,World,8573434,29.2733964,47.4979476,,
