yr,periodDesc,rgDesc,rtTitle,ptTitle,cmdCode,cmdDescE,TradeValue,Unnamed: 0,rtLat,rtLon,ptLat,ptLon
2010,2010.0,Export,Kuwait,World,50.0,Silk,2070.0,,29.2733964,47.4979476,-36.8535712,174.7456809
2010,2010.0,Export,Kuwait,Saudi Arabia,50.0,Silk,1047.0,,29.2733964,47.4979476,25.6242618,42.3528328
2010,2010.0,Export,Kuwait,Turkey,50.0,Silk,1023.0,,29.2733964,47.4979476,38.9597594,34.9249653
