yr,periodDesc,rgDesc,rtTitle,ptTitle,cmdCode,cmdDescE,TradeValue,Unnamed: 0,rtLat,rtLon,ptLat,ptLon
2007,2007.0,Export,Kuwait,World,50.0,Silk,406280.0,,29.2733964,47.4979476,-36.8535712,174.7456809
2007,2007.0,Export,Kuwait,France,50.0,Silk,402466.0,,29.2733964,47.4979476,46.603354,1.8883335
2007,2007.0,Export,Kuwait,Saudi Arabia,50.0,Silk,3814.0,,29.2733964,47.4979476,25.6242618,42.3528328
