yr,periodDesc,rgDesc,rtTitle,cmdCode,cmdDescE,Subregion,Region,TradeValue,rtLat,rtLon,ptLon,ptLat
2001,2001,Import,Kuwait,73,Articles of iron or steel,Australia and New Zealand,Oceania,388939,29.2733964,47.4979476,-16.85099460447687,133.4130365630627
2001,2001,Import,Kuwait,73,Articles of iron or steel,Eastern Asia,Asia,56104140,29.2733964,47.4979476,37.977378106878206,73.97804075806764
2001,2001,Import,Kuwait,73,Articles of iron or steel,Eastern Europe,Europe,7422253,29.2733964,47.4979476,51.67568633314729,27.673469819741847
2001,2001,Import,Kuwait,73,Articles of iron or steel,Latin America and the Caribbean,Americas,29151422,29.2733964,47.4979476,17.925141963241547,-78.01492950057497
2001,2001,Import,Kuwait,73,Articles of iron or steel,Northern Africa,Africa,793741,29.2733964,47.4979476,19.569604022535763,12.47761721199581
2001,2001,Import,Kuwait,73,Articles of iron or steel,Northern America,Americas,18880431,29.2733964,47.4979476,43.897683433510366,-100.08947125585888
2001,2001,Import,Kuwait,73,Articles of iron or steel,Northern Europe,Europe,13935953,29.2733964,47.4979476,59.36075159783851,25.01346951967388
2001,2001,Import,Kuwait,73,Articles of iron or steel,South-eastern Asia,Asia,7322025,29.2733964,47.4979476,10.528384761701911,103.08333472012376
2001,2001,Import,Kuwait,73,Articles of iron or steel,Southern Asia,Asia,2609577,29.2733964,47.4979476,25.499703063807168,75.5024015339642
2001,2001,Import,Kuwait,73,Articles of iron or steel,Southern Europe,Europe,36501725,29.2733964,47.4979476,40.12399607988535,20.742583178432696
2001,2001,Import,Kuwait,73,Articles of iron or steel,Sub-Saharan Africa,Africa,5636951,29.2733964,47.4979476,6.06272746187266,22.727528470146083
2001,2001,Import,Kuwait,73,Articles of iron or steel,Western Asia,Asia,14983545,29.2733964,47.4979476,26.42921218083572,52.86847103284948
2001,2001,Import,Kuwait,73,Articles of iron or steel,Western Europe,Europe,51574091,29.2733964,47.4979476,47.92172048214207,7.866753258497997
2001,2001,Import,Kuwait,73,Articles of iron or steel,World,World,302120452,29.2733964,47.4979476,,
