yr,periodDesc,rgDesc,rtTitle,ptTitle,cmdCode,cmdDescE,TradeValue,Unnamed: 0,rtLat,rtLon,ptLat,ptLon
2001,2001.0,Re-Export,Kuwait,World,52.0,Cotton,46243.0,,29.2733964,47.4979476,-36.8535712,174.7456809
2001,2001.0,Re-Export,Kuwait,Bahrain,52.0,Cotton,9677.0,,29.2733964,47.4979476,26.1551249,50.5344606
2001,2001.0,Re-Export,Kuwait,Iran,52.0,Cotton,408.0,,29.2733964,47.4979476,32.6475314,54.5643516
2001,2001.0,Re-Export,Kuwait,Jordan,52.0,Cotton,18848.0,,29.2733964,47.4979476,31.1667049,36.941628
2001,2001.0,Re-Export,Kuwait,Qatar,52.0,Cotton,2299.0,,29.2733964,47.4979476,25.3336984,51.2295295
2001,2001.0,Re-Export,Kuwait,United Arab Emirates,52.0,Cotton,15011.0,,29.2733964,47.4979476,24.0002488,53.9994829
