yr,periodDesc,rgDesc,rtTitle,cmdCode,cmdDescE,Subregion,Region,TradeValue,rtLat,rtLon,ptLon,ptLat
2019,2019,Re-Export,Kuwait,29,Organic chemicals,Northern Africa,Africa,20772,29.2733964,47.4979476,19.569604022535763,12.47761721199581
2019,2019,Re-Export,Kuwait,29,Organic chemicals,Northern America,Americas,22711,29.2733964,47.4979476,43.897683433510366,-100.08947125585888
2019,2019,Re-Export,Kuwait,29,Organic chemicals,Northern Europe,Europe,12130,29.2733964,47.4979476,59.36075159783851,25.01346951967388
2019,2019,Re-Export,Kuwait,29,Organic chemicals,South-eastern Asia,Asia,282724,29.2733964,47.4979476,10.528384761701911,103.08333472012376
2019,2019,Re-Export,Kuwait,29,Organic chemicals,Southern Asia,Asia,4544,29.2733964,47.4979476,25.499703063807168,75.5024015339642
2019,2019,Re-Export,Kuwait,29,Organic chemicals,Sub-Saharan Africa,Africa,4797,29.2733964,47.4979476,6.06272746187266,22.727528470146083
2019,2019,Re-Export,Kuwait,29,Organic chemicals,Western Asia,Asia,30160,29.2733964,47.4979476,26.42921218083572,52.86847103284948
2019,2019,Re-Export,Kuwait,29,Organic chemicals,Western Europe,Europe,4669,29.2733964,47.4979476,47.92172048214207,7.866753258497997
2019,2019,Re-Export,Kuwait,29,Organic chemicals,World,World,2167326,29.2733964,47.4979476,,
