yr,periodDesc,rgDesc,rtTitle,cmdCode,cmdDescE,Subregion,Region,TradeValue,rtLat,rtLon,ptLon,ptLat
2009,2009,Re-Export,Kuwait,83,Miscellaneous articles of base metal,Eastern Asia,Asia,38810,29.2733964,47.4979476,37.977378106878206,73.97804075806764
2009,2009,Re-Export,Kuwait,83,Miscellaneous articles of base metal,Northern Africa,Africa,2761,29.2733964,47.4979476,19.569604022535763,12.47761721199581
2009,2009,Re-Export,Kuwait,83,Miscellaneous articles of base metal,Northern America,Americas,348,29.2733964,47.4979476,43.897683433510366,-100.08947125585888
2009,2009,Re-Export,Kuwait,83,Miscellaneous articles of base metal,Northern Europe,Europe,13312,29.2733964,47.4979476,59.36075159783851,25.01346951967388
2009,2009,Re-Export,Kuwait,83,Miscellaneous articles of base metal,South-eastern Asia,Asia,3279,29.2733964,47.4979476,10.528384761701911,103.08333472012376
2009,2009,Re-Export,Kuwait,83,Miscellaneous articles of base metal,Southern Asia,Asia,14456,29.2733964,47.4979476,25.499703063807168,75.5024015339642
2009,2009,Re-Export,Kuwait,83,Miscellaneous articles of base metal,Southern Europe,Europe,640,29.2733964,47.4979476,40.12399607988535,20.742583178432696
2009,2009,Re-Export,Kuwait,83,Miscellaneous articles of base metal,Western Asia,Asia,1023,29.2733964,47.4979476,26.42921218083572,52.86847103284948
2009,2009,Re-Export,Kuwait,83,Miscellaneous articles of base metal,Western Europe,Europe,94876,29.2733964,47.4979476,47.92172048214207,7.866753258497997
2009,2009,Re-Export,Kuwait,83,Miscellaneous articles of base metal,World,World,748369,29.2733964,47.4979476,,
