yr,periodDesc,rgDesc,rtTitle,ptTitle,cmdCode,cmdDescE,TradeValue,Unnamed: 0,rtLat,rtLon,ptLat,ptLon
2019,2019.0,Export,Kuwait,World,9.0,"Coffee, tea, mate and spices",1304125.0,,29.2733964,47.4979476,-36.8535712,174.7456809
2019,2019.0,Export,Kuwait,Bahrain,9.0,"Coffee, tea, mate and spices",20774.0,,29.2733964,47.4979476,26.1551249,50.5344606
2019,2019.0,Export,Kuwait,Iran,9.0,"Coffee, tea, mate and spices",81882.0,,29.2733964,47.4979476,32.6475314,54.5643516
2019,2019.0,Export,Kuwait,Iraq,9.0,"Coffee, tea, mate and spices",131724.0,,29.2733964,47.4979476,33.0955793,44.1749775
2019,2019.0,Export,Kuwait,Jordan,9.0,"Coffee, tea, mate and spices",130042.0,,29.2733964,47.4979476,31.1667049,36.941628
2019,2019.0,Export,Kuwait,Oman,9.0,"Coffee, tea, mate and spices",18207.0,,29.2733964,47.4979476,21.0000287,57.0036901
2019,2019.0,Export,Kuwait,Qatar,9.0,"Coffee, tea, mate and spices",185914.0,,29.2733964,47.4979476,25.3336984,51.2295295
2019,2019.0,Export,Kuwait,Saudi Arabia,9.0,"Coffee, tea, mate and spices",665040.0,,29.2733964,47.4979476,25.6242618,42.3528328
2019,2019.0,Export,Kuwait,United Arab Emirates,9.0,"Coffee, tea, mate and spices",70542.0,,29.2733964,47.4979476,24.0002488,53.9994829
