yr,periodDesc,rgDesc,rtTitle,cmdCode,cmdDescE,Subregion,Region,TradeValue,rtLat,rtLon,ptLon,ptLat
2007,2007,Import,Kuwait,18,Cocoa and cocoa preparations,Australia and New Zealand,Oceania,2115663,29.2733964,47.4979476,-16.85099460447687,133.4130365630627
2007,2007,Import,Kuwait,18,Cocoa and cocoa preparations,Eastern Asia,Asia,437899,29.2733964,47.4979476,37.977378106878206,73.97804075806764
2007,2007,Import,Kuwait,18,Cocoa and cocoa preparations,Eastern Europe,Europe,1287968,29.2733964,47.4979476,51.67568633314729,27.673469819741847
2007,2007,Import,Kuwait,18,Cocoa and cocoa preparations,Latin America and the Caribbean,Americas,170265,29.2733964,47.4979476,17.925141963241547,-78.01492950057497
2007,2007,Import,Kuwait,18,Cocoa and cocoa preparations,Northern Africa,Africa,237703,29.2733964,47.4979476,19.569604022535763,12.47761721199581
2007,2007,Import,Kuwait,18,Cocoa and cocoa preparations,Northern America,Americas,2333118,29.2733964,47.4979476,43.897683433510366,-100.08947125585888
2007,2007,Import,Kuwait,18,Cocoa and cocoa preparations,Northern Europe,Europe,21185371,29.2733964,47.4979476,59.36075159783851,25.01346951967388
2007,2007,Import,Kuwait,18,Cocoa and cocoa preparations,Polynesia,Oceania,1202,29.2733964,47.4979476,-5.109184731250752,167.40343615892436
2007,2007,Import,Kuwait,18,Cocoa and cocoa preparations,South-eastern Asia,Asia,1476009,29.2733964,47.4979476,10.528384761701911,103.08333472012376
2007,2007,Import,Kuwait,18,Cocoa and cocoa preparations,Southern Asia,Asia,58687,29.2733964,47.4979476,25.499703063807168,75.5024015339642
2007,2007,Import,Kuwait,18,Cocoa and cocoa preparations,Southern Europe,Europe,10683629,29.2733964,47.4979476,40.12399607988535,20.742583178432696
2007,2007,Import,Kuwait,18,Cocoa and cocoa preparations,Sub-Saharan Africa,Africa,86424,29.2733964,47.4979476,6.06272746187266,22.727528470146083
2007,2007,Import,Kuwait,18,Cocoa and cocoa preparations,Western Asia,Asia,2769290,29.2733964,47.4979476,26.42921218083572,52.86847103284948
2007,2007,Import,Kuwait,18,Cocoa and cocoa preparations,Western Europe,Europe,19906021,29.2733964,47.4979476,47.92172048214207,7.866753258497997
2007,2007,Import,Kuwait,18,Cocoa and cocoa preparations,World,World,77128112,29.2733964,47.4979476,,
