yr,periodDesc,rgDesc,rtTitle,ptTitle,cmdCode,cmdDescE,TradeValue,Unnamed: 0,rtLat,rtLon,ptLat,ptLon
2007,2007.0,Re-Export,Kuwait,World,54.0,Man-made filaments,35254.0,,29.2733964,47.4979476,-36.8535712,174.7456809
2007,2007.0,Re-Export,Kuwait,Bahrain,54.0,Man-made filaments,1411.0,,29.2733964,47.4979476,26.1551249,50.5344606
2007,2007.0,Re-Export,Kuwait,Pakistan,54.0,Man-made filaments,10692.0,,29.2733964,47.4979476,30.3308401,71.247499
2007,2007.0,Re-Export,Kuwait,Qatar,54.0,Man-made filaments,3705.0,,29.2733964,47.4979476,25.3336984,51.2295295
2007,2007.0,Re-Export,Kuwait,Saudi Arabia,54.0,Man-made filaments,14040.0,,29.2733964,47.4979476,25.6242618,42.3528328
2007,2007.0,Re-Export,Kuwait,India,54.0,Man-made filaments,1595.0,,29.2733964,47.4979476,22.3511148,78.6677428
2007,2007.0,Re-Export,Kuwait,United Arab Emirates,54.0,Man-made filaments,3811.0,,29.2733964,47.4979476,24.0002488,53.9994829
