yr,periodDesc,rgDesc,rtTitle,cmdCode,cmdDescE,Subregion,Region,TradeValue,rtLat,rtLon,ptLon,ptLat
2013,2013,Export,Kuwait,1,Animals; live,Australia and New Zealand,Oceania,705,29.2733964,47.4979476,-16.85099460447687,133.4130365630627
2013,2013,Export,Kuwait,1,Animals; live,Eastern Asia,Asia,705,29.2733964,47.4979476,37.977378106878206,73.97804075806764
2013,2013,Export,Kuwait,1,Animals; live,Eastern Europe,Europe,882,29.2733964,47.4979476,51.67568633314729,27.673469819741847
2013,2013,Export,Kuwait,1,Animals; live,Latin America and the Caribbean,Americas,529,29.2733964,47.4979476,17.925141963241547,-78.01492950057497
2013,2013,Export,Kuwait,1,Animals; live,Northern Africa,Africa,16089,29.2733964,47.4979476,19.569604022535763,12.47761721199581
2013,2013,Export,Kuwait,1,Animals; live,Northern America,Americas,22540,29.2733964,47.4979476,43.897683433510366,-100.08947125585888
2013,2013,Export,Kuwait,1,Animals; live,Northern Europe,Europe,10371,29.2733964,47.4979476,59.36075159783851,25.01346951967388
2013,2013,Export,Kuwait,1,Animals; live,South-eastern Asia,Asia,2628,29.2733964,47.4979476,10.528384761701911,103.08333472012376
2013,2013,Export,Kuwait,1,Animals; live,Southern Asia,Asia,310485,29.2733964,47.4979476,25.499703063807168,75.5024015339642
2013,2013,Export,Kuwait,1,Animals; live,Sub-Saharan Africa,Africa,8642,29.2733964,47.4979476,6.06272746187266,22.727528470146083
2013,2013,Export,Kuwait,1,Animals; live,Western Europe,Europe,5821,29.2733964,47.4979476,47.92172048214207,7.866753258497997
2013,2013,Export,Kuwait,1,Animals; live,World,World,3921611,29.2733964,47.4979476,,
