yr,periodDesc,rgDesc,rtTitle,cmdCode,cmdDescE,Subregion,Region,TradeValue,rtLat,rtLon,ptLon,ptLat
2020,2020,Import,Kuwait,97,Works of art; collectors' pieces and antiques,Australia and New Zealand,Oceania,15970,29.2733964,47.4979476,-16.85099460447687,133.4130365630627
2020,2020,Import,Kuwait,97,Works of art; collectors' pieces and antiques,Eastern Asia,Asia,670386,29.2733964,47.4979476,37.977378106878206,73.97804075806764
2020,2020,Import,Kuwait,97,Works of art; collectors' pieces and antiques,Eastern Europe,Europe,113651,29.2733964,47.4979476,51.67568633314729,27.673469819741847
2020,2020,Import,Kuwait,97,Works of art; collectors' pieces and antiques,Northern Africa,Africa,49098,29.2733964,47.4979476,19.569604022535763,12.47761721199581
2020,2020,Import,Kuwait,97,Works of art; collectors' pieces and antiques,Northern America,Americas,1297668,29.2733964,47.4979476,43.897683433510366,-100.08947125585888
2020,2020,Import,Kuwait,97,Works of art; collectors' pieces and antiques,Northern Europe,Europe,2337120,29.2733964,47.4979476,59.36075159783851,25.01346951967388
2020,2020,Import,Kuwait,97,Works of art; collectors' pieces and antiques,South-eastern Asia,Asia,21179,29.2733964,47.4979476,10.528384761701911,103.08333472012376
2020,2020,Import,Kuwait,97,Works of art; collectors' pieces and antiques,Southern Asia,Asia,34692,29.2733964,47.4979476,25.499703063807168,75.5024015339642
2020,2020,Import,Kuwait,97,Works of art; collectors' pieces and antiques,Southern Europe,Europe,347674,29.2733964,47.4979476,40.12399607988535,20.742583178432696
2020,2020,Import,Kuwait,97,Works of art; collectors' pieces and antiques,Sub-Saharan Africa,Africa,20611,29.2733964,47.4979476,6.06272746187266,22.727528470146083
2020,2020,Import,Kuwait,97,Works of art; collectors' pieces and antiques,Western Asia,Asia,32839,29.2733964,47.4979476,26.42921218083572,52.86847103284948
2020,2020,Import,Kuwait,97,Works of art; collectors' pieces and antiques,Western Europe,Europe,1697334,29.2733964,47.4979476,47.92172048214207,7.866753258497997
2020,2020,Import,Kuwait,97,Works of art; collectors' pieces and antiques,World,World,8166358,29.2733964,47.4979476,,
