yr,periodDesc,rgDesc,rtTitle,cmdCode,cmdDescE,Subregion,Region,TradeValue,rtLat,rtLon,ptLon,ptLat
2005,2005,Import,Lebanon,45,Cork and articles of cork,Eastern Asia,Asia,29000,33.87,35.84,37.977378106878206,73.97804075806764
2005,2005,Import,Lebanon,45,Cork and articles of cork,Melanesia,Oceania,60000,33.87,35.84,1.0108650891006263,147.3257485906919
2005,2005,Import,Lebanon,45,Cork and articles of cork,Northern America,Americas,3000,33.87,35.84,43.897683433510366,-100.08947125585888
2005,2005,Import,Lebanon,45,Cork and articles of cork,Northern Europe,Europe,3000,33.87,35.84,59.36075159783851,25.01346951967388
2005,2005,Import,Lebanon,45,Cork and articles of cork,South-eastern Asia,Asia,4000,33.87,35.84,10.528384761701911,103.08333472012376
2005,2005,Import,Lebanon,45,Cork and articles of cork,Southern Europe,Europe,1005000,33.87,35.84,40.12399607988535,20.742583178432696
2005,2005,Import,Lebanon,45,Cork and articles of cork,Western Asia,Asia,8000,33.87,35.84,26.42921218083572,52.86847103284948
2005,2005,Import,Lebanon,45,Cork and articles of cork,Western Europe,Europe,110000,33.87,35.84,47.92172048214207,7.866753258497997
2005,2005,Import,Lebanon,45,Cork and articles of cork,World,World,1240000,33.87,35.84,,
