yr,periodDesc,rgDesc,rtTitle,cmdCode,cmdDescE,Subregion,Region,TradeValue,rtLat,rtLon,ptLon,ptLat
2005,2005,Export,Lebanon,38,Miscellaneous chemical products,Eastern Europe,Europe,2000,33.8750629,35.843409,51.67568633314729,27.673469819741847
2005,2005,Export,Lebanon,38,Miscellaneous chemical products,Latin America and the Caribbean,Americas,17000,33.8750629,35.843409,17.925141963241547,-78.01492950057497
2005,2005,Export,Lebanon,38,Miscellaneous chemical products,Northern Africa,Africa,140000,33.8750629,35.843409,19.569604022535763,12.47761721199581
2005,2005,Export,Lebanon,38,Miscellaneous chemical products,Northern America,Americas,1000,33.8750629,35.843409,43.897683433510366,-100.08947125585888
2005,2005,Export,Lebanon,38,Miscellaneous chemical products,Northern Europe,Europe,3000,33.8750629,35.843409,59.36075159783851,25.01346951967388
2005,2005,Export,Lebanon,38,Miscellaneous chemical products,Southern Asia,Asia,1000,33.8750629,35.843409,25.499703063807168,75.5024015339642
2005,2005,Export,Lebanon,38,Miscellaneous chemical products,Southern Europe,Europe,18000,33.8750629,35.843409,40.12399607988535,20.742583178432696
2005,2005,Export,Lebanon,38,Miscellaneous chemical products,Sub-Saharan Africa,Africa,290000,33.8750629,35.843409,6.06272746187266,22.727528470146083
2005,2005,Export,Lebanon,38,Miscellaneous chemical products,Western Asia,Asia,888000,33.8750629,35.843409,26.42921218083572,52.86847103284948
2005,2005,Export,Lebanon,38,Miscellaneous chemical products,Western Europe,Europe,17000,33.8750629,35.843409,47.92172048214207,7.866753258497997
2005,2005,Export,Lebanon,38,Miscellaneous chemical products,World,World,5487000,33.8750629,35.843409,,
