yr,periodDesc,rgDesc,rtTitle,cmdCode,cmdDescE,Subregion,Region,TradeValue,rtLat,rtLon,ptLon,ptLat
2000,2000,Export,Lebanon,72,Iron and steel,Eastern Asia,Asia,62062,33.8750629,35.843409,37.977378106878206,73.97804075806764
2000,2000,Export,Lebanon,72,Iron and steel,Latin America and the Caribbean,Americas,66313,33.8750629,35.843409,17.925141963241547,-78.01492950057497
2000,2000,Export,Lebanon,72,Iron and steel,Northern Africa,Africa,11000,33.8750629,35.843409,19.569604022535763,12.47761721199581
2000,2000,Export,Lebanon,72,Iron and steel,Northern America,Americas,663,33.8750629,35.843409,43.897683433510366,-100.08947125585888
2000,2000,Export,Lebanon,72,Iron and steel,Northern Europe,Europe,257642,33.8750629,35.843409,59.36075159783851,25.01346951967388
2000,2000,Export,Lebanon,72,Iron and steel,Southern Europe,Europe,2805186,33.8750629,35.843409,40.12399607988535,20.742583178432696
2000,2000,Export,Lebanon,72,Iron and steel,Sub-Saharan Africa,Africa,337333,33.8750629,35.843409,6.06272746187266,22.727528470146083
2000,2000,Export,Lebanon,72,Iron and steel,Western Asia,Asia,8027785,33.8750629,35.843409,26.42921218083572,52.86847103284948
2000,2000,Export,Lebanon,72,Iron and steel,Western Europe,Europe,397030,33.8750629,35.843409,47.92172048214207,7.866753258497997
2000,2000,Export,Lebanon,72,Iron and steel,World,World,12705439,33.8750629,35.843409,,
