yr,periodDesc,rgDesc,rtTitle,cmdCode,cmdDescE,Subregion,Region,TradeValue,rtLat,rtLon,ptLon,ptLat
2019,2019,Import,Lebanon,40,Rubber and articles thereof,Australia and New Zealand,Oceania,2542,33.8750629,35.843409,-16.85099460447687,133.4130365630627
2019,2019,Import,Lebanon,40,Rubber and articles thereof,Eastern Asia,Asia,57268122,33.8750629,35.843409,37.977378106878206,73.97804075806764
2019,2019,Import,Lebanon,40,Rubber and articles thereof,Eastern Europe,Europe,3332511,33.8750629,35.843409,51.67568633314729,27.673469819741847
2019,2019,Import,Lebanon,40,Rubber and articles thereof,Latin America and the Caribbean,Americas,409108,33.8750629,35.843409,17.925141963241547,-78.01492950057497
2019,2019,Import,Lebanon,40,Rubber and articles thereof,Northern Africa,Africa,259762,33.8750629,35.843409,19.569604022535763,12.47761721199581
2019,2019,Import,Lebanon,40,Rubber and articles thereof,Northern America,Americas,2173588,33.8750629,35.843409,43.897683433510366,-100.08947125585888
2019,2019,Import,Lebanon,40,Rubber and articles thereof,Northern Europe,Europe,1520498,33.8750629,35.843409,59.36075159783851,25.01346951967388
2019,2019,Import,Lebanon,40,Rubber and articles thereof,South-eastern Asia,Asia,26078723,33.8750629,35.843409,10.528384761701911,103.08333472012376
2019,2019,Import,Lebanon,40,Rubber and articles thereof,Southern Asia,Asia,418410,33.8750629,35.843409,25.499703063807168,75.5024015339642
2019,2019,Import,Lebanon,40,Rubber and articles thereof,Southern Europe,Europe,5255637,33.8750629,35.843409,40.12399607988535,20.742583178432696
2019,2019,Import,Lebanon,40,Rubber and articles thereof,Sub-Saharan Africa,Africa,13401,33.8750629,35.843409,6.06272746187266,22.727528470146083
2019,2019,Import,Lebanon,40,Rubber and articles thereof,Western Asia,Asia,3269596,33.8750629,35.843409,26.42921218083572,52.86847103284948
2019,2019,Import,Lebanon,40,Rubber and articles thereof,Western Europe,Europe,7698593,33.8750629,35.843409,47.92172048214207,7.866753258497997
2019,2019,Import,Lebanon,40,Rubber and articles thereof,World,World,112688797,33.8750629,35.843409,,
