yr,periodDesc,rgDesc,rtTitle,cmdCode,cmdDescE,Subregion,Region,TradeValue,rtLat,rtLon,ptLon,ptLat
2002,2002,Export,Lebanon,20,"Preparations of vegetables, fruit or nuts",Australia and New Zealand,Oceania,1415975,33.8750629,35.843409,-16.85099460447687,133.4130365630627
2002,2002,Export,Lebanon,20,"Preparations of vegetables, fruit or nuts",Eastern Asia,Asia,9970,33.8750629,35.843409,37.977378106878206,73.97804075806764
2002,2002,Export,Lebanon,20,"Preparations of vegetables, fruit or nuts",Eastern Europe,Europe,193382,33.8750629,35.843409,51.67568633314729,27.673469819741847
2002,2002,Export,Lebanon,20,"Preparations of vegetables, fruit or nuts",Latin America and the Caribbean,Americas,403051,33.8750629,35.843409,17.925141963241547,-78.01492950057497
2002,2002,Export,Lebanon,20,"Preparations of vegetables, fruit or nuts",Northern Africa,Africa,88628,33.8750629,35.843409,19.569604022535763,12.47761721199581
2002,2002,Export,Lebanon,20,"Preparations of vegetables, fruit or nuts",Northern America,Americas,6422670,33.8750629,35.843409,43.897683433510366,-100.08947125585888
2002,2002,Export,Lebanon,20,"Preparations of vegetables, fruit or nuts",Northern Europe,Europe,4541533,33.8750629,35.843409,59.36075159783851,25.01346951967388
2002,2002,Export,Lebanon,20,"Preparations of vegetables, fruit or nuts",South-eastern Asia,Asia,25655,33.8750629,35.843409,10.528384761701911,103.08333472012376
2002,2002,Export,Lebanon,20,"Preparations of vegetables, fruit or nuts",Southern Europe,Europe,271704,33.8750629,35.843409,40.12399607988535,20.742583178432696
2002,2002,Export,Lebanon,20,"Preparations of vegetables, fruit or nuts",Sub-Saharan Africa,Africa,1708843,33.8750629,35.843409,6.06272746187266,22.727528470146083
2002,2002,Export,Lebanon,20,"Preparations of vegetables, fruit or nuts",Western Asia,Asia,2037441,33.8750629,35.843409,26.42921218083572,52.86847103284948
2002,2002,Export,Lebanon,20,"Preparations of vegetables, fruit or nuts",Western Europe,Europe,1989948,33.8750629,35.843409,47.92172048214207,7.866753258497997
2002,2002,Export,Lebanon,20,"Preparations of vegetables, fruit or nuts",World,World,29879493,33.8750629,35.843409,,
