yr,periodDesc,rgDesc,rtTitle,cmdCode,cmdDescE,Subregion,Region,TradeValue,rtLat,rtLon,ptLon,ptLat
2019,2019,Import,Lebanon,29,Organic chemicals,Australia and New Zealand,Oceania,253,33.8750629,35.843409,-16.85099460447687,133.4130365630627
2019,2019,Import,Lebanon,29,Organic chemicals,Eastern Asia,Asia,25972435,33.8750629,35.843409,37.977378106878206,73.97804075806764
2019,2019,Import,Lebanon,29,Organic chemicals,Eastern Europe,Europe,5388204,33.8750629,35.843409,51.67568633314729,27.673469819741847
2019,2019,Import,Lebanon,29,Organic chemicals,Latin America and the Caribbean,Americas,267712,33.8750629,35.843409,17.925141963241547,-78.01492950057497
2019,2019,Import,Lebanon,29,Organic chemicals,Northern Africa,Africa,969539,33.8750629,35.843409,19.569604022535763,12.47761721199581
2019,2019,Import,Lebanon,29,Organic chemicals,Northern America,Americas,2676204,33.8750629,35.843409,43.897683433510366,-100.08947125585888
2019,2019,Import,Lebanon,29,Organic chemicals,Northern Europe,Europe,3802471,33.8750629,35.843409,59.36075159783851,25.01346951967388
2019,2019,Import,Lebanon,29,Organic chemicals,South-eastern Asia,Asia,2211949,33.8750629,35.843409,10.528384761701911,103.08333472012376
2019,2019,Import,Lebanon,29,Organic chemicals,Southern Europe,Europe,7957592,33.8750629,35.843409,40.12399607988535,20.742583178432696
2019,2019,Import,Lebanon,29,Organic chemicals,Sub-Saharan Africa,Africa,379244,33.8750629,35.843409,6.06272746187266,22.727528470146083
2019,2019,Import,Lebanon,29,Organic chemicals,Western Asia,Asia,106242,33.8750629,35.843409,26.42921218083572,52.86847103284948
2019,2019,Import,Lebanon,29,Organic chemicals,Western Europe,Europe,13180449,33.8750629,35.843409,47.92172048214207,7.866753258497997
2019,2019,Import,Lebanon,29,Organic chemicals,World,World,73075058,33.8750629,35.843409,,
