yr,periodDesc,rgDesc,rtTitle,ptTitle,cmdCode,cmdDescE,TradeValue,Unnamed: 0,rtLat,rtLon,ptLat,ptLon
2020,2020.0,Import,Lebanon,World,78.0,Lead and articles thereof,129033.0,,33.8750629,35.843409,-36.8535712,174.7456809
2020,2020.0,Import,Lebanon,Belgium,78.0,Lead and articles thereof,50547.0,,33.8750629,35.843409,50.6402809,4.6667145
2020,2020.0,Import,Lebanon,China,78.0,Lead and articles thereof,42.0,,33.8750629,35.843409,35.000074,104.999927
2020,2020.0,Import,Lebanon,France,78.0,Lead and articles thereof,1368.0,,33.8750629,35.843409,46.603354,1.8883335
2020,2020.0,Import,Lebanon,Malta,78.0,Lead and articles thereof,1790.0,,33.8750629,35.843409,35.8885993,14.4476911
2020,2020.0,Import,Lebanon,Netherlands,78.0,Lead and articles thereof,14292.0,,33.8750629,35.843409,52.2434979,5.6343227
2020,2020.0,Import,Lebanon,United Kingdom,78.0,Lead and articles thereof,59649.0,,33.8750629,35.843409,54.7023545,-3.2765753
2020,2020.0,Import,Lebanon,USA,78.0,Lead and articles thereof,1345.0,,33.8750629,35.843409,39.7837304,-100.445882
