yr,periodDesc,rgDesc,rtTitle,cmdCode,cmdDescE,Subregion,Region,TradeValue,rtLat,rtLon,ptLon,ptLat
2008,2008,Export,Lebanon,17,Sugars and sugar confectionery,Australia and New Zealand,Oceania,790334,33.8750629,35.843409,-16.85099460447687,133.4130365630627
2008,2008,Export,Lebanon,17,Sugars and sugar confectionery,Eastern Europe,Europe,34167,33.8750629,35.843409,51.67568633314729,27.673469819741847
2008,2008,Export,Lebanon,17,Sugars and sugar confectionery,Latin America and the Caribbean,Americas,279574,33.8750629,35.843409,17.925141963241547,-78.01492950057497
2008,2008,Export,Lebanon,17,Sugars and sugar confectionery,Northern Africa,Africa,195904,33.8750629,35.843409,19.569604022535763,12.47761721199581
2008,2008,Export,Lebanon,17,Sugars and sugar confectionery,Northern America,Americas,1741138,33.8750629,35.843409,43.897683433510366,-100.08947125585888
2008,2008,Export,Lebanon,17,Sugars and sugar confectionery,Northern Europe,Europe,580989,33.8750629,35.843409,59.36075159783851,25.01346951967388
2008,2008,Export,Lebanon,17,Sugars and sugar confectionery,South-eastern Asia,Asia,16675,33.8750629,35.843409,10.528384761701911,103.08333472012376
2008,2008,Export,Lebanon,17,Sugars and sugar confectionery,Southern Europe,Europe,53462,33.8750629,35.843409,40.12399607988535,20.742583178432696
2008,2008,Export,Lebanon,17,Sugars and sugar confectionery,Sub-Saharan Africa,Africa,713075,33.8750629,35.843409,6.06272746187266,22.727528470146083
2008,2008,Export,Lebanon,17,Sugars and sugar confectionery,Western Asia,Asia,6007979,33.8750629,35.843409,26.42921218083572,52.86847103284948
2008,2008,Export,Lebanon,17,Sugars and sugar confectionery,Western Europe,Europe,1120199,33.8750629,35.843409,47.92172048214207,7.866753258497997
2008,2008,Export,Lebanon,17,Sugars and sugar confectionery,World,World,23795318,33.8750629,35.843409,,
