yr,periodDesc,rgDesc,rtTitle,cmdCode,cmdDescE,Subregion,Region,TradeValue,rtLat,rtLon,ptLon,ptLat
2004,2004,Export,Lebanon,1,Live animals,Eastern Asia,Asia,25000,33.8750629,35.843409,37.977378106878206,73.97804075806764
2004,2004,Export,Lebanon,1,Live animals,Northern America,Americas,39000,33.8750629,35.843409,43.897683433510366,-100.08947125585888
2004,2004,Export,Lebanon,1,Live animals,Western Asia,Asia,4000,33.8750629,35.843409,26.42921218083572,52.86847103284948
2004,2004,Export,Lebanon,1,Live animals,Western Europe,Europe,2000,33.8750629,35.843409,47.92172048214207,7.866753258497997
2004,2004,Export,Lebanon,1,Live animals,World,World,268000,33.8750629,35.843409,,
