yr,periodDesc,rgDesc,rtTitle,cmdCode,cmdDescE,Subregion,Region,TradeValue,rtLat,rtLon,ptLon,ptLat
2003,2003,Export,Lebanon,73,Articles of iron or steel,Australia and New Zealand,Oceania,85962,33.8750629,35.843409,-16.85099460447687,133.4130365630627
2003,2003,Export,Lebanon,73,Articles of iron or steel,Central Asia,Asia,1210,33.8750629,35.843409,39.89317229901691,61.060280637304274
2003,2003,Export,Lebanon,73,Articles of iron or steel,Eastern Asia,Asia,16760,33.8750629,35.843409,37.977378106878206,73.97804075806764
2003,2003,Export,Lebanon,73,Articles of iron or steel,Eastern Europe,Europe,234864,33.8750629,35.843409,51.67568633314729,27.673469819741847
2003,2003,Export,Lebanon,73,Articles of iron or steel,Latin America and the Caribbean,Americas,18459,33.8750629,35.843409,17.925141963241547,-78.01492950057497
2003,2003,Export,Lebanon,73,Articles of iron or steel,Northern Africa,Africa,112100,33.8750629,35.843409,19.569604022535763,12.47761721199581
2003,2003,Export,Lebanon,73,Articles of iron or steel,Northern America,Americas,167512,33.8750629,35.843409,43.897683433510366,-100.08947125585888
2003,2003,Export,Lebanon,73,Articles of iron or steel,Northern Europe,Europe,194709,33.8750629,35.843409,59.36075159783851,25.01346951967388
2003,2003,Export,Lebanon,73,Articles of iron or steel,South-eastern Asia,Asia,20832,33.8750629,35.843409,10.528384761701911,103.08333472012376
2003,2003,Export,Lebanon,73,Articles of iron or steel,Southern Asia,Asia,2488,33.8750629,35.843409,25.499703063807168,75.5024015339642
2003,2003,Export,Lebanon,73,Articles of iron or steel,Southern Europe,Europe,1817649,33.8750629,35.843409,40.12399607988535,20.742583178432696
2003,2003,Export,Lebanon,73,Articles of iron or steel,Sub-Saharan Africa,Africa,3115683,33.8750629,35.843409,6.06272746187266,22.727528470146083
2003,2003,Export,Lebanon,73,Articles of iron or steel,Western Asia,Asia,1848459,33.8750629,35.843409,26.42921218083572,52.86847103284948
2003,2003,Export,Lebanon,73,Articles of iron or steel,Western Europe,Europe,546313,33.8750629,35.843409,47.92172048214207,7.866753258497997
2003,2003,Export,Lebanon,73,Articles of iron or steel,World,World,18483470,33.8750629,35.843409,,
