yr,periodDesc,rgDesc,rtTitle,cmdCode,cmdDescE,Subregion,Region,TradeValue,rtLat,rtLon,ptLon,ptLat
2021,2021,Export,Lebanon,70,Glass and glassware,Australia and New Zealand,Oceania,45478,33.8750629,35.843409,-16.85099460447687,133.4130365630627
2021,2021,Export,Lebanon,70,Glass and glassware,Central Asia,Asia,1061,33.8750629,35.843409,39.89317229901691,61.060280637304274
2021,2021,Export,Lebanon,70,Glass and glassware,Eastern Asia,Asia,4765,33.8750629,35.843409,37.977378106878206,73.97804075806764
2021,2021,Export,Lebanon,70,Glass and glassware,Eastern Europe,Europe,200,33.8750629,35.843409,51.67568633314729,27.673469819741847
2021,2021,Export,Lebanon,70,Glass and glassware,Latin America and the Caribbean,Americas,104782,33.8750629,35.843409,17.925141963241547,-78.01492950057497
2021,2021,Export,Lebanon,70,Glass and glassware,Northern Africa,Africa,87298,33.8750629,35.843409,19.569604022535763,12.47761721199581
2021,2021,Export,Lebanon,70,Glass and glassware,Northern America,Americas,127941,33.8750629,35.843409,43.897683433510366,-100.08947125585888
2021,2021,Export,Lebanon,70,Glass and glassware,Northern Europe,Europe,12220,33.8750629,35.843409,59.36075159783851,25.01346951967388
2021,2021,Export,Lebanon,70,Glass and glassware,South-eastern Asia,Asia,29311,33.8750629,35.843409,10.528384761701911,103.08333472012376
2021,2021,Export,Lebanon,70,Glass and glassware,Southern Europe,Europe,96852,33.8750629,35.843409,40.12399607988535,20.742583178432696
2021,2021,Export,Lebanon,70,Glass and glassware,Sub-Saharan Africa,Africa,3891886,33.8750629,35.843409,6.06272746187266,22.727528470146083
2021,2021,Export,Lebanon,70,Glass and glassware,Western Asia,Asia,457018,33.8750629,35.843409,26.42921218083572,52.86847103284948
2021,2021,Export,Lebanon,70,Glass and glassware,Western Europe,Europe,138993,33.8750629,35.843409,47.92172048214207,7.866753258497997
2021,2021,Export,Lebanon,70,Glass and glassware,World,World,8418063,33.8750629,35.843409,,
