yr,periodDesc,rgDesc,rtTitle,cmdCode,cmdDescE,Subregion,Region,TradeValue,rtLat,rtLon,ptLon,ptLat
2019,2019,Import,Lebanon,50,Silk,Eastern Asia,Asia,404594,33.87,35.84,37.977378106878206,73.97804075806764
2019,2019,Import,Lebanon,50,Silk,Eastern Europe,Europe,3156,33.87,35.84,51.67568633314729,27.673469819741847
2019,2019,Import,Lebanon,50,Silk,Northern Europe,Europe,6704,33.87,35.84,59.36075159783851,25.01346951967388
2019,2019,Import,Lebanon,50,Silk,Southern Europe,Europe,732541,33.87,35.84,40.12399607988535,20.742583178432696
2019,2019,Import,Lebanon,50,Silk,Western Asia,Asia,47314,33.87,35.84,26.42921218083572,52.86847103284948
2019,2019,Import,Lebanon,50,Silk,Western Europe,Europe,116097,33.87,35.84,47.92172048214207,7.866753258497997
2019,2019,Import,Lebanon,50,Silk,World,World,1429539,33.87,35.84,,
