yr,periodDesc,rgDesc,rtTitle,cmdCode,cmdDescE,Subregion,Region,TradeValue,rtLat,rtLon,ptLon,ptLat
1997,1997,Import,Lebanon,45,Cork and articles of cork,Eastern Europe,Europe,11909,33.8750629,35.843409,51.67568633314729,27.673469819741847
1997,1997,Import,Lebanon,45,Cork and articles of cork,Northern America,Americas,7590,33.8750629,35.843409,43.897683433510366,-100.08947125585888
1997,1997,Import,Lebanon,45,Cork and articles of cork,Northern Europe,Europe,7664,33.8750629,35.843409,59.36075159783851,25.01346951967388
1997,1997,Import,Lebanon,45,Cork and articles of cork,Southern Europe,Europe,522579,33.8750629,35.843409,40.12399607988535,20.742583178432696
1997,1997,Import,Lebanon,45,Cork and articles of cork,Western Europe,Europe,116516,33.8750629,35.843409,47.92172048214207,7.866753258497997
1997,1997,Import,Lebanon,45,Cork and articles of cork,World,World,704557,33.8750629,35.843409,,
