yr,periodDesc,rgDesc,rtTitle,cmdCode,cmdDescE,Subregion,Region,TradeValue,rtLat,rtLon,ptLon,ptLat
2016,2016,Import,Lebanon,65,Headgear and parts thereof,Eastern Asia,Asia,4974195,33.8750629,35.843409,37.977378106878206,73.97804075806764
2016,2016,Import,Lebanon,65,Headgear and parts thereof,Eastern Europe,Europe,33841,33.8750629,35.843409,51.67568633314729,27.673469819741847
2016,2016,Import,Lebanon,65,Headgear and parts thereof,Latin America and the Caribbean,Americas,24975,33.8750629,35.843409,17.925141963241547,-78.01492950057497
2016,2016,Import,Lebanon,65,Headgear and parts thereof,Northern Africa,Africa,6470,33.8750629,35.843409,19.569604022535763,12.47761721199581
2016,2016,Import,Lebanon,65,Headgear and parts thereof,Northern America,Americas,86143,33.8750629,35.843409,43.897683433510366,-100.08947125585888
2016,2016,Import,Lebanon,65,Headgear and parts thereof,Northern Europe,Europe,30688,33.8750629,35.843409,59.36075159783851,25.01346951967388
2016,2016,Import,Lebanon,65,Headgear and parts thereof,South-eastern Asia,Asia,96939,33.8750629,35.843409,10.528384761701911,103.08333472012376
2016,2016,Import,Lebanon,65,Headgear and parts thereof,Southern Asia,Asia,74979,33.8750629,35.843409,25.499703063807168,75.5024015339642
2016,2016,Import,Lebanon,65,Headgear and parts thereof,Southern Europe,Europe,437505,33.8750629,35.843409,40.12399607988535,20.742583178432696
2016,2016,Import,Lebanon,65,Headgear and parts thereof,Sub-Saharan Africa,Africa,13022,33.8750629,35.843409,6.06272746187266,22.727528470146083
2016,2016,Import,Lebanon,65,Headgear and parts thereof,Western Asia,Asia,103551,33.8750629,35.843409,26.42921218083572,52.86847103284948
2016,2016,Import,Lebanon,65,Headgear and parts thereof,Western Europe,Europe,270254,33.8750629,35.843409,47.92172048214207,7.866753258497997
2016,2016,Import,Lebanon,65,Headgear and parts thereof,World,World,6460204,33.8750629,35.843409,,
