yr,periodDesc,rgDesc,rtTitle,cmdCode,cmdDescE,Subregion,Region,TradeValue,rtLat,rtLon,ptLon,ptLat
2017,2017,Import,Lebanon,45,Cork and articles of cork,Eastern Asia,Asia,70326,33.8750629,35.843409,37.977378106878206,73.97804075806764
2017,2017,Import,Lebanon,45,Cork and articles of cork,Northern America,Americas,1078,33.8750629,35.843409,43.897683433510366,-100.08947125585888
2017,2017,Import,Lebanon,45,Cork and articles of cork,Northern Europe,Europe,113,33.8750629,35.843409,59.36075159783851,25.01346951967388
2017,2017,Import,Lebanon,45,Cork and articles of cork,Southern Europe,Europe,1208437,33.8750629,35.843409,40.12399607988535,20.742583178432696
2017,2017,Import,Lebanon,45,Cork and articles of cork,Tunisia,Tunisia,595,33.8750629,35.843409,,
2017,2017,Import,Lebanon,45,Cork and articles of cork,Western Asia,Asia,21559,33.8750629,35.843409,26.42921218083572,52.86847103284948
2017,2017,Import,Lebanon,45,Cork and articles of cork,Western Europe,Europe,180460,33.8750629,35.843409,47.92172048214207,7.866753258497997
2017,2017,Import,Lebanon,45,Cork and articles of cork,World,World,1488864,33.8750629,35.843409,,
2017,2017,Import,Lebanon,45,Cork and articles of cork, United Arab Emirates, United Arab Emirates,1393,33.8750629,35.843409,,
