yr,periodDesc,rgDesc,rtTitle,cmdCode,cmdDescE,Subregion,Region,TradeValue,rtLat,rtLon,ptLon,ptLat
2004,2004,Import,Lebanon,26,"Ores, slag and ash",Australia and New Zealand,Oceania,1000,33.8750629,35.843409,-16.85099460447687,133.4130365630627
2004,2004,Import,Lebanon,26,"Ores, slag and ash",Southern Europe,Europe,133000,33.8750629,35.843409,40.12399607988535,20.742583178432696
2004,2004,Import,Lebanon,26,"Ores, slag and ash",Sub-Saharan Africa,Africa,26000,33.8750629,35.843409,6.06272746187266,22.727528470146083
2004,2004,Import,Lebanon,26,"Ores, slag and ash",Western Asia,Asia,4211000,33.8750629,35.843409,26.42921218083572,52.86847103284948
2004,2004,Import,Lebanon,26,"Ores, slag and ash",Western Europe,Europe,405000,33.8750629,35.843409,47.92172048214207,7.866753258497997
2004,2004,Import,Lebanon,26,"Ores, slag and ash",World,World,4776000,33.8750629,35.843409,,
