yr,periodDesc,rgDesc,rtTitle,cmdCode,cmdDescE,Subregion,Region,TradeValue,rtLat,rtLon,ptLon,ptLat
2017,2017,Export,Lebanon,1,Animals; live,Northern America,Americas,729,33.8750629,35.843409,43.897683433510366,-100.08947125585888
2017,2017,Export,Lebanon,1,Animals; live,Sub-Saharan Africa,Africa,716,33.8750629,35.843409,6.06272746187266,22.727528470146083
2017,2017,Export,Lebanon,1,Animals; live,Western Asia,Asia,61306,33.8750629,35.843409,26.42921218083572,52.86847103284948
2017,2017,Export,Lebanon,1,Animals; live,Western Europe,Europe,23215,33.8750629,35.843409,47.92172048214207,7.866753258497997
2017,2017,Export,Lebanon,1,Animals; live,World,World,5998170,33.8750629,35.843409,,
