yr,periodDesc,rgDesc,rtTitle,cmdCode,cmdDescE,Subregion,Region,TradeValue,rtLat,rtLon,ptLon,ptLat
2016,2016,Export,Lebanon,70,Glass and glassware,Australia and New Zealand,Oceania,34347,33.8750629,35.843409,-16.85099460447687,133.4130365630627
2016,2016,Export,Lebanon,70,Glass and glassware,Eastern Asia,Asia,295,33.8750629,35.843409,37.977378106878206,73.97804075806764
2016,2016,Export,Lebanon,70,Glass and glassware,Eastern Europe,Europe,5981,33.8750629,35.843409,51.67568633314729,27.673469819741847
2016,2016,Export,Lebanon,70,Glass and glassware,Latin America and the Caribbean,Americas,21008,33.8750629,35.843409,17.925141963241547,-78.01492950057497
2016,2016,Export,Lebanon,70,Glass and glassware,Northern Africa,Africa,97100,33.8750629,35.843409,19.569604022535763,12.47761721199581
2016,2016,Export,Lebanon,70,Glass and glassware,Northern America,Americas,100594,33.8750629,35.843409,43.897683433510366,-100.08947125585888
2016,2016,Export,Lebanon,70,Glass and glassware,Northern Europe,Europe,88352,33.8750629,35.843409,59.36075159783851,25.01346951967388
2016,2016,Export,Lebanon,70,Glass and glassware,South-eastern Asia,Asia,1731,33.8750629,35.843409,10.528384761701911,103.08333472012376
2016,2016,Export,Lebanon,70,Glass and glassware,Southern Asia,Asia,43039,33.8750629,35.843409,25.499703063807168,75.5024015339642
2016,2016,Export,Lebanon,70,Glass and glassware,Southern Europe,Europe,7757,33.8750629,35.843409,40.12399607988535,20.742583178432696
2016,2016,Export,Lebanon,70,Glass and glassware,Sub-Saharan Africa,Africa,2672563,33.8750629,35.843409,6.06272746187266,22.727528470146083
2016,2016,Export,Lebanon,70,Glass and glassware,Western Asia,Asia,157151,33.8750629,35.843409,26.42921218083572,52.86847103284948
2016,2016,Export,Lebanon,70,Glass and glassware,Western Europe,Europe,134492,33.8750629,35.843409,47.92172048214207,7.866753258497997
2016,2016,Export,Lebanon,70,Glass and glassware,World,World,5771128,33.8750629,35.843409,,
