yr,periodDesc,rgDesc,rtTitle,cmdCode,cmdDescE,Subregion,Region,TradeValue,rtLat,rtLon,ptLon,ptLat
2007,2007,Import,Libya,10,Cereals,Central Asia,Asia,3539813,26.8234472,18.1236723,39.89317229901691,61.060280637304274
2007,2007,Import,Libya,10,Cereals,Eastern Asia,Asia,265079,26.8234472,18.1236723,37.977378106878206,73.97804075806764
2007,2007,Import,Libya,10,Cereals,Eastern Europe,Europe,52547825,26.8234472,18.1236723,51.67568633314729,27.673469819741847
2007,2007,Import,Libya,10,Cereals,Egypt,Egypt,70422733,26.8234472,18.1236723,,
2007,2007,Import,Libya,10,Cereals,Latin America and the Caribbean,Americas,16630952,26.8234472,18.1236723,17.925141963241547,-78.01492950057497
2007,2007,Import,Libya,10,Cereals,Northern America,Americas,19399588,26.8234472,18.1236723,43.897683433510366,-100.08947125585888
2007,2007,Import,Libya,10,Cereals,Northern Europe,Europe,20077,26.8234472,18.1236723,59.36075159783851,25.01346951967388
2007,2007,Import,Libya,10,Cereals,South-eastern Asia,Asia,230705,26.8234472,18.1236723,10.528384761701911,103.08333472012376
2007,2007,Import,Libya,10,Cereals,Southern Europe,Europe,641494,26.8234472,18.1236723,40.12399607988535,20.742583178432696
2007,2007,Import,Libya,10,Cereals,Western Europe,Europe,5617875,26.8234472,18.1236723,47.92172048214207,7.866753258497997
2007,2007,Import,Libya,10,Cereals,World,World,180300367,26.8234472,18.1236723,,
2007,2007,Import,Libya,10,Cereals, Pakistan, Pakistan,5063,26.8234472,18.1236723,,
