yr,periodDesc,rgDesc,rtTitle,cmdCode,cmdDescE,Subregion,Region,TradeValue,rtLat,rtLon,ptLon,ptLat
2007,2007,Import,Libya,75,Nickel and articles thereof,Eastern Asia,Asia,48373,26.8234472,18.1236723,37.977378106878206,73.97804075806764
2007,2007,Import,Libya,75,Nickel and articles thereof,Northern Africa,Africa,27238,26.8234472,18.1236723,19.569604022535763,12.47761721199581
2007,2007,Import,Libya,75,Nickel and articles thereof,Southern Europe,Europe,92901,26.8234472,18.1236723,40.12399607988535,20.742583178432696
2007,2007,Import,Libya,75,Nickel and articles thereof,Western Europe,Europe,6071,26.8234472,18.1236723,47.92172048214207,7.866753258497997
2007,2007,Import,Libya,75,Nickel and articles thereof,World,World,3842806,26.8234472,18.1236723,,
