yr,periodDesc,rgDesc,rtTitle,cmdCode,cmdDescE,Subregion,Region,TradeValue,rtLat,rtLon,ptLon,ptLat
2010,2010,Import,Libya,72,Iron and steel,Australia and New Zealand,Oceania,4147,26.8234472,18.1236723,-16.85099460447687,133.4130365630627
2010,2010,Import,Libya,72,Iron and steel,Eastern Asia,Asia,62021134,26.8234472,18.1236723,37.977378106878206,73.97804075806764
2010,2010,Import,Libya,72,Iron and steel,Eastern Europe,Europe,55988120,26.8234472,18.1236723,51.67568633314729,27.673469819741847
2010,2010,Import,Libya,72,Iron and steel,Latin America and the Caribbean,Americas,237624877,26.8234472,18.1236723,17.925141963241547,-78.01492950057497
2010,2010,Import,Libya,72,Iron and steel,Northern Africa,Africa,14309455,26.8234472,18.1236723,19.569604022535763,12.47761721199581
2010,2010,Import,Libya,72,Iron and steel,Northern America,Americas,16184235,26.8234472,18.1236723,43.897683433510366,-100.08947125585888
2010,2010,Import,Libya,72,Iron and steel,Northern Europe,Europe,76450584,26.8234472,18.1236723,59.36075159783851,25.01346951967388
2010,2010,Import,Libya,72,Iron and steel,South-eastern Asia,Asia,55800543,26.8234472,18.1236723,10.528384761701911,103.08333472012376
2010,2010,Import,Libya,72,Iron and steel,Southern Europe,Europe,37338019,26.8234472,18.1236723,40.12399607988535,20.742583178432696
2010,2010,Import,Libya,72,Iron and steel,Sub-Saharan Africa,Africa,7961534,26.8234472,18.1236723,6.06272746187266,22.727528470146083
2010,2010,Import,Libya,72,Iron and steel,Western Asia,Asia,215022159,26.8234472,18.1236723,26.42921218083572,52.86847103284948
2010,2010,Import,Libya,72,Iron and steel,Western Europe,Europe,27886660,26.8234472,18.1236723,47.92172048214207,7.866753258497997
2010,2010,Import,Libya,72,Iron and steel,World,World,831562303,26.8234472,18.1236723,,
