yr,periodDesc,rgDesc,rtTitle,cmdCode,cmdDescE,Subregion,Region,TradeValue,rtLat,rtLon,ptLon,ptLat
2010,2010,Import,Libya,75,Nickel and articles thereof,Eastern Asia,Asia,81546,26.8234472,18.1236723,37.977378106878206,73.97804075806764
2010,2010,Import,Libya,75,Nickel and articles thereof,Northern Europe,Europe,371675,26.8234472,18.1236723,59.36075159783851,25.01346951967388
2010,2010,Import,Libya,75,Nickel and articles thereof,Southern Europe,Europe,206173,26.8234472,18.1236723,40.12399607988535,20.742583178432696
2010,2010,Import,Libya,75,Nickel and articles thereof,Sub-Saharan Africa,Africa,30980,26.8234472,18.1236723,6.06272746187266,22.727528470146083
2010,2010,Import,Libya,75,Nickel and articles thereof,Western Asia,Asia,23781,26.8234472,18.1236723,26.42921218083572,52.86847103284948
2010,2010,Import,Libya,75,Nickel and articles thereof,Western Europe,Europe,91968,26.8234472,18.1236723,47.92172048214207,7.866753258497997
2010,2010,Import,Libya,75,Nickel and articles thereof,World,World,849873,26.8234472,18.1236723,,
