yr,periodDesc,rgDesc,rtTitle,cmdCode,cmdDescE,Subregion,Region,TradeValue,rtLat,rtLon,ptLon,ptLat
2016,2016,Import,Libya,60,Knitted or crocheted fabrics,Eastern Asia,Asia,4756882,26.8234472,18.1236723,37.977378106878206,73.97804075806764
2016,2016,Import,Libya,60,Knitted or crocheted fabrics,Northern America,Americas,10476,26.8234472,18.1236723,43.897683433510366,-100.08947125585888
2016,2016,Import,Libya,60,Knitted or crocheted fabrics,Southern Europe,Europe,2524,26.8234472,18.1236723,40.12399607988535,20.742583178432696
2016,2016,Import,Libya,60,Knitted or crocheted fabrics,Tunisia,Tunisia,61617,26.8234472,18.1236723,,
2016,2016,Import,Libya,60,Knitted or crocheted fabrics,Western Asia,Asia,1016173,26.8234472,18.1236723,26.42921218083572,52.86847103284948
2016,2016,Import,Libya,60,Knitted or crocheted fabrics,Western Europe,Europe,4064,26.8234472,18.1236723,47.92172048214207,7.866753258497997
2016,2016,Import,Libya,60,Knitted or crocheted fabrics,World,World,5890382,26.8234472,18.1236723,,
