yr,periodDesc,rgDesc,rtTitle,cmdCode,cmdDescE,Subregion,Region,TradeValue,rtLat,rtLon,ptLon,ptLat
2016,2016,Import,Libya,55,Man-made staple fibers,Eastern Asia,Asia,4668260,26.8234472,18.1236723,37.977378106878206,73.97804075806764
2016,2016,Import,Libya,55,Man-made staple fibers,Northern Africa,Africa,272527,26.8234472,18.1236723,19.569604022535763,12.47761721199581
2016,2016,Import,Libya,55,Man-made staple fibers,South-eastern Asia,Asia,211875,26.8234472,18.1236723,10.528384761701911,103.08333472012376
2016,2016,Import,Libya,55,Man-made staple fibers,Southern Europe,Europe,11217,26.8234472,18.1236723,40.12399607988535,20.742583178432696
2016,2016,Import,Libya,55,Man-made staple fibers,Western Asia,Asia,689734,26.8234472,18.1236723,26.42921218083572,52.86847103284948
2016,2016,Import,Libya,55,Man-made staple fibers,Western Europe,Europe,11799,26.8234472,18.1236723,47.92172048214207,7.866753258497997
2016,2016,Import,Libya,55,Man-made staple fibers,World,World,6108734,26.8234472,18.1236723,,
