yr,periodDesc,rgDesc,rtTitle,cmdCode,cmdDescE,Subregion,Region,TradeValue,rtLat,rtLon,ptLon,ptLat
2009,2009,Import,Libya,52,Cotton,Eastern Asia,Asia,106847,26.8234472,18.1236723,37.977378106878206,73.97804075806764
2009,2009,Import,Libya,52,Cotton,Northern Africa,Africa,39368,26.8234472,18.1236723,19.569604022535763,12.47761721199581
2009,2009,Import,Libya,52,Cotton,Northern Europe,Europe,27859,26.8234472,18.1236723,59.36075159783851,25.01346951967388
2009,2009,Import,Libya,52,Cotton,Western Asia,Asia,43128,26.8234472,18.1236723,26.42921218083572,52.86847103284948
2009,2009,Import,Libya,52,Cotton,Western Europe,Europe,4547,26.8234472,18.1236723,47.92172048214207,7.866753258497997
2009,2009,Import,Libya,52,Cotton,World,World,302572,26.8234472,18.1236723,,
