yr,periodDesc,rgDesc,rtTitle,cmdCode,cmdDescE,Subregion,Region,TradeValue,rtLat,rtLon,ptLon,ptLat
2019,2019,Import,Libya,50,Silk,Eastern Asia,Asia,222480,26.82,18.12,37.977378106878206,73.97804075806764
2019,2019,Import,Libya,50,Silk,Southern Europe,Europe,206285,26.82,18.12,40.12399607988535,20.742583178432696
2019,2019,Import,Libya,50,Silk,Western Asia,Asia,4620,26.82,18.12,26.42921218083572,52.86847103284948
2019,2019,Import,Libya,50,Silk,World,World,433385,26.82,18.12,,
