yr,periodDesc,rgDesc,rtTitle,cmdCode,cmdDescE,Subregion,Region,TradeValue,rtLat,rtLon,ptLon,ptLat
2001,2001,Import,Malta,79,Zinc and articles thereof,Eastern Asia,Asia,909,35.8885993,14.4476911,37.977378106878206,73.97804075806764
2001,2001,Import,Malta,79,Zinc and articles thereof,Northern America,Americas,151,35.8885993,14.4476911,43.897683433510366,-100.08947125585888
2001,2001,Import,Malta,79,Zinc and articles thereof,Northern Europe,Europe,125639,35.8885993,14.4476911,59.36075159783851,25.01346951967388
2001,2001,Import,Malta,79,Zinc and articles thereof,Southern Europe,Europe,41660,35.8885993,14.4476911,40.12399607988535,20.742583178432696
2001,2001,Import,Malta,79,Zinc and articles thereof,Western Europe,Europe,204596,35.8885993,14.4476911,47.92172048214207,7.866753258497997
2001,2001,Import,Malta,79,Zinc and articles thereof,World,World,375382,35.8885993,14.4476911,,
