yr,periodDesc,rgDesc,rtTitle,ptTitle,cmdCode,cmdDescE,TradeValue,Unnamed: 0,rtLat,rtLon,ptLat,ptLon
2012,2012.0,Export,Malta,World,2.0,Meat and edible meat offal,581076.0,,35.8885993,14.4476911,-36.8535712,174.7456809
2012,2012.0,Export,Malta,Benin,2.0,Meat and edible meat offal,48612.0,,35.8885993,14.4476911,9.5293472,2.2584408
2012,2012.0,Export,Malta,France,2.0,Meat and edible meat offal,49863.0,,35.8885993,14.4476911,46.603354,1.8883335
2012,2012.0,Export,Malta,Libya,2.0,Meat and edible meat offal,366774.0,,35.8885993,14.4476911,26.8234472,18.1236723
2012,2012.0,Export,Malta,Netherlands,2.0,Meat and edible meat offal,3293.0,,35.8885993,14.4476911,52.2434979,5.6343227
2012,2012.0,Export,Malta,Poland,2.0,Meat and edible meat offal,3011.0,,35.8885993,14.4476911,52.215933,19.134422
2012,2012.0,Export,Malta,Romania,2.0,Meat and edible meat offal,58366.0,,35.8885993,14.4476911,45.9852129,24.6859225
2012,2012.0,Export,Malta,South Africa,2.0,Meat and edible meat offal,24618.0,,35.8885993,14.4476911,-28.8166236,24.991639
2012,2012.0,Export,Malta,Togo,2.0,Meat and edible meat offal,26538.0,,35.8885993,14.4476911,8.7800265,1.0199765
