yr,periodDesc,rgDesc,rtTitle,cmdCode,cmdDescE,Subregion,Region,TradeValue,rtLat,rtLon,ptLon,ptLat
2000,2000,Import,Malta,76,Aluminium and articles thereof,Eastern Asia,Asia,77192,35.8885993,14.4476911,37.977378106878206,73.97804075806764
2000,2000,Import,Malta,76,Aluminium and articles thereof,Eastern Europe,Europe,519532,35.8885993,14.4476911,51.67568633314729,27.673469819741847
2000,2000,Import,Malta,76,Aluminium and articles thereof,Latin America and the Caribbean,Americas,1167208,35.8885993,14.4476911,17.925141963241547,-78.01492950057497
2000,2000,Import,Malta,76,Aluminium and articles thereof,Northern America,Americas,67843,35.8885993,14.4476911,43.897683433510366,-100.08947125585888
2000,2000,Import,Malta,76,Aluminium and articles thereof,Northern Europe,Europe,1221319,35.8885993,14.4476911,59.36075159783851,25.01346951967388
2000,2000,Import,Malta,76,Aluminium and articles thereof,South-eastern Asia,Asia,14536,35.8885993,14.4476911,10.528384761701911,103.08333472012376
2000,2000,Import,Malta,76,Aluminium and articles thereof,Southern Europe,Europe,8624932,35.8885993,14.4476911,40.12399607988535,20.742583178432696
2000,2000,Import,Malta,76,Aluminium and articles thereof,Western Europe,Europe,2244230,35.8885993,14.4476911,47.92172048214207,7.866753258497997
2000,2000,Import,Malta,76,Aluminium and articles thereof,World,World,15928652,35.8885993,14.4476911,,
