yr,periodDesc,rgDesc,rtTitle,cmdCode,cmdDescE,Subregion,Region,TradeValue,rtLat,rtLon,ptLon,ptLat
1999,1999,Import,Malta,65,Headgear and parts thereof,Australia and New Zealand,Oceania,1290,35.8885993,14.4476911,-16.85099460447687,133.4130365630627
1999,1999,Import,Malta,65,Headgear and parts thereof,Eastern Asia,Asia,342416,35.8885993,14.4476911,37.977378106878206,73.97804075806764
1999,1999,Import,Malta,65,Headgear and parts thereof,Eastern Europe,Europe,925,35.8885993,14.4476911,51.67568633314729,27.673469819741847
1999,1999,Import,Malta,65,Headgear and parts thereof,Egypt,Egypt,505,35.8885993,14.4476911,,
1999,1999,Import,Malta,65,Headgear and parts thereof,Northern America,Americas,35735,35.8885993,14.4476911,43.897683433510366,-100.08947125585888
1999,1999,Import,Malta,65,Headgear and parts thereof,Northern Europe,Europe,153267,35.8885993,14.4476911,59.36075159783851,25.01346951967388
1999,1999,Import,Malta,65,Headgear and parts thereof,South-eastern Asia,Asia,9089,35.8885993,14.4476911,10.528384761701911,103.08333472012376
1999,1999,Import,Malta,65,Headgear and parts thereof,Southern Asia,Asia,2104,35.8885993,14.4476911,25.499703063807168,75.5024015339642
1999,1999,Import,Malta,65,Headgear and parts thereof,Southern Europe,Europe,250048,35.8885993,14.4476911,40.12399607988535,20.742583178432696
1999,1999,Import,Malta,65,Headgear and parts thereof,Western Asia,Asia,1642,35.8885993,14.4476911,26.42921218083572,52.86847103284948
1999,1999,Import,Malta,65,Headgear and parts thereof,Western Europe,Europe,36390,35.8885993,14.4476911,47.92172048214207,7.866753258497997
1999,1999,Import,Malta,65,Headgear and parts thereof,World,World,904265,35.8885993,14.4476911,,
