yr,periodDesc,rgDesc,rtTitle,cmdCode,cmdDescE,Subregion,Region,TradeValue,rtLat,rtLon,ptLon,ptLat
1998,1998,Re-Export,Malta,72,Iron and steel,Northern Europe,Europe,5520,35.8885993,14.4476911,59.36075159783851,25.01346951967388
1998,1998,Re-Export,Malta,72,Iron and steel,Southern Europe,Europe,2198,35.8885993,14.4476911,40.12399607988535,20.742583178432696
1998,1998,Re-Export,Malta,72,Iron and steel,Western Europe,Europe,1158,35.8885993,14.4476911,47.92172048214207,7.866753258497997
1998,1998,Re-Export,Malta,72,Iron and steel,World,World,17634,35.8885993,14.4476911,,
1998,1998,Re-Export,Malta,72,Iron and steel, Libya, Libya,8308,35.8885993,14.4476911,,
