yr,periodDesc,rgDesc,rtTitle,cmdCode,cmdDescE,Subregion,Region,TradeValue,rtLat,rtLon,ptLon,ptLat
2015,2015,Import,Malta,65,Headgear and parts thereof,Australia and New Zealand,Oceania,686,35.8885993,14.4476911,-16.85099460447687,133.4130365630627
2015,2015,Import,Malta,65,Headgear and parts thereof,Eastern Asia,Asia,398078,35.8885993,14.4476911,37.977378106878206,73.97804075806764
2015,2015,Import,Malta,65,Headgear and parts thereof,Eastern Europe,Europe,24815,35.8885993,14.4476911,51.67568633314729,27.673469819741847
2015,2015,Import,Malta,65,Headgear and parts thereof,Latin America and the Caribbean,Americas,3794,35.8885993,14.4476911,17.925141963241547,-78.01492950057497
2015,2015,Import,Malta,65,Headgear and parts thereof,Northern America,Americas,8461,35.8885993,14.4476911,43.897683433510366,-100.08947125585888
2015,2015,Import,Malta,65,Headgear and parts thereof,Northern Europe,Europe,286518,35.8885993,14.4476911,59.36075159783851,25.01346951967388
2015,2015,Import,Malta,65,Headgear and parts thereof,South-eastern Asia,Asia,28791,35.8885993,14.4476911,10.528384761701911,103.08333472012376
2015,2015,Import,Malta,65,Headgear and parts thereof,Southern Asia,Asia,3425,35.8885993,14.4476911,25.499703063807168,75.5024015339642
2015,2015,Import,Malta,65,Headgear and parts thereof,Southern Europe,Europe,313601,35.8885993,14.4476911,40.12399607988535,20.742583178432696
2015,2015,Import,Malta,65,Headgear and parts thereof,Sub-Saharan Africa,Africa,912,35.8885993,14.4476911,6.06272746187266,22.727528470146083
2015,2015,Import,Malta,65,Headgear and parts thereof,Western Asia,Asia,7814,35.8885993,14.4476911,26.42921218083572,52.86847103284948
2015,2015,Import,Malta,65,Headgear and parts thereof,Western Europe,Europe,240973,35.8885993,14.4476911,47.92172048214207,7.866753258497997
2015,2015,Import,Malta,65,Headgear and parts thereof,World,World,1325069,35.8885993,14.4476911,,
2015,2015,Import,Malta,65,Headgear and parts thereof, Cyprus, Cyprus,150,35.8885993,14.4476911,,
2015,2015,Import,Malta,65,Headgear and parts thereof, Pakistan, Pakistan,3355,35.8885993,14.4476911,,
