yr,periodDesc,rgDesc,rtTitle,cmdCode,cmdDescE,Subregion,Region,TradeValue,rtLat,rtLon,ptLon,ptLat
2011,2011,Import,Malta,79,Zinc and articles thereof,Eastern Asia,Asia,6194,35.8885993,14.4476911,37.977378106878206,73.97804075806764
2011,2011,Import,Malta,79,Zinc and articles thereof,Eastern Europe,Europe,381,35.8885993,14.4476911,51.67568633314729,27.673469819741847
2011,2011,Import,Malta,79,Zinc and articles thereof,Northern America,Americas,3754,35.8885993,14.4476911,43.897683433510366,-100.08947125585888
2011,2011,Import,Malta,79,Zinc and articles thereof,Northern Europe,Europe,6194,35.8885993,14.4476911,59.36075159783851,25.01346951967388
2011,2011,Import,Malta,79,Zinc and articles thereof,Southern Europe,Europe,142323,35.8885993,14.4476911,40.12399607988535,20.742583178432696
2011,2011,Import,Malta,79,Zinc and articles thereof,Western Europe,Europe,252321,35.8885993,14.4476911,47.92172048214207,7.866753258497997
2011,2011,Import,Malta,79,Zinc and articles thereof,World,World,415016,35.8885993,14.4476911,,
2011,2011,Import,Malta,79,Zinc and articles thereof,United Arab Emirates, United Arab Emirates,3850,35.8885993,14.4476911,,
