yr,periodDesc,rgDesc,rtTitle,cmdCode,cmdDescE,Subregion,Region,TradeValue,rtLat,rtLon,ptLon,ptLat
2015,2015,Export,Malta,60,Fabrics; knitted or crocheted,Eastern Asia,Asia,747351,35.8885993,14.4476911,37.977378106878206,73.97804075806764
2015,2015,Export,Malta,60,Fabrics; knitted or crocheted,Eastern Europe,Europe,204733,35.8885993,14.4476911,51.67568633314729,27.673469819741847
2015,2015,Export,Malta,60,Fabrics; knitted or crocheted,Latin America and the Caribbean,Americas,218712,35.8885993,14.4476911,17.925141963241547,-78.01492950057497
2015,2015,Export,Malta,60,Fabrics; knitted or crocheted,Northern America,Americas,345074,35.8885993,14.4476911,43.897683433510366,-100.08947125585888
2015,2015,Export,Malta,60,Fabrics; knitted or crocheted,Southern Europe,Europe,19653157,35.8885993,14.4476911,40.12399607988535,20.742583178432696
2015,2015,Export,Malta,60,Fabrics; knitted or crocheted,Western Asia,Asia,4129005,35.8885993,14.4476911,26.42921218083572,52.86847103284948
2015,2015,Export,Malta,60,Fabrics; knitted or crocheted,Western Europe,Europe,2242567,35.8885993,14.4476911,47.92172048214207,7.866753258497997
2015,2015,Export,Malta,60,Fabrics; knitted or crocheted,World,World,27541390,35.8885993,14.4476911,,
