yr,periodDesc,rgDesc,rtTitle,cmdCode,cmdDescE,Subregion,Region,TradeValue,rtLat,rtLon,ptLon,ptLat
1995,1995,Re-Export,Malta,1,Live animals,Australia and New Zealand,Oceania,994,35.8885993,14.4476911,-16.85099460447687,133.4130365630627
1995,1995,Re-Export,Malta,1,Live animals,Northern America,Americas,1916,35.8885993,14.4476911,43.897683433510366,-100.08947125585888
1995,1995,Re-Export,Malta,1,Live animals,Northern Europe,Europe,3095,35.8885993,14.4476911,59.36075159783851,25.01346951967388
1995,1995,Re-Export,Malta,1,Live animals,South-eastern Asia,Asia,1417,35.8885993,14.4476911,10.528384761701911,103.08333472012376
1995,1995,Re-Export,Malta,1,Live animals,World,World,9106,35.8885993,14.4476911,,
