yr,periodDesc,rgDesc,rtTitle,ptTitle,cmdCode,cmdDescE,TradeValue,Unnamed: 0,rtLat,rtLon,ptLat,ptLon
2007,2007.0,Export,Malta,World,55.0,Man-made staple fibres,1696275.0,,35.8885993,14.4476911,-36.8535712,174.7456809
2007,2007.0,Export,Malta,China,55.0,Man-made staple fibres,54976.0,,35.8885993,14.4476911,35.000074,104.999927
2007,2007.0,Export,Malta,Germany,55.0,Man-made staple fibres,35246.0,,35.8885993,14.4476911,51.1638175,10.4478313
2007,2007.0,Export,Malta,Italy,55.0,Man-made staple fibres,1495905.0,,35.8885993,14.4476911,42.6384261,12.674297
2007,2007.0,Export,Malta,Libya,55.0,Man-made staple fibres,13181.0,,35.8885993,14.4476911,26.8234472,18.1236723
2007,2007.0,Export,Malta,Tunisia,55.0,Man-made staple fibres,39811.0,,35.8885993,14.4476911,33.8439408,9.400138
2007,2007.0,Export,Malta,United Kingdom,55.0,Man-made staple fibres,57156.0,,35.8885993,14.4476911,54.7023545,-3.2765753
