yr,periodDesc,rgDesc,rtTitle,cmdCode,cmdDescE,Subregion,Region,TradeValue,rtLat,rtLon,ptLon,ptLat
2003,2003,Re-Export,Malta,70,Glass and glassware,Northern America,Americas,11194,35.8885993,14.4476911,43.897683433510366,-100.08947125585888
2003,2003,Re-Export,Malta,70,Glass and glassware,Northern Europe,Europe,240106,35.8885993,14.4476911,59.36075159783851,25.01346951967388
2003,2003,Re-Export,Malta,70,Glass and glassware,Southern Europe,Europe,9181,35.8885993,14.4476911,40.12399607988535,20.742583178432696
2003,2003,Re-Export,Malta,70,Glass and glassware,Western Asia,Asia,70513,35.8885993,14.4476911,26.42921218083572,52.86847103284948
2003,2003,Re-Export,Malta,70,Glass and glassware,Western Europe,Europe,22382,35.8885993,14.4476911,47.92172048214207,7.866753258497997
2003,2003,Re-Export,Malta,70,Glass and glassware,World,World,374687,35.8885993,14.4476911,,
2003,2003,Re-Export,Malta,70,Glass and glassware, Libya, Libya,9230,35.8885993,14.4476911,,
2003,2003,Re-Export,Malta,70,Glass and glassware, United Arab Emirates, United Arab Emirates,12081,35.8885993,14.4476911,,
