yr,periodDesc,rgDesc,rtTitle,cmdCode,cmdDescE,Subregion,Region,TradeValue,rtLat,rtLon,ptLon,ptLat
2015,2015,Import,Malta,52,Cotton,Eastern Asia,Asia,47764,35.8885993,14.4476911,37.977378106878206,73.97804075806764
2015,2015,Import,Malta,52,Cotton,Northern America,Americas,1315,35.8885993,14.4476911,43.897683433510366,-100.08947125585888
2015,2015,Import,Malta,52,Cotton,Northern Europe,Europe,127892,35.8885993,14.4476911,59.36075159783851,25.01346951967388
2015,2015,Import,Malta,52,Cotton,South-eastern Asia,Asia,414,35.8885993,14.4476911,10.528384761701911,103.08333472012376
2015,2015,Import,Malta,52,Cotton,Southern Europe,Europe,358020,35.8885993,14.4476911,40.12399607988535,20.742583178432696
2015,2015,Import,Malta,52,Cotton,Sub-Saharan Africa,Africa,694,35.8885993,14.4476911,6.06272746187266,22.727528470146083
2015,2015,Import,Malta,52,Cotton,Tunisia,Tunisia,7340,35.8885993,14.4476911,,
2015,2015,Import,Malta,52,Cotton,Western Asia,Asia,29460,35.8885993,14.4476911,26.42921218083572,52.86847103284948
2015,2015,Import,Malta,52,Cotton,Western Europe,Europe,31230,35.8885993,14.4476911,47.92172048214207,7.866753258497997
2015,2015,Import,Malta,52,Cotton,World,World,656319,35.8885993,14.4476911,,
2015,2015,Import,Malta,52,Cotton, Pakistan, Pakistan,41669,35.8885993,14.4476911,,
2015,2015,Import,Malta,52,Cotton, Qatar, Qatar,150,35.8885993,14.4476911,,
