yr,periodDesc,rgDesc,rtTitle,cmdCode,cmdDescE,Subregion,Region,TradeValue,rtLat,rtLon,ptLon,ptLat
2018,2018,Import,Malta,79,Zinc and articles thereof,Eastern Asia,Asia,23154,35.8885993,14.4476911,37.977378106878206,73.97804075806764
2018,2018,Import,Malta,79,Zinc and articles thereof,Eastern Europe,Europe,652,35.8885993,14.4476911,51.67568633314729,27.673469819741847
2018,2018,Import,Malta,79,Zinc and articles thereof,Northern America,Americas,512,35.8885993,14.4476911,43.897683433510366,-100.08947125585888
2018,2018,Import,Malta,79,Zinc and articles thereof,Northern Europe,Europe,58036,35.8885993,14.4476911,59.36075159783851,25.01346951967388
2018,2018,Import,Malta,79,Zinc and articles thereof,South-eastern Asia,Asia,107,35.8885993,14.4476911,10.528384761701911,103.08333472012376
2018,2018,Import,Malta,79,Zinc and articles thereof,Southern Europe,Europe,176677,35.8885993,14.4476911,40.12399607988535,20.742583178432696
2018,2018,Import,Malta,79,Zinc and articles thereof,Western Europe,Europe,123046,35.8885993,14.4476911,47.92172048214207,7.866753258497997
2018,2018,Import,Malta,79,Zinc and articles thereof,World,World,389168,35.8885993,14.4476911,,
