yr,periodDesc,rgDesc,rtTitle,cmdCode,cmdDescE,Subregion,Region,TradeValue,rtLat,rtLon,ptLon,ptLat
1996,1996,Import,Malta,31,Fertilizers,Northern Europe,Europe,256408,35.8885993,14.4476911,59.36075159783851,25.01346951967388
1996,1996,Import,Malta,31,Fertilizers,Southern Europe,Europe,280303,35.8885993,14.4476911,40.12399607988535,20.742583178432696
1996,1996,Import,Malta,31,Fertilizers,Western Europe,Europe,323243,35.8885993,14.4476911,47.92172048214207,7.866753258497997
1996,1996,Import,Malta,31,Fertilizers,World,World,1066137,35.8885993,14.4476911,,
1996,1996,Import,Malta,31,Fertilizers,Israel, Israel,90478,35.8885993,14.4476911,,
