yr,periodDesc,rgDesc,rtTitle,cmdCode,cmdDescE,Subregion,Region,TradeValue,rtLat,rtLon,ptLon,ptLat
2009,2009,Import,Malta,80,Tin and articles thereof,Eastern Asia,Asia,1048,35.8885993,14.4476911,37.977378106878206,73.97804075806764
2009,2009,Import,Malta,80,Tin and articles thereof,Northern America,Americas,28070,35.8885993,14.4476911,43.897683433510366,-100.08947125585888
2009,2009,Import,Malta,80,Tin and articles thereof,Northern Europe,Europe,9092,35.8885993,14.4476911,59.36075159783851,25.01346951967388
2009,2009,Import,Malta,80,Tin and articles thereof,South-eastern Asia,Asia,20267,35.8885993,14.4476911,10.528384761701911,103.08333472012376
2009,2009,Import,Malta,80,Tin and articles thereof,Southern Europe,Europe,94747,35.8885993,14.4476911,40.12399607988535,20.742583178432696
2009,2009,Import,Malta,80,Tin and articles thereof,Western Europe,Europe,16120,35.8885993,14.4476911,47.92172048214207,7.866753258497997
2009,2009,Import,Malta,80,Tin and articles thereof,World,World,177757,35.8885993,14.4476911,,
