yr,periodDesc,rgDesc,rtTitle,cmdCode,cmdDescE,Subregion,Region,TradeValue,rtLat,rtLon,ptLon,ptLat
1998,1998,Import,Malta,60,Knitted or crocheted fabric,Eastern Asia,Asia,243326,35.8885993,14.4476911,37.977378106878206,73.97804075806764
1998,1998,Import,Malta,60,Knitted or crocheted fabric,Northern America,Americas,11374,35.8885993,14.4476911,43.897683433510366,-100.08947125585888
1998,1998,Import,Malta,60,Knitted or crocheted fabric,Northern Europe,Europe,829734,35.8885993,14.4476911,59.36075159783851,25.01346951967388
1998,1998,Import,Malta,60,Knitted or crocheted fabric,Southern Europe,Europe,1886162,35.8885993,14.4476911,40.12399607988535,20.742583178432696
1998,1998,Import,Malta,60,Knitted or crocheted fabric,Western Asia,Asia,571,35.8885993,14.4476911,26.42921218083572,52.86847103284948
1998,1998,Import,Malta,60,Knitted or crocheted fabric,Western Europe,Europe,1589339,35.8885993,14.4476911,47.92172048214207,7.866753258497997
1998,1998,Import,Malta,60,Knitted or crocheted fabric,World,World,4680910,35.8885993,14.4476911,,
1998,1998,Import,Malta,60,Knitted or crocheted fabric, Pakistan, Pakistan,47326,35.8885993,14.4476911,,
