yr,periodDesc,rgDesc,rtTitle,cmdCode,cmdDescE,Subregion,Region,TradeValue,rtLat,rtLon,ptLon,ptLat
2004,2004,Import,Malta,2,Meat and edible meat offal,Australia and New Zealand,Oceania,3414290,35.8885993,14.4476911,-16.85099460447687,133.4130365630627
2004,2004,Import,Malta,2,Meat and edible meat offal,Eastern Europe,Europe,1140800,35.8885993,14.4476911,51.67568633314729,27.673469819741847
2004,2004,Import,Malta,2,Meat and edible meat offal,Latin America and the Caribbean,Americas,7136594,35.8885993,14.4476911,17.925141963241547,-78.01492950057497
2004,2004,Import,Malta,2,Meat and edible meat offal,Northern America,Americas,788248,35.8885993,14.4476911,43.897683433510366,-100.08947125585888
2004,2004,Import,Malta,2,Meat and edible meat offal,Northern Europe,Europe,8934778,35.8885993,14.4476911,59.36075159783851,25.01346951967388
2004,2004,Import,Malta,2,Meat and edible meat offal,Southern Europe,Europe,8519559,35.8885993,14.4476911,40.12399607988535,20.742583178432696
2004,2004,Import,Malta,2,Meat and edible meat offal,Western Asia,Asia,37923,35.8885993,14.4476911,26.42921218083572,52.86847103284948
2004,2004,Import,Malta,2,Meat and edible meat offal,Western Europe,Europe,11508960,35.8885993,14.4476911,47.92172048214207,7.866753258497997
2004,2004,Import,Malta,2,Meat and edible meat offal,World,World,41576818,35.8885993,14.4476911,,
2004,2004,Import,Malta,2,Meat and edible meat offal, Cyprus, Cyprus,95666,35.8885993,14.4476911,,
