yr,periodDesc,rgDesc,rtTitle,cmdCode,cmdDescE,Subregion,Region,TradeValue,rtLat,rtLon,ptLon,ptLat
2005,2005,Export,Malta,76,Aluminum and articles thereof,Eastern Asia,Asia,139855,35.8885993,14.4476911,37.977378106878206,73.97804075806764
2005,2005,Export,Malta,76,Aluminum and articles thereof,Eastern Europe,Europe,7620,35.8885993,14.4476911,51.67568633314729,27.673469819741847
2005,2005,Export,Malta,76,Aluminum and articles thereof,Latin America and the Caribbean,Americas,22109,35.8885993,14.4476911,17.925141963241547,-78.01492950057497
2005,2005,Export,Malta,76,Aluminum and articles thereof,Northern Europe,Europe,7756,35.8885993,14.4476911,59.36075159783851,25.01346951967388
2005,2005,Export,Malta,76,Aluminum and articles thereof,South-eastern Asia,Asia,12757,35.8885993,14.4476911,10.528384761701911,103.08333472012376
2005,2005,Export,Malta,76,Aluminum and articles thereof,Southern Europe,Europe,1756098,35.8885993,14.4476911,40.12399607988535,20.742583178432696
2005,2005,Export,Malta,76,Aluminum and articles thereof,Sub-Saharan Africa,Africa,404,35.8885993,14.4476911,6.06272746187266,22.727528470146083
2005,2005,Export,Malta,76,Aluminum and articles thereof,Western Europe,Europe,299998,35.8885993,14.4476911,47.92172048214207,7.866753258497997
2005,2005,Export,Malta,76,Aluminum and articles thereof,World,World,2567275,35.8885993,14.4476911,,
