yr,periodDesc,rgDesc,rtTitle,cmdCode,cmdDescE,Subregion,Region,TradeValue,rtLat,rtLon,ptLon,ptLat
2016,2016,Import,Malta,65,Headgear and parts thereof,Australia and New Zealand,Oceania,322,35.8885993,14.4476911,-16.85099460447687,133.4130365630627
2016,2016,Import,Malta,65,Headgear and parts thereof,Eastern Asia,Asia,476752,35.8885993,14.4476911,37.977378106878206,73.97804075806764
2016,2016,Import,Malta,65,Headgear and parts thereof,Eastern Europe,Europe,7024,35.8885993,14.4476911,51.67568633314729,27.673469819741847
2016,2016,Import,Malta,65,Headgear and parts thereof,Latin America and the Caribbean,Americas,4711,35.8885993,14.4476911,17.925141963241547,-78.01492950057497
2016,2016,Import,Malta,65,Headgear and parts thereof,Northern Africa,Africa,1100,35.8885993,14.4476911,19.569604022535763,12.47761721199581
2016,2016,Import,Malta,65,Headgear and parts thereof,Northern America,Americas,23748,35.8885993,14.4476911,43.897683433510366,-100.08947125585888
2016,2016,Import,Malta,65,Headgear and parts thereof,Northern Europe,Europe,259406,35.8885993,14.4476911,59.36075159783851,25.01346951967388
2016,2016,Import,Malta,65,Headgear and parts thereof,South-eastern Asia,Asia,42280,35.8885993,14.4476911,10.528384761701911,103.08333472012376
2016,2016,Import,Malta,65,Headgear and parts thereof,Southern Asia,Asia,462,35.8885993,14.4476911,25.499703063807168,75.5024015339642
2016,2016,Import,Malta,65,Headgear and parts thereof,Southern Europe,Europe,271114,35.8885993,14.4476911,40.12399607988535,20.742583178432696
2016,2016,Import,Malta,65,Headgear and parts thereof,Sub-Saharan Africa,Africa,30,35.8885993,14.4476911,6.06272746187266,22.727528470146083
2016,2016,Import,Malta,65,Headgear and parts thereof,Western Asia,Asia,5180,35.8885993,14.4476911,26.42921218083572,52.86847103284948
2016,2016,Import,Malta,65,Headgear and parts thereof,Western Europe,Europe,213144,35.8885993,14.4476911,47.92172048214207,7.866753258497997
2016,2016,Import,Malta,65,Headgear and parts thereof,World,World,1315653,35.8885993,14.4476911,,
