yr,periodDesc,rgDesc,rtTitle,cmdCode,cmdDescE,Subregion,Region,TradeValue,rtLat,rtLon,ptLon,ptLat
1996,1996,Import,Malta,52,Cotton,Australia and New Zealand,Oceania,1788611,35.8885993,14.4476911,-16.85099460447687,133.4130365630627
1996,1996,Import,Malta,52,Cotton,Eastern Asia,Asia,3749677,35.8885993,14.4476911,37.977378106878206,73.97804075806764
1996,1996,Import,Malta,52,Cotton,Eastern Europe,Europe,143931,35.8885993,14.4476911,51.67568633314729,27.673469819741847
1996,1996,Import,Malta,52,Cotton,Egypt,Egypt,2435,35.8885993,14.4476911,,
1996,1996,Import,Malta,52,Cotton,Latin America and the Caribbean,Americas,604,35.8885993,14.4476911,17.925141963241547,-78.01492950057497
1996,1996,Import,Malta,52,Cotton,Northern America,Americas,779000,35.8885993,14.4476911,43.897683433510366,-100.08947125585888
1996,1996,Import,Malta,52,Cotton,Northern Europe,Europe,6120642,35.8885993,14.4476911,59.36075159783851,25.01346951967388
1996,1996,Import,Malta,52,Cotton,South-eastern Asia,Asia,936115,35.8885993,14.4476911,10.528384761701911,103.08333472012376
1996,1996,Import,Malta,52,Cotton,Southern Asia,Asia,177985,35.8885993,14.4476911,25.499703063807168,75.5024015339642
1996,1996,Import,Malta,52,Cotton,Southern Europe,Europe,11641233,35.8885993,14.4476911,40.12399607988535,20.742583178432696
1996,1996,Import,Malta,52,Cotton,Sub-Saharan Africa,Africa,693536,35.8885993,14.4476911,6.06272746187266,22.727528470146083
1996,1996,Import,Malta,52,Cotton,Tunisia,Tunisia,2587588,35.8885993,14.4476911,,
1996,1996,Import,Malta,52,Cotton,Western Asia,Asia,11624489,35.8885993,14.4476911,26.42921218083572,52.86847103284948
1996,1996,Import,Malta,52,Cotton,Western Europe,Europe,9565494,35.8885993,14.4476911,47.92172048214207,7.866753258497997
1996,1996,Import,Malta,52,Cotton,World,World,52991440,35.8885993,14.4476911,,
1996,1996,Import,Malta,52,Cotton,Pakistan, Pakistan,574031,35.8885993,14.4476911,,
1996,1996,Import,Malta,52,Cotton,Saudi Arabia, Saudi Arabia,115910,35.8885993,14.4476911,,
