yr,periodDesc,rgDesc,rtTitle,cmdCode,cmdDescE,Subregion,Region,TradeValue,rtLat,rtLon,ptLon,ptLat
1996,1996,Export,Malta,65,Headgear and parts thereof,Eastern Europe,Europe,61599,35.8885993,14.4476911,51.67568633314729,27.673469819741847
1996,1996,Export,Malta,65,Headgear and parts thereof,Northern Europe,Europe,105456,35.8885993,14.4476911,59.36075159783851,25.01346951967388
1996,1996,Export,Malta,65,Headgear and parts thereof,South-eastern Asia,Asia,970,35.8885993,14.4476911,10.528384761701911,103.08333472012376
1996,1996,Export,Malta,65,Headgear and parts thereof,Southern Europe,Europe,11461,35.8885993,14.4476911,40.12399607988535,20.742583178432696
1996,1996,Export,Malta,65,Headgear and parts thereof,Sub-Saharan Africa,Africa,543,35.8885993,14.4476911,6.06272746187266,22.727528470146083
1996,1996,Export,Malta,65,Headgear and parts thereof,Western Europe,Europe,292178,35.8885993,14.4476911,47.92172048214207,7.866753258497997
1996,1996,Export,Malta,65,Headgear and parts thereof,World,World,493628,35.8885993,14.4476911,,
1996,1996,Export,Malta,65,Headgear and parts thereof,Libya, Libya,3539,35.8885993,14.4476911,,
