yr,periodDesc,rgDesc,rtTitle,cmdCode,cmdDescE,Subregion,Region,TradeValue,rtLat,rtLon,ptLon,ptLat
1998,1998,Export,Malta,70,Glass and glassware,Eastern Asia,Asia,2601,35.8885993,14.4476911,37.977378106878206,73.97804075806764
1998,1998,Export,Malta,70,Glass and glassware,Northern Africa,Africa,45162,35.8885993,14.4476911,19.569604022535763,12.47761721199581
1998,1998,Export,Malta,70,Glass and glassware,Northern America,Americas,71102,35.8885993,14.4476911,43.897683433510366,-100.08947125585888
1998,1998,Export,Malta,70,Glass and glassware,Northern Europe,Europe,32601,35.8885993,14.4476911,59.36075159783851,25.01346951967388
1998,1998,Export,Malta,70,Glass and glassware,Southern Europe,Europe,162085,35.8885993,14.4476911,40.12399607988535,20.742583178432696
1998,1998,Export,Malta,70,Glass and glassware,Western Europe,Europe,1490746,35.8885993,14.4476911,47.92172048214207,7.866753258497997
1998,1998,Export,Malta,70,Glass and glassware,World,World,1822415,35.8885993,14.4476911,,
