yr,periodDesc,rgDesc,rtTitle,cmdCode,cmdDescE,Subregion,Region,TradeValue,rtLat,rtLon,ptLon,ptLat
2000,2000,Import,Malta,60,Knitted or crocheted fabric,Eastern Asia,Asia,119294,35.8885993,14.4476911,37.977378106878206,73.97804075806764
2000,2000,Import,Malta,60,Knitted or crocheted fabric,Northern America,Americas,2855,35.8885993,14.4476911,43.897683433510366,-100.08947125585888
2000,2000,Import,Malta,60,Knitted or crocheted fabric,Northern Europe,Europe,577307,35.8885993,14.4476911,59.36075159783851,25.01346951967388
2000,2000,Import,Malta,60,Knitted or crocheted fabric,South-eastern Asia,Asia,2023,35.8885993,14.4476911,10.528384761701911,103.08333472012376
2000,2000,Import,Malta,60,Knitted or crocheted fabric,Southern Europe,Europe,306489,35.8885993,14.4476911,40.12399607988535,20.742583178432696
2000,2000,Import,Malta,60,Knitted or crocheted fabric,Western Europe,Europe,1262728,35.8885993,14.4476911,47.92172048214207,7.866753258497997
2000,2000,Import,Malta,60,Knitted or crocheted fabric,World,World,2506247,35.8885993,14.4476911,,
2000,2000,Import,Malta,60,Knitted or crocheted fabric,Pakistan, Pakistan,161985,35.8885993,14.4476911,,
