yr,periodDesc,rgDesc,rtTitle,cmdCode,cmdDescE,Subregion,Region,TradeValue,rtLat,rtLon,ptLon,ptLat
2005,2005,Export,Malta,52,Cotton,Eastern Asia,Asia,246240,35.8885993,14.4476911,37.977378106878206,73.97804075806764
2005,2005,Export,Malta,52,Cotton,Northern Europe,Europe,144,35.8885993,14.4476911,59.36075159783851,25.01346951967388
2005,2005,Export,Malta,52,Cotton,Southern Europe,Europe,5780,35.8885993,14.4476911,40.12399607988535,20.742583178432696
2005,2005,Export,Malta,52,Cotton,Sub-Saharan Africa,Africa,49586,35.8885993,14.4476911,6.06272746187266,22.727528470146083
2005,2005,Export,Malta,52,Cotton,Tunisia,Tunisia,867716,35.8885993,14.4476911,,
2005,2005,Export,Malta,52,Cotton,Western Asia,Asia,73935,35.8885993,14.4476911,26.42921218083572,52.86847103284948
2005,2005,Export,Malta,52,Cotton,Western Europe,Europe,616087,35.8885993,14.4476911,47.92172048214207,7.866753258497997
2005,2005,Export,Malta,52,Cotton,World,World,1905677,35.8885993,14.4476911,,
2005,2005,Export,Malta,52,Cotton,Morocco, Morocco,46189,35.8885993,14.4476911,,
