yr,periodDesc,rgDesc,rtTitle,cmdCode,cmdDescE,Subregion,Region,TradeValue,rtLat,rtLon,ptLon,ptLat
2016,2016,Import,Malta,50,Silk,Australia and New Zealand,Oceania,140,35.8885993,14.4476911,-16.85099460447687,133.4130365630627
2016,2016,Import,Malta,50,Silk,Eastern Asia,Asia,10239,35.8885993,14.4476911,37.977378106878206,73.97804075806764
2016,2016,Import,Malta,50,Silk,Eastern Europe,Europe,21,35.8885993,14.4476911,51.67568633314729,27.673469819741847
2016,2016,Import,Malta,50,Silk,Northern America,Americas,7947,35.8885993,14.4476911,43.897683433510366,-100.08947125585888
2016,2016,Import,Malta,50,Silk,Northern Europe,Europe,6765,35.8885993,14.4476911,59.36075159783851,25.01346951967388
2016,2016,Import,Malta,50,Silk,Southern Europe,Europe,34811,35.8885993,14.4476911,40.12399607988535,20.742583178432696
2016,2016,Import,Malta,50,Silk,Western Europe,Europe,835,35.8885993,14.4476911,47.92172048214207,7.866753258497997
2016,2016,Import,Malta,50,Silk,World,World,72197,35.8885993,14.4476911,,
