yr,periodDesc,rgDesc,rtTitle,cmdCode,cmdDescE,Subregion,Region,TradeValue,rtLat,rtLon,ptLon,ptLat
1994,1994,Export,Malta,74,Copper and articles thereof,Eastern Asia,Asia,34436,35.8885993,14.4476911,37.977378106878206,73.97804075806764
1994,1994,Export,Malta,74,Copper and articles thereof,Northern Europe,Europe,93194,35.8885993,14.4476911,59.36075159783851,25.01346951967388
1994,1994,Export,Malta,74,Copper and articles thereof,Southern Europe,Europe,1115933,35.8885993,14.4476911,40.12399607988535,20.742583178432696
1994,1994,Export,Malta,74,Copper and articles thereof,Western Europe,Europe,416971,35.8885993,14.4476911,47.92172048214207,7.866753258497997
1994,1994,Export,Malta,74,Copper and articles thereof,World,World,1711364,35.8885993,14.4476911,,
1994,1994,Export,Malta,74,Copper and articles thereof,Libya, Libya,9654,35.8885993,14.4476911,,
