yr,periodDesc,rgDesc,rtTitle,ptTitle,cmdCode,cmdDescE,TradeValue,Unnamed: 0,rtLat,rtLon,ptLat,ptLon
2010,2010.0,Import,Malta,World,26.0,"Ores, slag and ash",244662.0,,35.8885993,14.4476911,-36.8535712,174.7456809
2010,2010.0,Import,Malta,China,26.0,"Ores, slag and ash",612.0,,35.8885993,14.4476911,35.000074,104.999927
2010,2010.0,Import,Malta,Germany,26.0,"Ores, slag and ash",67161.0,,35.8885993,14.4476911,51.1638175,10.4478313
2010,2010.0,Import,Malta,Italy,26.0,"Ores, slag and ash",176681.0,,35.8885993,14.4476911,42.6384261,12.674297
2010,2010.0,Import,Malta,United Kingdom,26.0,"Ores, slag and ash",208.0,,35.8885993,14.4476911,54.7023545,-3.2765753
