yr,periodDesc,rgDesc,rtTitle,cmdCode,cmdDescE,Subregion,Region,TradeValue,rtLat,rtLon,ptLon,ptLat
2003,2003,Export,Malta,60,Knitted or crocheted fabrics,Eastern Asia,Asia,10522183,35.8885993,14.4476911,37.977378106878206,73.97804075806764
2003,2003,Export,Malta,60,Knitted or crocheted fabrics,Northern America,Americas,345084,35.8885993,14.4476911,43.897683433510366,-100.08947125585888
2003,2003,Export,Malta,60,Knitted or crocheted fabrics,Northern Europe,Europe,124267,35.8885993,14.4476911,59.36075159783851,25.01346951967388
2003,2003,Export,Malta,60,Knitted or crocheted fabrics,Southern Europe,Europe,2347148,35.8885993,14.4476911,40.12399607988535,20.742583178432696
2003,2003,Export,Malta,60,Knitted or crocheted fabrics,Western Europe,Europe,20734228,35.8885993,14.4476911,47.92172048214207,7.866753258497997
2003,2003,Export,Malta,60,Knitted or crocheted fabrics,World,World,35555210,35.8885993,14.4476911,,
