yr,periodDesc,rgDesc,rtTitle,cmdCode,cmdDescE,Subregion,Region,TradeValue,rtLat,rtLon,ptLon,ptLat
2017,2017,Import,Mauritania,70,Glass and glassware,Eastern Asia,Asia,1738637,20.2540382,-9.2399263,37.977378106878206,73.97804075806764
2017,2017,Import,Mauritania,70,Glass and glassware,Northern Africa,Africa,18104,20.2540382,-9.2399263,19.569604022535763,12.47761721199581
2017,2017,Import,Mauritania,70,Glass and glassware,Northern America,Americas,616,20.2540382,-9.2399263,43.897683433510366,-100.08947125585888
2017,2017,Import,Mauritania,70,Glass and glassware,Northern Europe,Europe,3890,20.2540382,-9.2399263,59.36075159783851,25.01346951967388
2017,2017,Import,Mauritania,70,Glass and glassware,Southern Asia,Asia,5628,20.2540382,-9.2399263,25.499703063807168,75.5024015339642
2017,2017,Import,Mauritania,70,Glass and glassware,Southern Europe,Europe,93396,20.2540382,-9.2399263,40.12399607988535,20.742583178432696
2017,2017,Import,Mauritania,70,Glass and glassware,Western Asia,Asia,25297,20.2540382,-9.2399263,26.42921218083572,52.86847103284948
2017,2017,Import,Mauritania,70,Glass and glassware,Western Europe,Europe,541818,20.2540382,-9.2399263,47.92172048214207,7.866753258497997
2017,2017,Import,Mauritania,70,Glass and glassware,World,World,2637984,20.2540382,-9.2399263,,
