yr,periodDesc,rgDesc,rtTitle,cmdCode,cmdDescE,Subregion,Region,TradeValue,rtLat,rtLon,ptLon,ptLat
2020,2020,Export,Mauritania,73,Iron or steel articles,Eastern Europe,Europe,744,20.2540382,-9.2399263,51.67568633314729,27.673469819741847
2020,2020,Export,Mauritania,73,Iron or steel articles,Latin America and the Caribbean,Americas,1024,20.2540382,-9.2399263,17.925141963241547,-78.01492950057497
2020,2020,Export,Mauritania,73,Iron or steel articles,Northern Europe,Europe,95777,20.2540382,-9.2399263,59.36075159783851,25.01346951967388
2020,2020,Export,Mauritania,73,Iron or steel articles,South-eastern Asia,Asia,1294,20.2540382,-9.2399263,10.528384761701911,103.08333472012376
2020,2020,Export,Mauritania,73,Iron or steel articles,Southern Europe,Europe,111359,20.2540382,-9.2399263,40.12399607988535,20.742583178432696
2020,2020,Export,Mauritania,73,Iron or steel articles,Sub-Saharan Africa,Africa,280005,20.2540382,-9.2399263,6.06272746187266,22.727528470146083
2020,2020,Export,Mauritania,73,Iron or steel articles,Western Europe,Europe,219,20.2540382,-9.2399263,47.92172048214207,7.866753258497997
2020,2020,Export,Mauritania,73,Iron or steel articles,World,World,961475,20.2540382,-9.2399263,,
2020,2020,Export,Mauritania,73,Iron or steel articles, Morocco, Morocco,471047,20.2540382,-9.2399263,,
