yr,periodDesc,rgDesc,rtTitle,cmdCode,cmdDescE,Subregion,Region,TradeValue,rtLat,rtLon,ptLon,ptLat
2019,2019,Import,Mauritania,31,Fertilizers,Eastern Europe,Europe,1290801,20.2540382,-9.2399263,51.67568633314729,27.673469819741847
2019,2019,Import,Mauritania,31,Fertilizers,Northern America,Americas,282,20.2540382,-9.2399263,43.897683433510366,-100.08947125585888
2019,2019,Import,Mauritania,31,Fertilizers,Northern Europe,Europe,11098063,20.2540382,-9.2399263,59.36075159783851,25.01346951967388
2019,2019,Import,Mauritania,31,Fertilizers,Southern Europe,Europe,4844498,20.2540382,-9.2399263,40.12399607988535,20.742583178432696
2019,2019,Import,Mauritania,31,Fertilizers,Sub-Saharan Africa,Africa,4887137,20.2540382,-9.2399263,6.06272746187266,22.727528470146083
2019,2019,Import,Mauritania,31,Fertilizers,Western Europe,Europe,5725038,20.2540382,-9.2399263,47.92172048214207,7.866753258497997
2019,2019,Import,Mauritania,31,Fertilizers,World,World,32326477,20.2540382,-9.2399263,,
2019,2019,Import,Mauritania,31,Fertilizers,Morocco, Morocco,4468109,20.2540382,-9.2399263,,
2019,2019,Import,Mauritania,31,Fertilizers,Saudi Arabia, Saudi Arabia,12544,20.2540382,-9.2399263,,
