yr,periodDesc,rgDesc,rtTitle,ptTitle,cmdCode,cmdDescE,TradeValue,Unnamed: 0,rtLat,rtLon,ptLat,ptLon
2017,2017.0,Export,Mauritania,World,26.0,"Ores, slag and ash",813418857.0,,20.2540382,-9.2399263,-36.8535712,174.7456809
2017,2017.0,Export,Mauritania,Canada,26.0,"Ores, slag and ash",497.0,,20.2540382,-9.2399263,61.0666922,-107.991707
2017,2017.0,Export,Mauritania,China,26.0,"Ores, slag and ash",602476825.0,,20.2540382,-9.2399263,35.000074,104.999927
2017,2017.0,Export,Mauritania,France,26.0,"Ores, slag and ash",16361559.0,,20.2540382,-9.2399263,46.603354,1.8883335
2017,2017.0,Export,Mauritania,Germany,26.0,"Ores, slag and ash",98336807.0,,20.2540382,-9.2399263,51.1638175,10.4478313
2017,2017.0,Export,Mauritania,Italy,26.0,"Ores, slag and ash",75469199.0,,20.2540382,-9.2399263,42.6384261,12.674297
2017,2017.0,Export,Mauritania,Japan,26.0,"Ores, slag and ash",20773659.0,,20.2540382,-9.2399263,36.5748441,139.2394179
2017,2017.0,Export,Mauritania,United Kingdom,26.0,"Ores, slag and ash",307.0,,20.2540382,-9.2399263,54.7023545,-3.2765753
