yr,periodDesc,rgDesc,rtTitle,cmdCode,cmdDescE,Subregion,Region,TradeValue,rtLat,rtLon,ptLon,ptLat
2015,2015,Import,Mauritania,55,Man-made staple fibres,Australia and New Zealand,Oceania,2,20.2540382,-9.2399263,-16.85099460447687,133.4130365630627
2015,2015,Import,Mauritania,55,Man-made staple fibres,Eastern Asia,Asia,169070,20.2540382,-9.2399263,37.977378106878206,73.97804075806764
2015,2015,Import,Mauritania,55,Man-made staple fibres,South-eastern Asia,Asia,5029,20.2540382,-9.2399263,10.528384761701911,103.08333472012376
2015,2015,Import,Mauritania,55,Man-made staple fibres,Southern Europe,Europe,20940,20.2540382,-9.2399263,40.12399607988535,20.742583178432696
2015,2015,Import,Mauritania,55,Man-made staple fibres,Sub-Saharan Africa,Africa,63382,20.2540382,-9.2399263,6.06272746187266,22.727528470146083
2015,2015,Import,Mauritania,55,Man-made staple fibres,Western Asia,Asia,9201,20.2540382,-9.2399263,26.42921218083572,52.86847103284948
2015,2015,Import,Mauritania,55,Man-made staple fibres,Western Europe,Europe,52980,20.2540382,-9.2399263,47.92172048214207,7.866753258497997
2015,2015,Import,Mauritania,55,Man-made staple fibres,World,World,383821,20.2540382,-9.2399263,,
