yr,periodDesc,rgDesc,rtTitle,cmdCode,cmdDescE,Subregion,Region,TradeValue,rtLat,rtLon,ptLon,ptLat
2015,2015,Import,Morocco,40,Rubber and articles thereof,Australia and New Zealand,Oceania,21942,31.1728205,-7.3362482,-16.85099460447687,133.4130365630627
2015,2015,Import,Morocco,40,Rubber and articles thereof,Eastern Asia,Asia,50675870,31.1728205,-7.3362482,37.977378106878206,73.97804075806764
2015,2015,Import,Morocco,40,Rubber and articles thereof,Eastern Europe,Europe,49994404,31.1728205,-7.3362482,51.67568633314729,27.673469819741847
2015,2015,Import,Morocco,40,Rubber and articles thereof,Latin America and the Caribbean,Americas,734961,31.1728205,-7.3362482,17.925141963241547,-78.01492950057497
2015,2015,Import,Morocco,40,Rubber and articles thereof,Northern Africa,Africa,21544909,31.1728205,-7.3362482,19.569604022535763,12.47761721199581
2015,2015,Import,Morocco,40,Rubber and articles thereof,Northern America,Americas,4830662,31.1728205,-7.3362482,43.897683433510366,-100.08947125585888
2015,2015,Import,Morocco,40,Rubber and articles thereof,Northern Europe,Europe,8934391,31.1728205,-7.3362482,59.36075159783851,25.01346951967388
2015,2015,Import,Morocco,40,Rubber and articles thereof,Polynesia,Oceania,689,31.1728205,-7.3362482,-5.109184731250752,167.40343615892436
2015,2015,Import,Morocco,40,Rubber and articles thereof,South-eastern Asia,Asia,16431411,31.1728205,-7.3362482,10.528384761701911,103.08333472012376
2015,2015,Import,Morocco,40,Rubber and articles thereof,Southern Asia,Asia,1119146,31.1728205,-7.3362482,25.499703063807168,75.5024015339642
2015,2015,Import,Morocco,40,Rubber and articles thereof,Southern Europe,Europe,96492975,31.1728205,-7.3362482,40.12399607988535,20.742583178432696
2015,2015,Import,Morocco,40,Rubber and articles thereof,Sub-Saharan Africa,Africa,241348,31.1728205,-7.3362482,6.06272746187266,22.727528470146083
2015,2015,Import,Morocco,40,Rubber and articles thereof,Western Asia,Asia,39425870,31.1728205,-7.3362482,26.42921218083572,52.86847103284948
2015,2015,Import,Morocco,40,Rubber and articles thereof,Western Europe,Europe,168027915,31.1728205,-7.3362482,47.92172048214207,7.866753258497997
2015,2015,Import,Morocco,40,Rubber and articles thereof,World,World,464776380,31.1728205,-7.3362482,,
