yr,periodDesc,rgDesc,rtTitle,cmdCode,cmdDescE,Subregion,Region,TradeValue,rtLat,rtLon,ptLon,ptLat
2001,2001,Export,Morocco,55,manmade staple fibres,Eastern Europe,Europe,6074,31.1728205,-7.3362482,51.67568633314729,27.673469819741847
2001,2001,Export,Morocco,55,manmade staple fibres,Northern Africa,Africa,100284,31.1728205,-7.3362482,19.569604022535763,12.47761721199581
2001,2001,Export,Morocco,55,manmade staple fibres,Northern America,Americas,49073,31.1728205,-7.3362482,43.897683433510366,-100.08947125585888
2001,2001,Export,Morocco,55,manmade staple fibres,Northern Europe,Europe,2440126,31.1728205,-7.3362482,59.36075159783851,25.01346951967388
2001,2001,Export,Morocco,55,manmade staple fibres,South-eastern Asia,Asia,23451,31.1728205,-7.3362482,10.528384761701911,103.08333472012376
2001,2001,Export,Morocco,55,manmade staple fibres,Southern Europe,Europe,2870742,31.1728205,-7.3362482,40.12399607988535,20.742583178432696
2001,2001,Export,Morocco,55,manmade staple fibres,Sub-Saharan Africa,Africa,1531131,31.1728205,-7.3362482,6.06272746187266,22.727528470146083
2001,2001,Export,Morocco,55,manmade staple fibres,Western Europe,Europe,14343028,31.1728205,-7.3362482,47.92172048214207,7.866753258497997
2001,2001,Export,Morocco,55,manmade staple fibres,World,World,28666164,31.1728205,-7.3362482,,
