yr,periodDesc,rgDesc,rtTitle,ptTitle,cmdCode,cmdDescE,TradeValue,Unnamed: 0,rtLat,rtLon,ptLat,ptLon
2014,2014.0,Export,Morocco,World,45.0,Cork and articles of cork,21562854.0,,31.1728205,-7.3362482,-36.8535712,174.7456809
2014,2014.0,Export,Morocco,Brazil,45.0,Cork and articles of cork,119648.0,,31.1728205,-7.3362482,-10.3333333,-53.2
2014,2014.0,Export,Morocco,Italy,45.0,Cork and articles of cork,5447421.0,,31.1728205,-7.3362482,42.6384261,12.674297
2014,2014.0,Export,Morocco,Portugal,45.0,Cork and articles of cork,11961256.0,,31.1728205,-7.3362482,39.6621648,-8.1353519
2014,2014.0,Export,Morocco,India,45.0,Cork and articles of cork,72511.0,,31.1728205,-7.3362482,22.3511148,78.6677428
2014,2014.0,Export,Morocco,Spain,45.0,Cork and articles of cork,3961816.0,,31.1728205,-7.3362482,39.3260685,-4.8379791
2014,2014.0,Export,Morocco,USA,45.0,Cork and articles of cork,203.0,,31.1728205,-7.3362482,39.7837304,-100.445882
