yr,periodDesc,rgDesc,rtTitle,cmdCode,cmdDescE,Subregion,Region,TradeValue,rtLat,rtLon,ptLon,ptLat
2001,2001,Import,Morocco,29,Organic chemicals,Eastern Asia,Asia,6016799,31.1728205,-7.3362482,37.977378106878206,73.97804075806764
2001,2001,Import,Morocco,29,Organic chemicals,Eastern Europe,Europe,2039452,31.1728205,-7.3362482,51.67568633314729,27.673469819741847
2001,2001,Import,Morocco,29,Organic chemicals,Latin America and the Caribbean,Americas,2109461,31.1728205,-7.3362482,17.925141963241547,-78.01492950057497
2001,2001,Import,Morocco,29,Organic chemicals,Northern Africa,Africa,573051,31.1728205,-7.3362482,19.569604022535763,12.47761721199581
2001,2001,Import,Morocco,29,Organic chemicals,Northern America,Americas,7315330,31.1728205,-7.3362482,43.897683433510366,-100.08947125585888
2001,2001,Import,Morocco,29,Organic chemicals,Northern Europe,Europe,8398618,31.1728205,-7.3362482,59.36075159783851,25.01346951967388
2001,2001,Import,Morocco,29,Organic chemicals,South-eastern Asia,Asia,1332740,31.1728205,-7.3362482,10.528384761701911,103.08333472012376
2001,2001,Import,Morocco,29,Organic chemicals,Southern Asia,Asia,37686,31.1728205,-7.3362482,25.499703063807168,75.5024015339642
2001,2001,Import,Morocco,29,Organic chemicals,Southern Europe,Europe,24007377,31.1728205,-7.3362482,40.12399607988535,20.742583178432696
2001,2001,Import,Morocco,29,Organic chemicals,Sub-Saharan Africa,Africa,1118257,31.1728205,-7.3362482,6.06272746187266,22.727528470146083
2001,2001,Import,Morocco,29,Organic chemicals,Western Asia,Asia,457020,31.1728205,-7.3362482,26.42921218083572,52.86847103284948
2001,2001,Import,Morocco,29,Organic chemicals,Western Europe,Europe,86592231,31.1728205,-7.3362482,47.92172048214207,7.866753258497997
2001,2001,Import,Morocco,29,Organic chemicals,World,World,157308368,31.1728205,-7.3362482,,
