yr,periodDesc,rgDesc,rtTitle,cmdCode,cmdDescE,Subregion,Region,TradeValue,rtLat,rtLon,ptLon,ptLat
2005,2005,Import,Morocco,28,Inorganic chemicals,Central Asia,Asia,120652,31.1728205,-7.3362482,39.89317229901691,61.060280637304274
2005,2005,Import,Morocco,28,Inorganic chemicals,Eastern Asia,Asia,7284552,31.1728205,-7.3362482,37.977378106878206,73.97804075806764
2005,2005,Import,Morocco,28,Inorganic chemicals,Eastern Europe,Europe,32939371,31.1728205,-7.3362482,51.67568633314729,27.673469819741847
2005,2005,Import,Morocco,28,Inorganic chemicals,Latin America and the Caribbean,Americas,1462291,31.1728205,-7.3362482,17.925141963241547,-78.01492950057497
2005,2005,Import,Morocco,28,Inorganic chemicals,Northern Africa,Africa,24295340,31.1728205,-7.3362482,19.569604022535763,12.47761721199581
2005,2005,Import,Morocco,28,Inorganic chemicals,Northern America,Americas,891318,31.1728205,-7.3362482,43.897683433510366,-100.08947125585888
2005,2005,Import,Morocco,28,Inorganic chemicals,Northern Europe,Europe,7242158,31.1728205,-7.3362482,59.36075159783851,25.01346951967388
2005,2005,Import,Morocco,28,Inorganic chemicals,South-eastern Asia,Asia,15643,31.1728205,-7.3362482,10.528384761701911,103.08333472012376
2005,2005,Import,Morocco,28,Inorganic chemicals,Southern Asia,Asia,30190,31.1728205,-7.3362482,25.499703063807168,75.5024015339642
2005,2005,Import,Morocco,28,Inorganic chemicals,Southern Europe,Europe,43008356,31.1728205,-7.3362482,40.12399607988535,20.742583178432696
2005,2005,Import,Morocco,28,Inorganic chemicals,Sub-Saharan Africa,Africa,789662,31.1728205,-7.3362482,6.06272746187266,22.727528470146083
2005,2005,Import,Morocco,28,Inorganic chemicals,Western Asia,Asia,3868176,31.1728205,-7.3362482,26.42921218083572,52.86847103284948
2005,2005,Import,Morocco,28,Inorganic chemicals,Western Europe,Europe,32648660,31.1728205,-7.3362482,47.92172048214207,7.866753258497997
2005,2005,Import,Morocco,28,Inorganic chemicals,World,World,224470266,31.1728205,-7.3362482,,
