yr,periodDesc,rgDesc,rtTitle,cmdCode,cmdDescE,Subregion,Region,TradeValue,rtLat,rtLon,ptLon,ptLat
2011,2011,Export,Morocco,38,Miscellaneous chemical products,Eastern Asia,Asia,21321,31.1728205,-7.3362482,37.977378106878206,73.97804075806764
2011,2011,Export,Morocco,38,Miscellaneous chemical products,Eastern Europe,Europe,58101,31.1728205,-7.3362482,51.67568633314729,27.673469819741847
2011,2011,Export,Morocco,38,Miscellaneous chemical products,Northern Africa,Africa,154552,31.1728205,-7.3362482,19.569604022535763,12.47761721199581
2011,2011,Export,Morocco,38,Miscellaneous chemical products,Northern America,Americas,272986,31.1728205,-7.3362482,43.897683433510366,-100.08947125585888
2011,2011,Export,Morocco,38,Miscellaneous chemical products,Northern Europe,Europe,443962,31.1728205,-7.3362482,59.36075159783851,25.01346951967388
2011,2011,Export,Morocco,38,Miscellaneous chemical products,Southern Europe,Europe,568404,31.1728205,-7.3362482,40.12399607988535,20.742583178432696
2011,2011,Export,Morocco,38,Miscellaneous chemical products,Sub-Saharan Africa,Africa,1348042,31.1728205,-7.3362482,6.06272746187266,22.727528470146083
2011,2011,Export,Morocco,38,Miscellaneous chemical products,Western Europe,Europe,6561172,31.1728205,-7.3362482,47.92172048214207,7.866753258497997
2011,2011,Export,Morocco,38,Miscellaneous chemical products,World,World,10069412,31.1728205,-7.3362482,,
