yr,periodDesc,rgDesc,rtTitle,cmdCode,cmdDescE,Subregion,Region,TradeValue,rtLat,rtLon,ptLon,ptLat
1995,1995,Import,Morocco,31,Fertilizers,Eastern Europe,Europe,28739365,31.1728205,-7.3362482,51.67568633314729,27.673469819741847
1995,1995,Import,Morocco,31,Fertilizers,Latin America and the Caribbean,Americas,802131,31.1728205,-7.3362482,17.925141963241547,-78.01492950057497
1995,1995,Import,Morocco,31,Fertilizers,Northern Africa,Africa,2430150,31.1728205,-7.3362482,19.569604022535763,12.47761721199581
1995,1995,Import,Morocco,31,Fertilizers,Northern America,Americas,718792,31.1728205,-7.3362482,43.897683433510366,-100.08947125585888
1995,1995,Import,Morocco,31,Fertilizers,Northern Europe,Europe,3351187,31.1728205,-7.3362482,59.36075159783851,25.01346951967388
1995,1995,Import,Morocco,31,Fertilizers,Southern Europe,Europe,9226014,31.1728205,-7.3362482,40.12399607988535,20.742583178432696
1995,1995,Import,Morocco,31,Fertilizers,Western Europe,Europe,10758897,31.1728205,-7.3362482,47.92172048214207,7.866753258497997
1995,1995,Import,Morocco,31,Fertilizers,World,World,63035336,31.1728205,-7.3362482,,
