yr,periodDesc,rgDesc,rtTitle,cmdCode,cmdDescE,Subregion,Region,TradeValue,rtLat,rtLon,ptLon,ptLat
2001,2001,Import,Morocco,26,"Ores, slag and ash",Eastern Asia,Asia,114396,31.1728205,-7.3362482,37.977378106878206,73.97804075806764
2001,2001,Import,Morocco,26,"Ores, slag and ash",Eastern Europe,Europe,2225965,31.1728205,-7.3362482,51.67568633314729,27.673469819741847
2001,2001,Import,Morocco,26,"Ores, slag and ash",Latin America and the Caribbean,Americas,354893,31.1728205,-7.3362482,17.925141963241547,-78.01492950057497
2001,2001,Import,Morocco,26,"Ores, slag and ash",Northern Europe,Europe,539851,31.1728205,-7.3362482,59.36075159783851,25.01346951967388
2001,2001,Import,Morocco,26,"Ores, slag and ash",Southern Asia,Asia,22820,31.1728205,-7.3362482,25.499703063807168,75.5024015339642
2001,2001,Import,Morocco,26,"Ores, slag and ash",Southern Europe,Europe,2030010,31.1728205,-7.3362482,40.12399607988535,20.742583178432696
2001,2001,Import,Morocco,26,"Ores, slag and ash",Sub-Saharan Africa,Africa,191208,31.1728205,-7.3362482,6.06272746187266,22.727528470146083
2001,2001,Import,Morocco,26,"Ores, slag and ash",Western Europe,Europe,558080,31.1728205,-7.3362482,47.92172048214207,7.866753258497997
2001,2001,Import,Morocco,26,"Ores, slag and ash",World,World,6047671,31.1728205,-7.3362482,,
