yr,periodDesc,rgDesc,rtTitle,cmdCode,cmdDescE,Subregion,Region,TradeValue,rtLat,rtLon,ptLon,ptLat
1998,1998,Export,Morocco,70,Glass and glassware,Australia and New Zealand,Oceania,26228,31.1728205,-7.3362482,-16.85099460447687,133.4130365630627
1998,1998,Export,Morocco,70,Glass and glassware,Eastern Asia,Asia,28150,31.1728205,-7.3362482,37.977378106878206,73.97804075806764
1998,1998,Export,Morocco,70,Glass and glassware,Eastern Europe,Europe,3570,31.1728205,-7.3362482,51.67568633314729,27.673469819741847
1998,1998,Export,Morocco,70,Glass and glassware,Latin America and the Caribbean,Americas,126840,31.1728205,-7.3362482,17.925141963241547,-78.01492950057497
1998,1998,Export,Morocco,70,Glass and glassware,Northern Africa,Africa,37763,31.1728205,-7.3362482,19.569604022535763,12.47761721199581
1998,1998,Export,Morocco,70,Glass and glassware,Northern America,Americas,201665,31.1728205,-7.3362482,43.897683433510366,-100.08947125585888
1998,1998,Export,Morocco,70,Glass and glassware,Northern Europe,Europe,84864,31.1728205,-7.3362482,59.36075159783851,25.01346951967388
1998,1998,Export,Morocco,70,Glass and glassware,Southern Europe,Europe,584197,31.1728205,-7.3362482,40.12399607988535,20.742583178432696
1998,1998,Export,Morocco,70,Glass and glassware,Sub-Saharan Africa,Africa,97285,31.1728205,-7.3362482,6.06272746187266,22.727528470146083
1998,1998,Export,Morocco,70,Glass and glassware,Western Europe,Europe,2901026,31.1728205,-7.3362482,47.92172048214207,7.866753258497997
1998,1998,Export,Morocco,70,Glass and glassware,World,World,4896740,31.1728205,-7.3362482,,
