yr,periodDesc,rgDesc,rtTitle,cmdCode,cmdDescE,Subregion,Region,TradeValue,rtLat,rtLon,ptLon,ptLat
1994,1994,Import,Morocco,95,"Toys, games, sports requisites",Australia and New Zealand,Oceania,2037,31.1728205,-7.3362482,-16.85099460447687,133.4130365630627
1994,1994,Import,Morocco,95,"Toys, games, sports requisites",Eastern Asia,Asia,4883420,31.1728205,-7.3362482,37.977378106878206,73.97804075806764
1994,1994,Import,Morocco,95,"Toys, games, sports requisites",Eastern Europe,Europe,36881,31.1728205,-7.3362482,51.67568633314729,27.673469819741847
1994,1994,Import,Morocco,95,"Toys, games, sports requisites",Latin America and the Caribbean,Americas,18745,31.1728205,-7.3362482,17.925141963241547,-78.01492950057497
1994,1994,Import,Morocco,95,"Toys, games, sports requisites",Northern Africa,Africa,30913,31.1728205,-7.3362482,19.569604022535763,12.47761721199581
1994,1994,Import,Morocco,95,"Toys, games, sports requisites",Northern America,Americas,69426,31.1728205,-7.3362482,43.897683433510366,-100.08947125585888
1994,1994,Import,Morocco,95,"Toys, games, sports requisites",Northern Europe,Europe,671546,31.1728205,-7.3362482,59.36075159783851,25.01346951967388
1994,1994,Import,Morocco,95,"Toys, games, sports requisites",South-eastern Asia,Asia,233851,31.1728205,-7.3362482,10.528384761701911,103.08333472012376
1994,1994,Import,Morocco,95,"Toys, games, sports requisites",Southern Asia,Asia,9720,31.1728205,-7.3362482,25.499703063807168,75.5024015339642
1994,1994,Import,Morocco,95,"Toys, games, sports requisites",Southern Europe,Europe,888826,31.1728205,-7.3362482,40.12399607988535,20.742583178432696
1994,1994,Import,Morocco,95,"Toys, games, sports requisites",Western Europe,Europe,2007932,31.1728205,-7.3362482,47.92172048214207,7.866753258497997
1994,1994,Import,Morocco,95,"Toys, games, sports requisites",World,World,10058318,31.1728205,-7.3362482,,
