yr,periodDesc,rgDesc,rtTitle,cmdCode,cmdDescE,Subregion,Region,TradeValue,rtLat,rtLon,ptLon,ptLat
2017,2017,Import,Morocco,45,Cork and articles of cork,Eastern Asia,Asia,65457,31.1728205,-7.3362482,37.977378106878206,73.97804075806764
2017,2017,Import,Morocco,45,Cork and articles of cork,Eastern Europe,Europe,6719,31.1728205,-7.3362482,51.67568633314729,27.673469819741847
2017,2017,Import,Morocco,45,Cork and articles of cork,Northern America,Americas,2467,31.1728205,-7.3362482,43.897683433510366,-100.08947125585888
2017,2017,Import,Morocco,45,Cork and articles of cork,Northern Europe,Europe,1942,31.1728205,-7.3362482,59.36075159783851,25.01346951967388
2017,2017,Import,Morocco,45,Cork and articles of cork,Southern Europe,Europe,623285,31.1728205,-7.3362482,40.12399607988535,20.742583178432696
2017,2017,Import,Morocco,45,Cork and articles of cork,Tunisia,Tunisia,377763,31.1728205,-7.3362482,,
2017,2017,Import,Morocco,45,Cork and articles of cork,Western Asia,Asia,3075,31.1728205,-7.3362482,26.42921218083572,52.86847103284948
2017,2017,Import,Morocco,45,Cork and articles of cork,Western Europe,Europe,135670,31.1728205,-7.3362482,47.92172048214207,7.866753258497997
2017,2017,Import,Morocco,45,Cork and articles of cork,World,World,1218732,31.1728205,-7.3362482,,
