yr,periodDesc,rgDesc,rtTitle,cmdCode,cmdDescE,Subregion,Region,TradeValue,rtLat,rtLon,ptLon,ptLat
2016,2016,Import,Morocco,88,"Aircraft, spacecraft and parts thereof",Australia and New Zealand,Oceania,1194,31.1728205,-7.3362482,-16.85099460447687,133.4130365630627
2016,2016,Import,Morocco,88,"Aircraft, spacecraft and parts thereof",Eastern Asia,Asia,93569,31.1728205,-7.3362482,37.977378106878206,73.97804075806764
2016,2016,Import,Morocco,88,"Aircraft, spacecraft and parts thereof",Eastern Europe,Europe,295054,31.1728205,-7.3362482,51.67568633314729,27.673469819741847
2016,2016,Import,Morocco,88,"Aircraft, spacecraft and parts thereof",Latin America and the Caribbean,Americas,301706,31.1728205,-7.3362482,17.925141963241547,-78.01492950057497
2016,2016,Import,Morocco,88,"Aircraft, spacecraft and parts thereof",Northern Africa,Africa,65938,31.1728205,-7.3362482,19.569604022535763,12.47761721199581
2016,2016,Import,Morocco,88,"Aircraft, spacecraft and parts thereof",Northern America,Americas,461124132,31.1728205,-7.3362482,43.897683433510366,-100.08947125585888
2016,2016,Import,Morocco,88,"Aircraft, spacecraft and parts thereof",Northern Europe,Europe,51921201,31.1728205,-7.3362482,59.36075159783851,25.01346951967388
2016,2016,Import,Morocco,88,"Aircraft, spacecraft and parts thereof",South-eastern Asia,Asia,1459,31.1728205,-7.3362482,10.528384761701911,103.08333472012376
2016,2016,Import,Morocco,88,"Aircraft, spacecraft and parts thereof",Southern Europe,Europe,1842911,31.1728205,-7.3362482,40.12399607988535,20.742583178432696
2016,2016,Import,Morocco,88,"Aircraft, spacecraft and parts thereof",Sub-Saharan Africa,Africa,10,31.1728205,-7.3362482,6.06272746187266,22.727528470146083
2016,2016,Import,Morocco,88,"Aircraft, spacecraft and parts thereof",Western Asia,Asia,3198,31.1728205,-7.3362482,26.42921218083572,52.86847103284948
2016,2016,Import,Morocco,88,"Aircraft, spacecraft and parts thereof",Western Europe,Europe,247226444,31.1728205,-7.3362482,47.92172048214207,7.866753258497997
2016,2016,Import,Morocco,88,"Aircraft, spacecraft and parts thereof",World,World,763805739,31.1728205,-7.3362482,,
