yr,periodDesc,rgDesc,rtTitle,cmdCode,cmdDescE,Subregion,Region,TradeValue,rtLat,rtLon,ptLon,ptLat
2001,2001,Export,Morocco,78,Lead and articles thereof,Eastern Asia,Asia,16702,31.1728205,-7.3362482,37.977378106878206,73.97804075806764
2001,2001,Export,Morocco,78,Lead and articles thereof,Northern Africa,Africa,3359700,31.1728205,-7.3362482,19.569604022535763,12.47761721199581
2001,2001,Export,Morocco,78,Lead and articles thereof,Southern Europe,Europe,18623347,31.1728205,-7.3362482,40.12399607988535,20.742583178432696
2001,2001,Export,Morocco,78,Lead and articles thereof,Western Asia,Asia,4582745,31.1728205,-7.3362482,26.42921218083572,52.86847103284948
2001,2001,Export,Morocco,78,Lead and articles thereof,Western Europe,Europe,478367,31.1728205,-7.3362482,47.92172048214207,7.866753258497997
2001,2001,Export,Morocco,78,Lead and articles thereof,World,World,27225236,31.1728205,-7.3362482,,
