yr,periodDesc,rgDesc,rtTitle,cmdCode,cmdDescE,Subregion,Region,TradeValue,rtLat,rtLon,ptLon,ptLat
1995,1995,Import,Morocco,65,Headgear and parts thereof,Eastern Asia,Asia,199375,31.1728205,-7.3362482,37.977378106878206,73.97804075806764
1995,1995,Import,Morocco,65,Headgear and parts thereof,Eastern Europe,Europe,23062,31.1728205,-7.3362482,51.67568633314729,27.673469819741847
1995,1995,Import,Morocco,65,Headgear and parts thereof,Latin America and the Caribbean,Americas,34213,31.1728205,-7.3362482,17.925141963241547,-78.01492950057497
1995,1995,Import,Morocco,65,Headgear and parts thereof,Northern America,Americas,52946,31.1728205,-7.3362482,43.897683433510366,-100.08947125585888
1995,1995,Import,Morocco,65,Headgear and parts thereof,Northern Europe,Europe,3709,31.1728205,-7.3362482,59.36075159783851,25.01346951967388
1995,1995,Import,Morocco,65,Headgear and parts thereof,South-eastern Asia,Asia,1699,31.1728205,-7.3362482,10.528384761701911,103.08333472012376
1995,1995,Import,Morocco,65,Headgear and parts thereof,Southern Europe,Europe,324781,31.1728205,-7.3362482,40.12399607988535,20.742583178432696
1995,1995,Import,Morocco,65,Headgear and parts thereof,Western Europe,Europe,296603,31.1728205,-7.3362482,47.92172048214207,7.866753258497997
1995,1995,Import,Morocco,65,Headgear and parts thereof,World,World,1018034,31.1728205,-7.3362482,,
