yr,periodDesc,rgDesc,rtTitle,cmdCode,cmdDescE,Subregion,Region,TradeValue,rtLat,rtLon,ptLon,ptLat
2007,2007,Export,Morocco,60,Knitted or crocheted fabrics,Eastern Asia,Asia,32979,31.1728205,-7.3362482,37.977378106878206,73.97804075806764
2007,2007,Export,Morocco,60,Knitted or crocheted fabrics,Northern Africa,Africa,73549,31.1728205,-7.3362482,19.569604022535763,12.47761721199581
2007,2007,Export,Morocco,60,Knitted or crocheted fabrics,Northern Europe,Europe,7081158,31.1728205,-7.3362482,59.36075159783851,25.01346951967388
2007,2007,Export,Morocco,60,Knitted or crocheted fabrics,South-eastern Asia,Asia,167,31.1728205,-7.3362482,10.528384761701911,103.08333472012376
2007,2007,Export,Morocco,60,Knitted or crocheted fabrics,Southern Asia,Asia,7988,31.1728205,-7.3362482,25.499703063807168,75.5024015339642
2007,2007,Export,Morocco,60,Knitted or crocheted fabrics,Southern Europe,Europe,5213260,31.1728205,-7.3362482,40.12399607988535,20.742583178432696
2007,2007,Export,Morocco,60,Knitted or crocheted fabrics,Sub-Saharan Africa,Africa,282085,31.1728205,-7.3362482,6.06272746187266,22.727528470146083
2007,2007,Export,Morocco,60,Knitted or crocheted fabrics,Western Asia,Asia,341328,31.1728205,-7.3362482,26.42921218083572,52.86847103284948
2007,2007,Export,Morocco,60,Knitted or crocheted fabrics,Western Europe,Europe,6726634,31.1728205,-7.3362482,47.92172048214207,7.866753258497997
2007,2007,Export,Morocco,60,Knitted or crocheted fabrics,World,World,19790036,31.1728205,-7.3362482,,
