yr,periodDesc,rgDesc,rtTitle,cmdCode,cmdDescE,Subregion,Region,TradeValue,rtLat,rtLon,ptLon,ptLat
2015,2015,Import,Morocco,75,Nickel and articles thereof,Australia and New Zealand,Oceania,46603,31.1728205,-7.3362482,-16.85099460447687,133.4130365630627
2015,2015,Import,Morocco,75,Nickel and articles thereof,Eastern Asia,Asia,20719,31.1728205,-7.3362482,37.977378106878206,73.97804075806764
2015,2015,Import,Morocco,75,Nickel and articles thereof,Eastern Europe,Europe,81494,31.1728205,-7.3362482,51.67568633314729,27.673469819741847
2015,2015,Import,Morocco,75,Nickel and articles thereof,Northern America,Americas,243709,31.1728205,-7.3362482,43.897683433510366,-100.08947125585888
2015,2015,Import,Morocco,75,Nickel and articles thereof,Northern Europe,Europe,136097,31.1728205,-7.3362482,59.36075159783851,25.01346951967388
2015,2015,Import,Morocco,75,Nickel and articles thereof,South-eastern Asia,Asia,3017,31.1728205,-7.3362482,10.528384761701911,103.08333472012376
2015,2015,Import,Morocco,75,Nickel and articles thereof,Southern Europe,Europe,295218,31.1728205,-7.3362482,40.12399607988535,20.742583178432696
2015,2015,Import,Morocco,75,Nickel and articles thereof,Western Europe,Europe,994261,31.1728205,-7.3362482,47.92172048214207,7.866753258497997
2015,2015,Import,Morocco,75,Nickel and articles thereof,World,World,1841078,31.1728205,-7.3362482,,
