yr,periodDesc,rgDesc,rtTitle,cmdCode,cmdDescE,Subregion,Region,TradeValue,rtLat,rtLon,ptLon,ptLat
2013,2013,Import,Morocco,89,"Ships, boats and floating structures",Australia and New Zealand,Oceania,26329,31.1728205,-7.3362482,-16.85099460447687,133.4130365630627
2013,2013,Import,Morocco,89,"Ships, boats and floating structures",Eastern Asia,Asia,11204910,31.1728205,-7.3362482,37.977378106878206,73.97804075806764
2013,2013,Import,Morocco,89,"Ships, boats and floating structures",Eastern Europe,Europe,127728,31.1728205,-7.3362482,51.67568633314729,27.673469819741847
2013,2013,Import,Morocco,89,"Ships, boats and floating structures",Northern Africa,Africa,364799,31.1728205,-7.3362482,19.569604022535763,12.47761721199581
2013,2013,Import,Morocco,89,"Ships, boats and floating structures",Northern America,Americas,2332506,31.1728205,-7.3362482,43.897683433510366,-100.08947125585888
2013,2013,Import,Morocco,89,"Ships, boats and floating structures",Northern Europe,Europe,10324623,31.1728205,-7.3362482,59.36075159783851,25.01346951967388
2013,2013,Import,Morocco,89,"Ships, boats and floating structures",South-eastern Asia,Asia,8839087,31.1728205,-7.3362482,10.528384761701911,103.08333472012376
2013,2013,Import,Morocco,89,"Ships, boats and floating structures",Southern Europe,Europe,4173779,31.1728205,-7.3362482,40.12399607988535,20.742583178432696
2013,2013,Import,Morocco,89,"Ships, boats and floating structures",Western Asia,Asia,8284268,31.1728205,-7.3362482,26.42921218083572,52.86847103284948
2013,2013,Import,Morocco,89,"Ships, boats and floating structures",Western Europe,Europe,5076848,31.1728205,-7.3362482,47.92172048214207,7.866753258497997
2013,2013,Import,Morocco,89,"Ships, boats and floating structures",World,World,56311588,31.1728205,-7.3362482,,
