yr,periodDesc,rgDesc,rtTitle,cmdCode,cmdDescE,Subregion,Region,TradeValue,rtLat,rtLon,ptLon,ptLat
2001,2001,Export,Morocco,17,Sugars and sugar confectionery,Eastern Asia,Asia,2455,31.1728205,-7.3362482,37.977378106878206,73.97804075806764
2001,2001,Export,Morocco,17,Sugars and sugar confectionery,Northern Africa,Africa,1787252,31.1728205,-7.3362482,19.569604022535763,12.47761721199581
2001,2001,Export,Morocco,17,Sugars and sugar confectionery,Northern America,Americas,5522,31.1728205,-7.3362482,43.897683433510366,-100.08947125585888
2001,2001,Export,Morocco,17,Sugars and sugar confectionery,Northern Europe,Europe,1432040,31.1728205,-7.3362482,59.36075159783851,25.01346951967388
2001,2001,Export,Morocco,17,Sugars and sugar confectionery,Southern Europe,Europe,654710,31.1728205,-7.3362482,40.12399607988535,20.742583178432696
2001,2001,Export,Morocco,17,Sugars and sugar confectionery,Sub-Saharan Africa,Africa,221721,31.1728205,-7.3362482,6.06272746187266,22.727528470146083
2001,2001,Export,Morocco,17,Sugars and sugar confectionery,Western Europe,Europe,2111643,31.1728205,-7.3362482,47.92172048214207,7.866753258497997
2001,2001,Export,Morocco,17,Sugars and sugar confectionery,World,World,6627800,31.1728205,-7.3362482,,
