yr,periodDesc,rgDesc,rtTitle,cmdCode,cmdDescE,Subregion,Region,TradeValue,rtLat,rtLon,ptLon,ptLat
2002,2002,Export,Morocco,31,Fertilizers,Australia and New Zealand,Oceania,29155146,31.17,-7.33,-16.85099460447687,133.4130365630627
2002,2002,Export,Morocco,31,Fertilizers,Eastern Asia,Asia,15104371,31.17,-7.33,37.977378106878206,73.97804075806764
2002,2002,Export,Morocco,31,Fertilizers,Latin America and the Caribbean,Americas,76285229,31.17,-7.33,17.925141963241547,-78.01492950057497
2002,2002,Export,Morocco,31,Fertilizers,Northern Europe,Europe,23817906,31.17,-7.33,59.36075159783851,25.01346951967388
2002,2002,Export,Morocco,31,Fertilizers,South-eastern Asia,Asia,15887728,31.17,-7.33,10.528384761701911,103.08333472012376
2002,2002,Export,Morocco,31,Fertilizers,Southern Asia,Asia,19954153,31.17,-7.33,25.499703063807168,75.5024015339642
2002,2002,Export,Morocco,31,Fertilizers,Southern Europe,Europe,51175112,31.17,-7.33,40.12399607988535,20.742583178432696
2002,2002,Export,Morocco,31,Fertilizers,Sub-Saharan Africa,Africa,12538178,31.17,-7.33,6.06272746187266,22.727528470146083
2002,2002,Export,Morocco,31,Fertilizers,Western Asia,Asia,10276233,31.17,-7.33,26.42921218083572,52.86847103284948
2002,2002,Export,Morocco,31,Fertilizers,Western Europe,Europe,57826694,31.17,-7.33,47.92172048214207,7.866753258497997
2002,2002,Export,Morocco,31,Fertilizers,World,World,331697194,31.17,-7.33,,
2002,2002,Export,Morocco,31,Fertilizers,Libya, Libya,681,31.17,-7.33,,
2002,2002,Export,Morocco,31,Fertilizers,Mauritania, Mauritania,411037,31.17,-7.33,,
2002,2002,Export,Morocco,31,Fertilizers,Pakistan, Pakistan,19260803,31.17,-7.33,,
