yr,periodDesc,rgDesc,rtTitle,cmdCode,cmdDescE,Subregion,Region,TradeValue,rtLat,rtLon,ptLon,ptLat
1994,1994,Import,Morocco,10,Cereals,Australia and New Zealand,Oceania,4761958,31.17,-7.33,-16.85099460447687,133.4130365630627
1994,1994,Import,Morocco,10,Cereals,Eastern Asia,Asia,61934,31.17,-7.33,37.977378106878206,73.97804075806764
1994,1994,Import,Morocco,10,Cereals,Eastern Europe,Europe,157886,31.17,-7.33,51.67568633314729,27.673469819741847
1994,1994,Import,Morocco,10,Cereals,Northern America,Americas,122342933,31.17,-7.33,43.897683433510366,-100.08947125585888
1994,1994,Import,Morocco,10,Cereals,Northern Europe,Europe,2512602,31.17,-7.33,59.36075159783851,25.01346951967388
1994,1994,Import,Morocco,10,Cereals,Southern Europe,Europe,4454690,31.17,-7.33,40.12399607988535,20.742583178432696
1994,1994,Import,Morocco,10,Cereals,Western Asia,Asia,1697581,31.17,-7.33,26.42921218083572,52.86847103284948
1994,1994,Import,Morocco,10,Cereals,Western Europe,Europe,83208420,31.17,-7.33,47.92172048214207,7.866753258497997
1994,1994,Import,Morocco,10,Cereals,World,World,219198720,31.17,-7.33,,
