yr,periodDesc,rgDesc,rtTitle,cmdCode,cmdDescE,Subregion,Region,TradeValue,rtLat,rtLon,ptLon,ptLat
2006,2006,Import,Morocco,21,Miscellaneous edible preparations,Eastern Asia,Asia,602875,31.1728205,-7.3362482,37.977378106878206,73.97804075806764
2006,2006,Import,Morocco,21,Miscellaneous edible preparations,Eastern Europe,Europe,98452,31.1728205,-7.3362482,51.67568633314729,27.673469819741847
2006,2006,Import,Morocco,21,Miscellaneous edible preparations,Latin America and the Caribbean,Americas,54659,31.1728205,-7.3362482,17.925141963241547,-78.01492950057497
2006,2006,Import,Morocco,21,Miscellaneous edible preparations,Northern Africa,Africa,708402,31.1728205,-7.3362482,19.569604022535763,12.47761721199581
2006,2006,Import,Morocco,21,Miscellaneous edible preparations,Northern America,Americas,412927,31.1728205,-7.3362482,43.897683433510366,-100.08947125585888
2006,2006,Import,Morocco,21,Miscellaneous edible preparations,Northern Europe,Europe,1724786,31.1728205,-7.3362482,59.36075159783851,25.01346951967388
2006,2006,Import,Morocco,21,Miscellaneous edible preparations,South-eastern Asia,Asia,116656,31.1728205,-7.3362482,10.528384761701911,103.08333472012376
2006,2006,Import,Morocco,21,Miscellaneous edible preparations,Southern Europe,Europe,7033164,31.1728205,-7.3362482,40.12399607988535,20.742583178432696
2006,2006,Import,Morocco,21,Miscellaneous edible preparations,Sub-Saharan Africa,Africa,210086,31.1728205,-7.3362482,6.06272746187266,22.727528470146083
2006,2006,Import,Morocco,21,Miscellaneous edible preparations,Western Asia,Asia,571468,31.1728205,-7.3362482,26.42921218083572,52.86847103284948
2006,2006,Import,Morocco,21,Miscellaneous edible preparations,Western Europe,Europe,21377707,31.1728205,-7.3362482,47.92172048214207,7.866753258497997
2006,2006,Import,Morocco,21,Miscellaneous edible preparations,World,World,33807379,31.1728205,-7.3362482,,
