yr,periodDesc,rgDesc,rtTitle,cmdCode,cmdDescE,Subregion,Region,TradeValue,rtLat,rtLon,ptLon,ptLat
1996,1996,Import,Morocco,55,manmade staple fibres,Australia and New Zealand,Oceania,34906,31.1728205,-7.3362482,-16.85099460447687,133.4130365630627
1996,1996,Import,Morocco,55,manmade staple fibres,Eastern Asia,Asia,6219465,31.1728205,-7.3362482,37.977378106878206,73.97804075806764
1996,1996,Import,Morocco,55,manmade staple fibres,Eastern Europe,Europe,3053652,31.1728205,-7.3362482,51.67568633314729,27.673469819741847
1996,1996,Import,Morocco,55,manmade staple fibres,Latin America and the Caribbean,Americas,1703474,31.1728205,-7.3362482,17.925141963241547,-78.01492950057497
1996,1996,Import,Morocco,55,manmade staple fibres,Northern Africa,Africa,194515,31.1728205,-7.3362482,19.569604022535763,12.47761721199581
1996,1996,Import,Morocco,55,manmade staple fibres,Northern America,Americas,1308822,31.1728205,-7.3362482,43.897683433510366,-100.08947125585888
1996,1996,Import,Morocco,55,manmade staple fibres,Northern Europe,Europe,7355508,31.1728205,-7.3362482,59.36075159783851,25.01346951967388
1996,1996,Import,Morocco,55,manmade staple fibres,South-eastern Asia,Asia,1594172,31.1728205,-7.3362482,10.528384761701911,103.08333472012376
1996,1996,Import,Morocco,55,manmade staple fibres,Southern Asia,Asia,70442,31.1728205,-7.3362482,25.499703063807168,75.5024015339642
1996,1996,Import,Morocco,55,manmade staple fibres,Southern Europe,Europe,55755048,31.1728205,-7.3362482,40.12399607988535,20.742583178432696
1996,1996,Import,Morocco,55,manmade staple fibres,Sub-Saharan Africa,Africa,9089,31.1728205,-7.3362482,6.06272746187266,22.727528470146083
1996,1996,Import,Morocco,55,manmade staple fibres,Western Asia,Asia,1578000,31.1728205,-7.3362482,26.42921218083572,52.86847103284948
1996,1996,Import,Morocco,55,manmade staple fibres,Western Europe,Europe,48124339,31.1728205,-7.3362482,47.92172048214207,7.866753258497997
1996,1996,Import,Morocco,55,manmade staple fibres,World,World,133948176,31.1728205,-7.3362482,,
