yr,periodDesc,rgDesc,rtTitle,cmdCode,cmdDescE,Subregion,Region,TradeValue,rtLat,rtLon,ptLon,ptLat
1994,1994,Export,Morocco,1,Live animals,South-eastern Asia,Asia,5450,31.1728205,-7.3362482,10.528384761701911,103.08333472012376
1994,1994,Export,Morocco,1,Live animals,Southern Europe,Europe,41967,31.1728205,-7.3362482,40.12399607988535,20.742583178432696
1994,1994,Export,Morocco,1,Live animals,Sub-Saharan Africa,Africa,27166,31.1728205,-7.3362482,6.06272746187266,22.727528470146083
1994,1994,Export,Morocco,1,Live animals,Tunisia,Tunisia,37280,31.1728205,-7.3362482,,
1994,1994,Export,Morocco,1,Live animals,Western Europe,Europe,109465,31.1728205,-7.3362482,47.92172048214207,7.866753258497997
1994,1994,Export,Morocco,1,Live animals,World,World,226412,31.1728205,-7.3362482,,
1994,1994,Export,Morocco,1,Live animals, Mauritania, Mauritania,4905,31.1728205,-7.3362482,,
