yr,periodDesc,rgDesc,rtTitle,cmdCode,cmdDescE,Subregion,Region,TradeValue,rtLat,rtLon,ptLon,ptLat
2002,2002,Import,Morocco,10,Cereals,Australia and New Zealand,Oceania,35775719,31.17,-7.33,-16.85099460447687,133.4130365630627
2002,2002,Import,Morocco,10,Cereals,Central Asia,Asia,870958,31.17,-7.33,39.89317229901691,61.060280637304274
2002,2002,Import,Morocco,10,Cereals,Eastern Asia,Asia,1295,31.17,-7.33,37.977378106878206,73.97804075806764
2002,2002,Import,Morocco,10,Cereals,Eastern Europe,Europe,229233312,31.17,-7.33,51.67568633314729,27.673469819741847
2002,2002,Import,Morocco,10,Cereals,Egypt,Egypt,4080,31.17,-7.33,,
2002,2002,Import,Morocco,10,Cereals,Latin America and the Caribbean,Americas,69454062,31.17,-7.33,17.925141963241547,-78.01492950057497
2002,2002,Import,Morocco,10,Cereals,Northern America,Americas,193782294,31.17,-7.33,43.897683433510366,-100.08947125585888
2002,2002,Import,Morocco,10,Cereals,Northern Europe,Europe,21475792,31.17,-7.33,59.36075159783851,25.01346951967388
2002,2002,Import,Morocco,10,Cereals,South-eastern Asia,Asia,142263,31.17,-7.33,10.528384761701911,103.08333472012376
2002,2002,Import,Morocco,10,Cereals,Southern Europe,Europe,6268947,31.17,-7.33,40.12399607988535,20.742583178432696
2002,2002,Import,Morocco,10,Cereals,Sub-Saharan Africa,Africa,506624,31.17,-7.33,6.06272746187266,22.727528470146083
2002,2002,Import,Morocco,10,Cereals,Western Asia,Asia,4672097,31.17,-7.33,26.42921218083572,52.86847103284948
2002,2002,Import,Morocco,10,Cereals,Western Europe,Europe,175715223,31.17,-7.33,47.92172048214207,7.866753258497997
2002,2002,Import,Morocco,10,Cereals,World,World,738505789,31.17,-7.33,,
2002,2002,Import,Morocco,10,Cereals,Iraq, Iraq,6699,31.17,-7.33,,
2002,2002,Import,Morocco,10,Cereals,Pakistan, Pakistan,158444,31.17,-7.33,,
