yr,periodDesc,rgDesc,rtTitle,cmdCode,cmdDescE,Subregion,Region,TradeValue,rtLat,rtLon,ptLon,ptLat
2018,2018,Import,Morocco,45,Cork and articles of cork,Eastern Asia,Asia,51112,31.1728205,-7.3362482,37.977378106878206,73.97804075806764
2018,2018,Import,Morocco,45,Cork and articles of cork,Eastern Europe,Europe,3008,31.1728205,-7.3362482,51.67568633314729,27.673469819741847
2018,2018,Import,Morocco,45,Cork and articles of cork,Northern Africa,Africa,163977,31.1728205,-7.3362482,19.569604022535763,12.47761721199581
2018,2018,Import,Morocco,45,Cork and articles of cork,Northern America,Americas,6575,31.1728205,-7.3362482,43.897683433510366,-100.08947125585888
2018,2018,Import,Morocco,45,Cork and articles of cork,Northern Europe,Europe,1715,31.1728205,-7.3362482,59.36075159783851,25.01346951967388
2018,2018,Import,Morocco,45,Cork and articles of cork,Southern Europe,Europe,671661,31.1728205,-7.3362482,40.12399607988535,20.742583178432696
2018,2018,Import,Morocco,45,Cork and articles of cork,Western Asia,Asia,3129,31.1728205,-7.3362482,26.42921218083572,52.86847103284948
2018,2018,Import,Morocco,45,Cork and articles of cork,Western Europe,Europe,321593,31.1728205,-7.3362482,47.92172048214207,7.866753258497997
2018,2018,Import,Morocco,45,Cork and articles of cork,World,World,1223145,31.1728205,-7.3362482,,
