yr,periodDesc,rgDesc,rtTitle,cmdCode,cmdDescE,Subregion,Region,TradeValue,rtLat,rtLon,ptLon,ptLat
1994,1994,Export,Morocco,69,Ceramic products,Australia and New Zealand,Oceania,220564,31.1728205,-7.3362482,-16.85099460447687,133.4130365630627
1994,1994,Export,Morocco,69,Ceramic products,Eastern Asia,Asia,33244,31.1728205,-7.3362482,37.977378106878206,73.97804075806764
1994,1994,Export,Morocco,69,Ceramic products,Eastern Europe,Europe,926,31.1728205,-7.3362482,51.67568633314729,27.673469819741847
1994,1994,Export,Morocco,69,Ceramic products,Latin America and the Caribbean,Americas,122578,31.1728205,-7.3362482,17.925141963241547,-78.01492950057497
1994,1994,Export,Morocco,69,Ceramic products,Northern Africa,Africa,671360,31.1728205,-7.3362482,19.569604022535763,12.47761721199581
1994,1994,Export,Morocco,69,Ceramic products,Northern America,Americas,814842,31.1728205,-7.3362482,43.897683433510366,-100.08947125585888
1994,1994,Export,Morocco,69,Ceramic products,Northern Europe,Europe,384822,31.1728205,-7.3362482,59.36075159783851,25.01346951967388
1994,1994,Export,Morocco,69,Ceramic products,Southern Europe,Europe,1832611,31.1728205,-7.3362482,40.12399607988535,20.742583178432696
1994,1994,Export,Morocco,69,Ceramic products,Sub-Saharan Africa,Africa,243362,31.1728205,-7.3362482,6.06272746187266,22.727528470146083
1994,1994,Export,Morocco,69,Ceramic products,Western Europe,Europe,3273550,31.1728205,-7.3362482,47.92172048214207,7.866753258497997
1994,1994,Export,Morocco,69,Ceramic products,World,World,10226537,31.1728205,-7.3362482,,
