yr,periodDesc,rgDesc,rtTitle,cmdCode,cmdDescE,Subregion,Region,TradeValue,rtLat,rtLon,ptLon,ptLat
1994,1994,Export,Morocco,70,Glass and glassware,Eastern Asia,Asia,5254,31.1728205,-7.3362482,37.977378106878206,73.97804075806764
1994,1994,Export,Morocco,70,Glass and glassware,Latin America and the Caribbean,Americas,5910,31.1728205,-7.3362482,17.925141963241547,-78.01492950057497
1994,1994,Export,Morocco,70,Glass and glassware,Northern Africa,Africa,253587,31.1728205,-7.3362482,19.569604022535763,12.47761721199581
1994,1994,Export,Morocco,70,Glass and glassware,Northern America,Americas,57032,31.1728205,-7.3362482,43.897683433510366,-100.08947125585888
1994,1994,Export,Morocco,70,Glass and glassware,Northern Europe,Europe,40521,31.1728205,-7.3362482,59.36075159783851,25.01346951967388
1994,1994,Export,Morocco,70,Glass and glassware,Southern Europe,Europe,158350,31.1728205,-7.3362482,40.12399607988535,20.742583178432696
1994,1994,Export,Morocco,70,Glass and glassware,Sub-Saharan Africa,Africa,92291,31.1728205,-7.3362482,6.06272746187266,22.727528470146083
1994,1994,Export,Morocco,70,Glass and glassware,Western Europe,Europe,712684,31.1728205,-7.3362482,47.92172048214207,7.866753258497997
1994,1994,Export,Morocco,70,Glass and glassware,World,World,3861907,31.1728205,-7.3362482,,
