yr,periodDesc,rgDesc,rtTitle,ptTitle,cmdCode,cmdDescE,TradeValue,Unnamed: 0,rtLat,rtLon,ptLat,ptLon
2012,2012.0,Export,Oman,World,9.0,"Coffee, tea, mate and spices",5389911.0,,21.0000287,57.0036901,-36.8535712,174.7456809
2012,2012.0,Export,Oman,Bahrain,9.0,"Coffee, tea, mate and spices",13537.0,,21.0000287,57.0036901,26.1551249,50.5344606
2012,2012.0,Export,Oman,Iran,9.0,"Coffee, tea, mate and spices",1405610.0,,21.0000287,57.0036901,32.6475314,54.5643516
2012,2012.0,Export,Oman,Kuwait,9.0,"Coffee, tea, mate and spices",55750.0,,21.0000287,57.0036901,29.2733964,47.4979476
2012,2012.0,Export,Oman,Pakistan,9.0,"Coffee, tea, mate and spices",76791.0,,21.0000287,57.0036901,30.3308401,71.247499
2012,2012.0,Export,Oman,Qatar,9.0,"Coffee, tea, mate and spices",11589.0,,21.0000287,57.0036901,25.3336984,51.2295295
2012,2012.0,Export,Oman,Saudi Arabia,9.0,"Coffee, tea, mate and spices",2246426.0,,21.0000287,57.0036901,25.6242618,42.3528328
2012,2012.0,Export,Oman,Somalia,9.0,"Coffee, tea, mate and spices",980036.0,,21.0000287,57.0036901,8.3676771,49.083416
2012,2012.0,Export,Oman,United Arab Emirates,9.0,"Coffee, tea, mate and spices",585139.0,,21.0000287,57.0036901,24.0002488,53.9994829
2012,2012.0,Export,Oman,United Kingdom,9.0,"Coffee, tea, mate and spices",1225.0,,21.0000287,57.0036901,54.7023545,-3.2765753
2012,2012.0,Export,Oman,United Rep. of Tanzania,9.0,"Coffee, tea, mate and spices",520.0,,21.0000287,57.0036901,,
2012,2012.0,Export,Oman,Yemen,9.0,"Coffee, tea, mate and spices",13287.0,,21.0000287,57.0036901,16.3471243,47.8915271
