yr,periodDesc,rgDesc,rtTitle,ptTitle,cmdCode,cmdDescE,TradeValue,Unnamed: 0,rtLat,rtLon,ptLat,ptLon
2002,2002.0,Import,Oman,World,45.0,Cork and articles of cork,51220.0,,21.0000287,57.0036901,-36.8535712,174.7456809
2002,2002.0,Import,Oman,India,45.0,Cork and articles of cork,1446.0,,21.0000287,57.0036901,22.3511148,78.6677428
2002,2002.0,Import,Oman,United Arab Emirates,45.0,Cork and articles of cork,42413.0,,21.0000287,57.0036901,24.0002488,53.9994829
2002,2002.0,Import,Oman,United Kingdom,45.0,Cork and articles of cork,7352.0,,21.0000287,57.0036901,54.7023545,-3.2765753
2002,2002.0,Import,Oman,USA,45.0,Cork and articles of cork,8.0,,21.0000287,57.0036901,39.7837304,-100.445882
