yr,periodDesc,rgDesc,rtTitle,cmdCode,cmdDescE,Subregion,Region,TradeValue,rtLat,rtLon,ptLon,ptLat
1997,1997,Export,Oman,69,Ceramic products,Eastern Asia,Asia,7009,21.0000287,57.0036901,37.977378106878206,73.97804075806764
1997,1997,Export,Oman,69,Ceramic products,Southern Asia,Asia,30441,21.0000287,57.0036901,25.499703063807168,75.5024015339642
1997,1997,Export,Oman,69,Ceramic products,Western Europe,Europe,910,21.0000287,57.0036901,47.92172048214207,7.866753258497997
1997,1997,Export,Oman,69,Ceramic products,World,World,1738679,21.0000287,57.0036901,,
