yr,periodDesc,rgDesc,rtTitle,cmdCode,cmdDescE,Subregion,Region,TradeValue,rtLat,rtLon,ptLon,ptLat
2007,2007,Re-Export,Oman,10,Cereals,South-eastern Asia,Asia,1000793,21.0000287,57.0036901,10.528384761701911,103.08333472012376
2007,2007,Re-Export,Oman,10,Cereals,Southern Asia,Asia,2107,21.0000287,57.0036901,25.499703063807168,75.5024015339642
2007,2007,Re-Export,Oman,10,Cereals,Sub-Saharan Africa,Africa,90822,21.0000287,57.0036901,6.06272746187266,22.727528470146083
2007,2007,Re-Export,Oman,10,Cereals,World,World,1431594,21.0000287,57.0036901,,
2007,2007,Re-Export,Oman,10,Cereals, Kuwait, Kuwait,30117,21.0000287,57.0036901,,
2007,2007,Re-Export,Oman,10,Cereals, Pakistan, Pakistan,21337,21.0000287,57.0036901,,
2007,2007,Re-Export,Oman,10,Cereals, United Arab Emirates, United Arab Emirates,224648,21.0000287,57.0036901,,
2007,2007,Re-Export,Oman,10,Cereals, Yemen, Yemen,234,21.0000287,57.0036901,,
