yr,periodDesc,rgDesc,rtTitle,cmdCode,cmdDescE,Subregion,Region,TradeValue,rtLat,rtLon,ptLon,ptLat
1998,1998,Export,Oman,39,Plastics and articles thereof,Eastern Asia,Asia,57145,21.0000287,57.0036901,37.977378106878206,73.97804075806764
1998,1998,Export,Oman,39,Plastics and articles thereof,Northern Africa,Africa,351182,21.0000287,57.0036901,19.569604022535763,12.47761721199581
1998,1998,Export,Oman,39,Plastics and articles thereof,Northern America,Americas,14896,21.0000287,57.0036901,43.897683433510366,-100.08947125585888
1998,1998,Export,Oman,39,Plastics and articles thereof,Northern Europe,Europe,18726,21.0000287,57.0036901,59.36075159783851,25.01346951967388
1998,1998,Export,Oman,39,Plastics and articles thereof,Southern Asia,Asia,360576,21.0000287,57.0036901,25.499703063807168,75.5024015339642
1998,1998,Export,Oman,39,Plastics and articles thereof,Sub-Saharan Africa,Africa,590046,21.0000287,57.0036901,6.06272746187266,22.727528470146083
1998,1998,Export,Oman,39,Plastics and articles thereof,Western Europe,Europe,37560,21.0000287,57.0036901,47.92172048214207,7.866753258497997
1998,1998,Export,Oman,39,Plastics and articles thereof,World,World,20460768,21.0000287,57.0036901,,
