yr,periodDesc,rgDesc,rtTitle,ptTitle,cmdCode,cmdDescE,TradeValue,Unnamed: 0,rtLat,rtLon,ptLat,ptLon
1992,1992.0,Import,Oman,World,88.0,"Aircraft, spacecraft, and parts thereof",11177056.0,,21.0000287,57.0036901,-36.8535712,174.7456809
1992,1992.0,Import,Oman,Bahrain,88.0,"Aircraft, spacecraft, and parts thereof",58278.0,,21.0000287,57.0036901,26.1551249,50.5344606
1992,1992.0,Import,Oman,Canada,88.0,"Aircraft, spacecraft, and parts thereof",20299.0,,21.0000287,57.0036901,61.0666922,-107.991707
1992,1992.0,Import,Oman,Denmark,88.0,"Aircraft, spacecraft, and parts thereof",3526.0,,21.0000287,57.0036901,55.670249,10.3333283
1992,1992.0,Import,Oman,France,88.0,"Aircraft, spacecraft, and parts thereof",236881.0,,21.0000287,57.0036901,46.603354,1.8883335
1992,1992.0,Import,Oman,Germany,88.0,"Aircraft, spacecraft, and parts thereof",1012898.0,,21.0000287,57.0036901,51.1638175,10.4478313
1992,1992.0,Import,Oman,Italy,88.0,"Aircraft, spacecraft, and parts thereof",3068.0,,21.0000287,57.0036901,42.6384261,12.674297
1992,1992.0,Import,Oman,Japan,88.0,"Aircraft, spacecraft, and parts thereof",38317.0,,21.0000287,57.0036901,36.5748441,139.2394179
1992,1992.0,Import,Oman,Netherlands,88.0,"Aircraft, spacecraft, and parts thereof",61667.0,,21.0000287,57.0036901,52.2434979,5.6343227
1992,1992.0,Import,Oman,Saudi Arabia,88.0,"Aircraft, spacecraft, and parts thereof",33882.0,,21.0000287,57.0036901,25.6242618,42.3528328
1992,1992.0,Import,Oman,Singapore,88.0,"Aircraft, spacecraft, and parts thereof",66090.0,,21.0000287,57.0036901,1.357107,103.8194992
1992,1992.0,Import,Oman,Sweden,88.0,"Aircraft, spacecraft, and parts thereof",5797.0,,21.0000287,57.0036901,59.6749712,14.5208584
1992,1992.0,Import,Oman,Switzerland,88.0,"Aircraft, spacecraft, and parts thereof",21737.0,,21.0000287,57.0036901,46.7985624,8.2319736
1992,1992.0,Import,Oman,United Arab Emirates,88.0,"Aircraft, spacecraft, and parts thereof",3425.0,,21.0000287,57.0036901,24.0002488,53.9994829
1992,1992.0,Import,Oman,United Kingdom,88.0,"Aircraft, spacecraft, and parts thereof",8695601.0,,21.0000287,57.0036901,54.7023545,-3.2765753
1992,1992.0,Import,Oman,USA,88.0,"Aircraft, spacecraft, and parts thereof",915590.0,,21.0000287,57.0036901,39.7837304,-100.445882
