yr,periodDesc,rgDesc,rtTitle,cmdCode,cmdDescE,Subregion,Region,TradeValue,rtLat,rtLon,ptLon,ptLat
2002,2002,Export,Oman,74,Copper and articles thereof,Eastern Asia,Asia,14057,21.0000287,57.0036901,37.977378106878206,73.97804075806764
2002,2002,Export,Oman,74,Copper and articles thereof,South-eastern Asia,Asia,1351751,21.0000287,57.0036901,10.528384761701911,103.08333472012376
2002,2002,Export,Oman,74,Copper and articles thereof,Southern Asia,Asia,21915,21.0000287,57.0036901,25.499703063807168,75.5024015339642
2002,2002,Export,Oman,74,Copper and articles thereof,Southern Europe,Europe,962,21.0000287,57.0036901,40.12399607988535,20.742583178432696
2002,2002,Export,Oman,74,Copper and articles thereof,Sub-Saharan Africa,Africa,5045,21.0000287,57.0036901,6.06272746187266,22.727528470146083
2002,2002,Export,Oman,74,Copper and articles thereof,World,World,27577780,21.0000287,57.0036901,,
