yr,periodDesc,rgDesc,rtTitle,cmdCode,cmdDescE,Subregion,Region,TradeValue,rtLat,rtLon,ptLon,ptLat
2001,2001,Import,Oman,37,Photographic or cinematographic goods,Eastern Asia,Asia,4379349,21.0000287,57.0036901,37.977378106878206,73.97804075806764
2001,2001,Import,Oman,37,Photographic or cinematographic goods,Eastern Europe,Europe,103828,21.0000287,57.0036901,51.67568633314729,27.673469819741847
2001,2001,Import,Oman,37,Photographic or cinematographic goods,Northern America,Americas,55324,21.0000287,57.0036901,43.897683433510366,-100.08947125585888
2001,2001,Import,Oman,37,Photographic or cinematographic goods,Northern Europe,Europe,76333,21.0000287,57.0036901,59.36075159783851,25.01346951967388
2001,2001,Import,Oman,37,Photographic or cinematographic goods,South-eastern Asia,Asia,233753,21.0000287,57.0036901,10.528384761701911,103.08333472012376
2001,2001,Import,Oman,37,Photographic or cinematographic goods,Southern Asia,Asia,195,21.0000287,57.0036901,25.499703063807168,75.5024015339642
2001,2001,Import,Oman,37,Photographic or cinematographic goods,Southern Europe,Europe,27938,21.0000287,57.0036901,40.12399607988535,20.742583178432696
2001,2001,Import,Oman,37,Photographic or cinematographic goods,Western Europe,Europe,477838,21.0000287,57.0036901,47.92172048214207,7.866753258497997
2001,2001,Import,Oman,37,Photographic or cinematographic goods,World,World,6444603,21.0000287,57.0036901,,
