yr,periodDesc,rgDesc,rtTitle,ptTitle,cmdCode,cmdDescE,TradeValue,Unnamed: 0,rtLat,rtLon,ptLat,ptLon
1992,1992.0,Export,Oman,World,9.0,"Coffee, tea, mate and spices",809566.0,,21.0000287,57.0036901,-36.8535712,174.7456809
1992,1992.0,Export,Oman,Bahrain,9.0,"Coffee, tea, mate and spices",11235.0,,21.0000287,57.0036901,26.1551249,50.5344606
1992,1992.0,Export,Oman,Iran,9.0,"Coffee, tea, mate and spices",29377.0,,21.0000287,57.0036901,32.6475314,54.5643516
1992,1992.0,Export,Oman,Kuwait,9.0,"Coffee, tea, mate and spices",4369.0,,21.0000287,57.0036901,29.2733964,47.4979476
1992,1992.0,Export,Oman,Qatar,9.0,"Coffee, tea, mate and spices",8192.0,,21.0000287,57.0036901,25.3336984,51.2295295
1992,1992.0,Export,Oman,Saudi Arabia,9.0,"Coffee, tea, mate and spices",197692.0,,21.0000287,57.0036901,25.6242618,42.3528328
1992,1992.0,Export,Oman,United Arab Emirates,9.0,"Coffee, tea, mate and spices",558701.0,,21.0000287,57.0036901,24.0002488,53.9994829
