yr,periodDesc,rgDesc,rtTitle,cmdCode,cmdDescE,Subregion,Region,TradeValue,rtLat,rtLon,ptLon,ptLat
2017,2017,Export,Oman,1,Animals; live,Eastern Europe,Europe,821,21.0000287,57.0036901,51.67568633314729,27.673469819741847
2017,2017,Export,Oman,1,Animals; live,Latin America and the Caribbean,Americas,3035,21.0000287,57.0036901,17.925141963241547,-78.01492950057497
2017,2017,Export,Oman,1,Animals; live,Northern Africa,Africa,252,21.0000287,57.0036901,19.569604022535763,12.47761721199581
2017,2017,Export,Oman,1,Animals; live,Northern America,Americas,40088,21.0000287,57.0036901,43.897683433510366,-100.08947125585888
2017,2017,Export,Oman,1,Animals; live,Northern Europe,Europe,73928,21.0000287,57.0036901,59.36075159783851,25.01346951967388
2017,2017,Export,Oman,1,Animals; live,South-eastern Asia,Asia,116095,21.0000287,57.0036901,10.528384761701911,103.08333472012376
2017,2017,Export,Oman,1,Animals; live,Southern Asia,Asia,18932,21.0000287,57.0036901,25.499703063807168,75.5024015339642
2017,2017,Export,Oman,1,Animals; live,Southern Europe,Europe,1258,21.0000287,57.0036901,40.12399607988535,20.742583178432696
2017,2017,Export,Oman,1,Animals; live,Sub-Saharan Africa,Africa,43687,21.0000287,57.0036901,6.06272746187266,22.727528470146083
2017,2017,Export,Oman,1,Animals; live,Western Europe,Europe,108452,21.0000287,57.0036901,47.92172048214207,7.866753258497997
2017,2017,Export,Oman,1,Animals; live,World,World,66393666,21.0000287,57.0036901,,
