yr,periodDesc,rgDesc,rtTitle,cmdCode,cmdDescE,Subregion,Region,TradeValue,rtLat,rtLon,ptLon,ptLat
2011,2011,Export,Oman,50,Silk,Northern Africa,Africa,7423,21.0000287,57.0036901,19.569604022535763,12.47761721199581
2011,2011,Export,Oman,50,Silk,Western Asia,Asia,955861,21.0000287,57.0036901,26.42921218083572,52.86847103284948
2011,2011,Export,Oman,50,Silk,World,World,1734345,21.0000287,57.0036901,,
