yr,periodDesc,rgDesc,rtTitle,ptTitle,cmdCode,cmdDescE,TradeValue,Unnamed: 0,rtLat,rtLon,ptLat,ptLon
2000,2000.0,Import,Oman,World,26.0,"Ores, slag and ash",88143464.0,,21.0000287,57.0036901,-36.8535712,174.7456809
2000,2000.0,Import,Oman,Australia,26.0,"Ores, slag and ash",9825003.0,,21.0000287,57.0036901,-24.7761086,134.755
2000,2000.0,Import,Oman,Canada,26.0,"Ores, slag and ash",9293.0,,21.0000287,57.0036901,61.0666922,-107.991707
2000,2000.0,Import,Oman,Chile,26.0,"Ores, slag and ash",20313122.0,,21.0000287,57.0036901,-31.7613365,-71.3187697
2000,2000.0,Import,Oman,Georgia,26.0,"Ores, slag and ash",2560780.0,,21.0000287,57.0036901,32.3293809,-83.1137366
2000,2000.0,Import,Oman,Iran,26.0,"Ores, slag and ash",6193919.0,,21.0000287,57.0036901,32.6475314,54.5643516
2000,2000.0,Import,Oman,Italy,26.0,"Ores, slag and ash",2502.0,,21.0000287,57.0036901,42.6384261,12.674297
2000,2000.0,Import,Oman,Japan,26.0,"Ores, slag and ash",7141217.0,,21.0000287,57.0036901,36.5748441,139.2394179
2000,2000.0,Import,Oman,Netherlands,26.0,"Ores, slag and ash",12250.0,,21.0000287,57.0036901,52.2434979,5.6343227
2000,2000.0,Import,Oman,Peru,26.0,"Ores, slag and ash",9336509.0,,21.0000287,57.0036901,-6.8699697,-75.0458515
2000,2000.0,Import,Oman,India,26.0,"Ores, slag and ash",385277.0,,21.0000287,57.0036901,22.3511148,78.6677428
2000,2000.0,Import,Oman,United Arab Emirates,26.0,"Ores, slag and ash",93313.0,,21.0000287,57.0036901,24.0002488,53.9994829
2000,2000.0,Import,Oman,Turkey,26.0,"Ores, slag and ash",4770210.0,,21.0000287,57.0036901,38.9597594,34.9249653
2000,2000.0,Import,Oman,Ukraine,26.0,"Ores, slag and ash",27477501.0,,21.0000287,57.0036901,49.4871968,31.2718321
2000,2000.0,Import,Oman,United Kingdom,26.0,"Ores, slag and ash",21930.0,,21.0000287,57.0036901,54.7023545,-3.2765753
2000,2000.0,Import,Oman,USA,26.0,"Ores, slag and ash",640.0,,21.0000287,57.0036901,39.7837304,-100.445882
