yr,periodDesc,rgDesc,rtTitle,cmdCode,cmdDescE,Subregion,Region,TradeValue,rtLat,rtLon,ptLon,ptLat
2017,2017,Export,Oman,79,Zinc and articles thereof,South-eastern Asia,Asia,13214,21.0000287,57.0036901,10.528384761701911,103.08333472012376
2017,2017,Export,Oman,79,Zinc and articles thereof,Southern Asia,Asia,23693,21.0000287,57.0036901,25.499703063807168,75.5024015339642
2017,2017,Export,Oman,79,Zinc and articles thereof,Southern Europe,Europe,220824,21.0000287,57.0036901,40.12399607988535,20.742583178432696
2017,2017,Export,Oman,79,Zinc and articles thereof,Sub-Saharan Africa,Africa,10819,21.0000287,57.0036901,6.06272746187266,22.727528470146083
2017,2017,Export,Oman,79,Zinc and articles thereof,Western Europe,Europe,465,21.0000287,57.0036901,47.92172048214207,7.866753258497997
2017,2017,Export,Oman,79,Zinc and articles thereof,World,World,2622878,21.0000287,57.0036901,,
2017,2017,Export,Oman,79,Zinc and articles thereof, Qatar, Qatar,949136,21.0000287,57.0036901,,
2017,2017,Export,Oman,79,Zinc and articles thereof, United Arab Emirates, United Arab Emirates,1044330,21.0000287,57.0036901,,
2017,2017,Export,Oman,79,Zinc and articles thereof, Yemen, Yemen,14111,21.0000287,57.0036901,,
