yr,periodDesc,rgDesc,rtTitle,cmdCode,cmdDescE,Subregion,Region,TradeValue,rtLat,rtLon,ptLon,ptLat
2021,2021,Re-Export,Oman,18,Cocoa and cocoa preparations,Northern Africa,Africa,338,21.0000287,57.0036901,19.569604022535763,12.47761721199581
2021,2021,Re-Export,Oman,18,Cocoa and cocoa preparations,South-eastern Asia,Asia,1646,21.0000287,57.0036901,10.528384761701911,103.08333472012376
2021,2021,Re-Export,Oman,18,Cocoa and cocoa preparations,Southern Asia,Asia,186886,21.0000287,57.0036901,25.499703063807168,75.5024015339642
2021,2021,Re-Export,Oman,18,Cocoa and cocoa preparations,Sub-Saharan Africa,Africa,176884,21.0000287,57.0036901,6.06272746187266,22.727528470146083
2021,2021,Re-Export,Oman,18,Cocoa and cocoa preparations,Western Asia,Asia,3789,21.0000287,57.0036901,26.42921218083572,52.86847103284948
2021,2021,Re-Export,Oman,18,Cocoa and cocoa preparations,Western Europe,Europe,286,21.0000287,57.0036901,47.92172048214207,7.866753258497997
2021,2021,Re-Export,Oman,18,Cocoa and cocoa preparations,World,World,10795607,21.0000287,57.0036901,,
