yr,periodDesc,rgDesc,rtTitle,ptTitle,cmdCode,cmdDescE,TradeValue,rtLat,rtLon,ptLat,ptLon
2018,2018,Import,Oman,World,31,Fertilizers,25979456,,,-36.8535712,174.7456809
2018,2018,Import,Oman,Belgium,31,Fertilizers,921263,,,50.6402809,4.6667145
2018,2018,Import,Oman,Sri Lanka,31,Fertilizers,111,,,7.5554942,80.7137847
2018,2018,Import,Oman,China,31,Fertilizers,412642,,,35.000074,104.999927
2018,2018,Import,Oman,Estonia,31,Fertilizers,22130,,,58.7523778,25.3319078
2018,2018,Import,Oman,France,31,Fertilizers,93,,,46.603354,1.8883335
2018,2018,Import,Oman,Germany,31,Fertilizers,120652,,,51.1638175,10.4478313
2018,2018,Import,Oman,Iran,31,Fertilizers,85407,,,32.6475314,54.5643516
2018,2018,Import,Oman,Italy,31,Fertilizers,455799,,,42.6384261,12.674297
2018,2018,Import,Oman,Japan,31,Fertilizers,1589,,,36.5748441,139.2394179
2018,2018,Import,Oman,Jordan,31,Fertilizers,2379211,,,31.1667049,36.941628
2018,2018,Import,Oman,Rep. of Korea,31,Fertilizers,425765,,,,
2018,2018,Import,Oman,Lebanon,31,Fertilizers,6382,,,33.8750629,35.843409
2018,2018,Import,Oman,Luxembourg,31,Fertilizers,59,,,,
2018,2018,Import,Oman,Mexico,31,Fertilizers,12998,,,23.6585116,-102.0077097
2018,2018,Import,Oman,"Other Asia, nes",31,Fertilizers,143511,,,,
2018,2018,Import,Oman,Morocco,31,Fertilizers,117258,,,31.1728205,-7.3362482
2018,2018,Import,Oman,Netherlands,31,Fertilizers,202756,,,52.2434979,5.6343227
2018,2018,Import,Oman,Qatar,31,Fertilizers,2049,,,25.3336984,51.2295295
2018,2018,Import,Oman,Russian Federation,31,Fertilizers,5289,,,64.6863136,97.7453061
2018,2018,Import,Oman,Saudi Arabia,31,Fertilizers,2630374,,,25.6242618,42.3528328
2018,2018,Import,Oman,India,31,Fertilizers,3075635,,,22.3511148,78.6677428
2018,2018,Import,Oman,Viet Nam,31,Fertilizers,192652,,,15.9266657,107.9650855
2018,2018,Import,Oman,Slovenia,31,Fertilizers,15880,,,45.8133113,14.4808369
2018,2018,Import,Oman,Spain,31,Fertilizers,361141,,,39.3260685,-4.8379791
2018,2018,Import,Oman,United Arab Emirates,31,Fertilizers,13628381,,,24.0002488,53.9994829
2018,2018,Import,Oman,Turkey,31,Fertilizers,258171,,,38.9597594,34.9249653
2018,2018,Import,Oman,Egypt,31,Fertilizers,181084,,,26.2540493,29.2675469
2018,2018,Import,Oman,United Kingdom,31,Fertilizers,279518,,,54.7023545,-3.2765753
2018,2018,Import,Oman,USA,31,Fertilizers,41641,,,,
