yr,periodDesc,rgDesc,rtTitle,cmdCode,cmdDescE,Subregion,Region,TradeValue,rtLat,rtLon,ptLon,ptLat
2013,2013,Import,Oman,78,Lead and articles thereof,Eastern Asia,Asia,2640,21.0000287,57.0036901,37.977378106878206,73.97804075806764
2013,2013,Import,Oman,78,Lead and articles thereof,Northern America,Americas,501714,21.0000287,57.0036901,43.897683433510366,-100.08947125585888
2013,2013,Import,Oman,78,Lead and articles thereof,Northern Europe,Europe,22181067,21.0000287,57.0036901,59.36075159783851,25.01346951967388
2013,2013,Import,Oman,78,Lead and articles thereof,South-eastern Asia,Asia,2684226,21.0000287,57.0036901,10.528384761701911,103.08333472012376
2013,2013,Import,Oman,78,Lead and articles thereof,Southern Asia,Asia,244346,21.0000287,57.0036901,25.499703063807168,75.5024015339642
2013,2013,Import,Oman,78,Lead and articles thereof,Western Europe,Europe,12999,21.0000287,57.0036901,47.92172048214207,7.866753258497997
2013,2013,Import,Oman,78,Lead and articles thereof,World,World,27681261,21.0000287,57.0036901,,
