yr,periodDesc,rgDesc,rtTitle,cmdCode,cmdDescE,Subregion,Region,TradeValue,rtLat,rtLon,ptLon,ptLat
2017,2017,Re-Export,Oman,1,Animals; live,Eastern Europe,Europe,520,21.0000287,57.0036901,51.67568633314729,27.673469819741847
2017,2017,Re-Export,Oman,1,Animals; live,Egypt,Egypt,252,21.0000287,57.0036901,,
2017,2017,Re-Export,Oman,1,Animals; live,Northern America,Americas,39568,21.0000287,57.0036901,43.897683433510366,-100.08947125585888
2017,2017,Re-Export,Oman,1,Animals; live,Northern Europe,Europe,1936,21.0000287,57.0036901,59.36075159783851,25.01346951967388
2017,2017,Re-Export,Oman,1,Animals; live,South-eastern Asia,Asia,103970,21.0000287,57.0036901,10.528384761701911,103.08333472012376
2017,2017,Re-Export,Oman,1,Animals; live,Southern Asia,Asia,5799,21.0000287,57.0036901,25.499703063807168,75.5024015339642
2017,2017,Re-Export,Oman,1,Animals; live,Sub-Saharan Africa,Africa,40696,21.0000287,57.0036901,6.06272746187266,22.727528470146083
2017,2017,Re-Export,Oman,1,Animals; live,World,World,4718753,21.0000287,57.0036901,,
2017,2017,Re-Export,Oman,1,Animals; live,Bahrain, Bahrain,2363190,21.0000287,57.0036901,,
2017,2017,Re-Export,Oman,1,Animals; live,Cyprus, Cyprus,330,21.0000287,57.0036901,,
2017,2017,Re-Export,Oman,1,Animals; live,Georgia, Georgia,202,21.0000287,57.0036901,,
2017,2017,Re-Export,Oman,1,Animals; live,Kuwait, Kuwait,391833,21.0000287,57.0036901,,
2017,2017,Re-Export,Oman,1,Animals; live,Qatar, Qatar,1478119,21.0000287,57.0036901,,
2017,2017,Re-Export,Oman,1,Animals; live,Saudi Arabia, Saudi Arabia,70993,21.0000287,57.0036901,,
2017,2017,Re-Export,Oman,1,Animals; live,United Arab Emirates, United Arab Emirates,168374,21.0000287,57.0036901,,
2017,2017,Re-Export,Oman,1,Animals; live,Yemen, Yemen,52832,21.0000287,57.0036901,,
