yr,periodDesc,rgDesc,rtTitle,ptTitle,cmdCode,cmdDescE,TradeValue,Unnamed: 0,rtLat,rtLon,ptLat,ptLon
1996,1996.0,Import,Oman,World,26.0,"Ores, slag and ash",55564816.0,,21.0000287,57.0036901,-36.8535712,174.7456809
1996,1996.0,Import,Oman,Australia,26.0,"Ores, slag and ash",11517241.0,,21.0000287,57.0036901,-24.7761086,134.755
1996,1996.0,Import,Oman,Belgium-Luxembourg,26.0,"Ores, slag and ash",9378.0,,21.0000287,57.0036901,49.96379985,5.439803941614714
1996,1996.0,Import,Oman,Bulgaria,26.0,"Ores, slag and ash",1002388.0,,21.0000287,57.0036901,42.6073975,25.4856617
1996,1996.0,Import,Oman,Chile,26.0,"Ores, slag and ash",38327996.0,,21.0000287,57.0036901,-31.7613365,-71.3187697
1996,1996.0,Import,Oman,France,26.0,"Ores, slag and ash",50965.0,,21.0000287,57.0036901,46.603354,1.8883335
1996,1996.0,Import,Oman,Germany,26.0,"Ores, slag and ash",26340.0,,21.0000287,57.0036901,51.1638175,10.4478313
1996,1996.0,Import,Oman,Iran,26.0,"Ores, slag and ash",160437.0,,21.0000287,57.0036901,32.6475314,54.5643516
1996,1996.0,Import,Oman,Japan,26.0,"Ores, slag and ash",2812750.0,,21.0000287,57.0036901,36.5748441,139.2394179
1996,1996.0,Import,Oman,Rep. of Korea,26.0,"Ores, slag and ash",1422.0,,21.0000287,57.0036901,,
1996,1996.0,Import,Oman,Netherlands,26.0,"Ores, slag and ash",18307.0,,21.0000287,57.0036901,52.2434979,5.6343227
1996,1996.0,Import,Oman,Saudi Arabia,26.0,"Ores, slag and ash",43943.0,,21.0000287,57.0036901,25.6242618,42.3528328
1996,1996.0,Import,Oman,India,26.0,"Ores, slag and ash",227122.0,,21.0000287,57.0036901,22.3511148,78.6677428
1996,1996.0,Import,Oman,United Arab Emirates,26.0,"Ores, slag and ash",89485.0,,21.0000287,57.0036901,24.0002488,53.9994829
1996,1996.0,Import,Oman,Turkey,26.0,"Ores, slag and ash",1253943.0,,21.0000287,57.0036901,38.9597594,34.9249653
1996,1996.0,Import,Oman,United Kingdom,26.0,"Ores, slag and ash",23096.0,,21.0000287,57.0036901,54.7023545,-3.2765753
