yr,periodDesc,rgDesc,rtTitle,ptTitle,cmdCode,cmdDescE,TradeValue,rtLat,rtLon,ptLat,ptLon
2021,2021,Import,Oman,World,52,Cotton,34522429,,,-36.8535712,174.7456809
2021,2021,Import,Oman,Bahrain,52,Cotton,2130,,,26.1551249,50.5344606
2021,2021,Import,Oman,Bangladesh,52,Cotton,13053,,,24.4769288,90.2934413
2021,2021,Import,Oman,Belgium,52,Cotton,25042,,,50.6402809,4.6667145
2021,2021,Import,Oman,Sri Lanka,52,Cotton,27581,,,7.5554942,80.7137847
2021,2021,Import,Oman,China,52,Cotton,639040,,,35.000074,104.999927
2021,2021,Import,Oman,France,52,Cotton,16970,,,46.603354,1.8883335
2021,2021,Import,Oman,Germany,52,Cotton,24488,,,51.1638175,10.4478313
2021,2021,Import,Oman,Greece,52,Cotton,13,,,38.9953683,21.9877132
2021,2021,Import,Oman,Indonesia,52,Cotton,582,,,-2.4833826,117.8902853
2021,2021,Import,Oman,Iran,52,Cotton,3505,,,32.6475314,54.5643516
2021,2021,Import,Oman,Italy,52,Cotton,27412,,,42.6384261,12.674297
2021,2021,Import,Oman,Japan,52,Cotton,140,,,36.5748441,139.2394179
2021,2021,Import,Oman,Lebanon,52,Cotton,12759,,,33.8750629,35.843409
2021,2021,Import,Oman,Luxembourg,52,Cotton,13342,,,,
2021,2021,Import,Oman,Netherlands,52,Cotton,71308,,,52.2434979,5.6343227
2021,2021,Import,Oman,Pakistan,52,Cotton,392980,,,30.3308401,71.247499
2021,2021,Import,Oman,Qatar,52,Cotton,87953,,,25.3336984,51.2295295
2021,2021,Import,Oman,Saudi Arabia,52,Cotton,49381,,,25.6242618,42.3528328
2021,2021,Import,Oman,India,52,Cotton,29196827,,,22.3511148,78.6677428
2021,2021,Import,Oman,Singapore,52,Cotton,106907,,,1.357107,103.8194992
2021,2021,Import,Oman,Spain,52,Cotton,892,,,39.3260685,-4.8379791
2021,2021,Import,Oman,Thailand,52,Cotton,46114,,,14.8971921,100.83273
2021,2021,Import,Oman,United Arab Emirates,52,Cotton,3622564,,,24.0002488,53.9994829
2021,2021,Import,Oman,Turkey,52,Cotton,102163,,,38.9597594,34.9249653
2021,2021,Import,Oman,United Kingdom,52,Cotton,37518,,,54.7023545,-3.2765753
2021,2021,Import,Oman,United Rep. of Tanzania,52,Cotton,520,,,,
2021,2021,Import,Oman,USA,52,Cotton,2,,,,
2021,2021,Import,Oman,Yemen,52,Cotton,1232,,,16.3471243,47.8915271
