yr,periodDesc,rgDesc,rtTitle,cmdCode,cmdDescE,Subregion,Region,TradeValue,rtLat,rtLon,ptLon,ptLat
2017,2017,Re-Export,Oman,74,Copper and articles thereof,Eastern Asia,Asia,1089,21.0000287,57.0036901,37.977378106878206,73.97804075806764
2017,2017,Re-Export,Oman,74,Copper and articles thereof,Eastern Europe,Europe,1752,21.0000287,57.0036901,51.67568633314729,27.673469819741847
2017,2017,Re-Export,Oman,74,Copper and articles thereof,Northern Europe,Europe,9994,21.0000287,57.0036901,59.36075159783851,25.01346951967388
2017,2017,Re-Export,Oman,74,Copper and articles thereof,South-eastern Asia,Asia,553,21.0000287,57.0036901,10.528384761701911,103.08333472012376
2017,2017,Re-Export,Oman,74,Copper and articles thereof,Southern Asia,Asia,93,21.0000287,57.0036901,25.499703063807168,75.5024015339642
2017,2017,Re-Export,Oman,74,Copper and articles thereof,Southern Europe,Europe,31,21.0000287,57.0036901,40.12399607988535,20.742583178432696
2017,2017,Re-Export,Oman,74,Copper and articles thereof,Western Asia,Asia,182,21.0000287,57.0036901,26.42921218083572,52.86847103284948
2017,2017,Re-Export,Oman,74,Copper and articles thereof,Western Europe,Europe,137011,21.0000287,57.0036901,47.92172048214207,7.866753258497997
2017,2017,Re-Export,Oman,74,Copper and articles thereof,World,World,4512998,21.0000287,57.0036901,,
