yr,periodDesc,rgDesc,rtTitle,cmdCode,cmdDescE,Subregion,Region,TradeValue,rtLat,rtLon,ptLon,ptLat
1995,1995,Export,Oman,40,Rubber and articles thereof,Eastern Asia,Asia,1300,21.0000287,57.0036901,37.977378106878206,73.97804075806764
1995,1995,Export,Oman,40,Rubber and articles thereof,Southern Asia,Asia,32862,21.0000287,57.0036901,25.499703063807168,75.5024015339642
1995,1995,Export,Oman,40,Rubber and articles thereof,Sub-Saharan Africa,Africa,7220062,21.0000287,57.0036901,6.06272746187266,22.727528470146083
1995,1995,Export,Oman,40,Rubber and articles thereof,Western Europe,Europe,16280,21.0000287,57.0036901,47.92172048214207,7.866753258497997
1995,1995,Export,Oman,40,Rubber and articles thereof,World,World,22377168,21.0000287,57.0036901,,
