yr,periodDesc,rgDesc,rtTitle,ptTitle,cmdCode,cmdDescE,TradeValue,Unnamed: 0,rtLat,rtLon,ptLat,ptLon
2008,2008.0,Import,Oman,World,52.0,Cotton,8331770.0,,21.0000287,57.0036901,-36.8535712,174.7456809
2008,2008.0,Import,Oman,Belgium,52.0,Cotton,50655.0,,21.0000287,57.0036901,50.6402809,4.6667145
2008,2008.0,Import,Oman,China,52.0,Cotton,423605.0,,21.0000287,57.0036901,35.000074,104.999927
2008,2008.0,Import,Oman,France,52.0,Cotton,36832.0,,21.0000287,57.0036901,46.603354,1.8883335
2008,2008.0,Import,Oman,Germany,52.0,Cotton,21319.0,,21.0000287,57.0036901,51.1638175,10.4478313
2008,2008.0,Import,Oman,"China, Hong Kong SAR",52.0,Cotton,25717.0,,21.0000287,57.0036901,22.350627,114.1849161
2008,2008.0,Import,Oman,Indonesia,52.0,Cotton,274538.0,,21.0000287,57.0036901,-2.4833826,117.8902853
2008,2008.0,Import,Oman,Italy,52.0,Cotton,418383.0,,21.0000287,57.0036901,42.6384261,12.674297
2008,2008.0,Import,Oman,Rep. of Korea,52.0,Cotton,13740.0,,21.0000287,57.0036901,,
2008,2008.0,Import,Oman,Lebanon,52.0,Cotton,2078.0,,21.0000287,57.0036901,33.8750629,35.843409
2008,2008.0,Import,Oman,"Other Asia, nes",52.0,Cotton,1196.0,,21.0000287,57.0036901,,
2008,2008.0,Import,Oman,Netherlands,52.0,Cotton,18351.0,,21.0000287,57.0036901,52.2434979,5.6343227
2008,2008.0,Import,Oman,Norway,52.0,Cotton,2593.0,,21.0000287,57.0036901,60.5000209,9.0999715
2008,2008.0,Import,Oman,Pakistan,52.0,Cotton,932003.0,,21.0000287,57.0036901,30.3308401,71.247499
2008,2008.0,Import,Oman,Qatar,52.0,Cotton,450.0,,21.0000287,57.0036901,25.3336984,51.2295295
2008,2008.0,Import,Oman,Saudi Arabia,52.0,Cotton,182.0,,21.0000287,57.0036901,25.6242618,42.3528328
2008,2008.0,Import,Oman,India,52.0,Cotton,1937065.0,,21.0000287,57.0036901,22.3511148,78.6677428
2008,2008.0,Import,Oman,Spain,52.0,Cotton,1584.0,,21.0000287,57.0036901,39.3260685,-4.8379791
2008,2008.0,Import,Oman,Switzerland,52.0,Cotton,20757.0,,21.0000287,57.0036901,46.7985624,8.2319736
2008,2008.0,Import,Oman,Thailand,52.0,Cotton,145222.0,,21.0000287,57.0036901,14.8971921,100.83273
2008,2008.0,Import,Oman,United Arab Emirates,52.0,Cotton,3737555.0,,21.0000287,57.0036901,24.0002488,53.9994829
2008,2008.0,Import,Oman,Turkey,52.0,Cotton,111626.0,,21.0000287,57.0036901,38.9597594,34.9249653
2008,2008.0,Import,Oman,United Kingdom,52.0,Cotton,147529.0,,21.0000287,57.0036901,54.7023545,-3.2765753
2008,2008.0,Import,Oman,USA,52.0,Cotton,8791.0,,21.0000287,57.0036901,39.7837304,-100.445882
