yr,periodDesc,rgDesc,rtTitle,cmdCode,cmdDescE,Subregion,Region,TradeValue,rtLat,rtLon,ptLon,ptLat
2007,2007,Import,Oman,75,Nickel and articles thereof,Australia and New Zealand,Oceania,109534,21.0000287,57.0036901,-16.85099460447687,133.4130365630627
2007,2007,Import,Oman,75,Nickel and articles thereof,Eastern Asia,Asia,40554,21.0000287,57.0036901,37.977378106878206,73.97804075806764
2007,2007,Import,Oman,75,Nickel and articles thereof,Northern America,Americas,48003,21.0000287,57.0036901,43.897683433510366,-100.08947125585888
2007,2007,Import,Oman,75,Nickel and articles thereof,Northern Europe,Europe,685459,21.0000287,57.0036901,59.36075159783851,25.01346951967388
2007,2007,Import,Oman,75,Nickel and articles thereof,South-eastern Asia,Asia,44351,21.0000287,57.0036901,10.528384761701911,103.08333472012376
2007,2007,Import,Oman,75,Nickel and articles thereof,Southern Europe,Europe,53532,21.0000287,57.0036901,40.12399607988535,20.742583178432696
2007,2007,Import,Oman,75,Nickel and articles thereof,Western Asia,Asia,2031,21.0000287,57.0036901,26.42921218083572,52.86847103284948
2007,2007,Import,Oman,75,Nickel and articles thereof,Western Europe,Europe,131441,21.0000287,57.0036901,47.92172048214207,7.866753258497997
2007,2007,Import,Oman,75,Nickel and articles thereof,World,World,2279677,21.0000287,57.0036901,,
