yr,periodDesc,rgDesc,rtTitle,ptTitle,cmdCode,cmdDescE,TradeValue,Unnamed: 0,rtLat,rtLon,ptLat,ptLon
2003,2003.0,Import,Oman,World,52.0,Cotton,2985441.0,,21.0000287,57.0036901,-36.8535712,174.7456809
2003,2003.0,Import,Oman,Bahrain,52.0,Cotton,85438.0,,21.0000287,57.0036901,26.1551249,50.5344606
2003,2003.0,Import,Oman,Bangladesh,52.0,Cotton,2583.0,,21.0000287,57.0036901,24.4769288,90.2934413
2003,2003.0,Import,Oman,Sri Lanka,52.0,Cotton,29464.0,,21.0000287,57.0036901,7.5554942,80.7137847
2003,2003.0,Import,Oman,Germany,52.0,Cotton,17139.0,,21.0000287,57.0036901,51.1638175,10.4478313
2003,2003.0,Import,Oman,"China, Hong Kong SAR",52.0,Cotton,41391.0,,21.0000287,57.0036901,22.350627,114.1849161
2003,2003.0,Import,Oman,Jordan,52.0,Cotton,617560.0,,21.0000287,57.0036901,31.1667049,36.941628
2003,2003.0,Import,Oman,Kenya,52.0,Cotton,38866.0,,21.0000287,57.0036901,1.4419683,38.4313975
2003,2003.0,Import,Oman,Pakistan,52.0,Cotton,728843.0,,21.0000287,57.0036901,30.3308401,71.247499
2003,2003.0,Import,Oman,Saudi Arabia,52.0,Cotton,3589.0,,21.0000287,57.0036901,25.6242618,42.3528328
2003,2003.0,Import,Oman,India,52.0,Cotton,617508.0,,21.0000287,57.0036901,22.3511148,78.6677428
2003,2003.0,Import,Oman,Fmr Sudan,52.0,Cotton,191555.0,,21.0000287,57.0036901,18.046398,34.41288
2003,2003.0,Import,Oman,Thailand,52.0,Cotton,101927.0,,21.0000287,57.0036901,14.8971921,100.83273
2003,2003.0,Import,Oman,United Arab Emirates,52.0,Cotton,411129.0,,21.0000287,57.0036901,24.0002488,53.9994829
2003,2003.0,Import,Oman,United Kingdom,52.0,Cotton,24562.0,,21.0000287,57.0036901,54.7023545,-3.2765753
2003,2003.0,Import,Oman,USA,52.0,Cotton,73886.0,,21.0000287,57.0036901,39.7837304,-100.445882
