yr,periodDesc,rgDesc,rtTitle,cmdCode,cmdDescE,Subregion,Region,TradeValue,rtLat,rtLon,ptLon,ptLat
2019,2019,Export,Oman,69,Ceramic products,Australia and New Zealand,Oceania,11895,21.0000287,57.0036901,-16.85099460447687,133.4130365630627
2019,2019,Export,Oman,69,Ceramic products,Eastern Asia,Asia,29874,21.0000287,57.0036901,37.977378106878206,73.97804075806764
2019,2019,Export,Oman,69,Ceramic products,Northern Africa,Africa,58067,21.0000287,57.0036901,19.569604022535763,12.47761721199581
2019,2019,Export,Oman,69,Ceramic products,Northern America,Americas,153459,21.0000287,57.0036901,43.897683433510366,-100.08947125585888
2019,2019,Export,Oman,69,Ceramic products,Northern Europe,Europe,658793,21.0000287,57.0036901,59.36075159783851,25.01346951967388
2019,2019,Export,Oman,69,Ceramic products,South-eastern Asia,Asia,107323,21.0000287,57.0036901,10.528384761701911,103.08333472012376
2019,2019,Export,Oman,69,Ceramic products,Southern Asia,Asia,125396,21.0000287,57.0036901,25.499703063807168,75.5024015339642
2019,2019,Export,Oman,69,Ceramic products,Sub-Saharan Africa,Africa,573395,21.0000287,57.0036901,6.06272746187266,22.727528470146083
2019,2019,Export,Oman,69,Ceramic products,Western Asia,Asia,1929,21.0000287,57.0036901,26.42921218083572,52.86847103284948
2019,2019,Export,Oman,69,Ceramic products,Western Europe,Europe,147026,21.0000287,57.0036901,47.92172048214207,7.866753258497997
2019,2019,Export,Oman,69,Ceramic products,World,World,20604911,21.0000287,57.0036901,,
