yr,periodDesc,rgDesc,rtTitle,cmdCode,cmdDescE,Subregion,Region,TradeValue,rtLat,rtLon,ptLon,ptLat
2012,2012,Import,Oman,50,Silk,Eastern Asia,Asia,187292,21.0000287,57.0036901,37.977378106878206,73.97804075806764
2012,2012,Import,Oman,50,Silk,Northern Europe,Europe,235449,21.0000287,57.0036901,59.36075159783851,25.01346951967388
2012,2012,Import,Oman,50,Silk,Southern Europe,Europe,1488,21.0000287,57.0036901,40.12399607988535,20.742583178432696
2012,2012,Import,Oman,50,Silk,Western Europe,Europe,17729,21.0000287,57.0036901,47.92172048214207,7.866753258497997
2012,2012,Import,Oman,50,Silk,World,World,3584044,21.0000287,57.0036901,,
2012,2012,Import,Oman,50,Silk,Pakistan, Pakistan,4681,21.0000287,57.0036901,,
2012,2012,Import,Oman,50,Silk,United Arab Emirates, United Arab Emirates,2282195,21.0000287,57.0036901,,
