yr,periodDesc,rgDesc,rtTitle,cmdCode,cmdDescE,Subregion,Region,TradeValue,rtLat,rtLon,ptLon,ptLat
2010,2010,Export,Oman,31,Fertilizers,Australia and New Zealand,Oceania,15665332,21.0000287,57.0036901,-16.85099460447687,133.4130365630627
2010,2010,Export,Oman,31,Fertilizers,Eastern Asia,Asia,5620237,21.0000287,57.0036901,37.977378106878206,73.97804075806764
2010,2010,Export,Oman,31,Fertilizers,Latin America and the Caribbean,Americas,26092855,21.0000287,57.0036901,17.925141963241547,-78.01492950057497
2010,2010,Export,Oman,31,Fertilizers,Northern America,Americas,160863248,21.0000287,57.0036901,43.897683433510366,-100.08947125585888
2010,2010,Export,Oman,31,Fertilizers,South-eastern Asia,Asia,42318800,21.0000287,57.0036901,10.528384761701911,103.08333472012376
2010,2010,Export,Oman,31,Fertilizers,Southern Asia,Asia,1633374,21.0000287,57.0036901,25.499703063807168,75.5024015339642
2010,2010,Export,Oman,31,Fertilizers,Sub-Saharan Africa,Africa,4562869,21.0000287,57.0036901,6.06272746187266,22.727528470146083
2010,2010,Export,Oman,31,Fertilizers,Western Europe,Europe,18680504,21.0000287,57.0036901,47.92172048214207,7.866753258497997
2010,2010,Export,Oman,31,Fertilizers,World,World,776811648,21.0000287,57.0036901,,
