yr,periodDesc,rgDesc,rtTitle,ptTitle,cmdCode,cmdDescE,TradeValue,Unnamed: 0,rtLat,rtLon,ptLat,ptLon
2021,2021.0,Import,Oman,World,50.0,Silk,1568023.0,,21.0000287,57.0036901,-36.8535712,174.7456809
2021,2021.0,Import,Oman,China,50.0,Silk,134270.0,,21.0000287,57.0036901,35.000074,104.999927
2021,2021.0,Import,Oman,France,50.0,Silk,2840.0,,21.0000287,57.0036901,46.603354,1.8883335
2021,2021.0,Import,Oman,Iran,50.0,Silk,252.0,,21.0000287,57.0036901,32.6475314,54.5643516
2021,2021.0,Import,Oman,Italy,50.0,Silk,50059.0,,21.0000287,57.0036901,42.6384261,12.674297
2021,2021.0,Import,Oman,Lebanon,50.0,Silk,1851.0,,21.0000287,57.0036901,33.8750629,35.843409
2021,2021.0,Import,Oman,Pakistan,50.0,Silk,41206.0,,21.0000287,57.0036901,30.3308401,71.247499
2021,2021.0,Import,Oman,Qatar,50.0,Silk,8577.0,,21.0000287,57.0036901,25.3336984,51.2295295
2021,2021.0,Import,Oman,India,50.0,Silk,168228.0,,21.0000287,57.0036901,22.3511148,78.6677428
2021,2021.0,Import,Oman,United Arab Emirates,50.0,Silk,1155295.0,,21.0000287,57.0036901,24.0002488,53.9994829
2021,2021.0,Import,Oman,Turkey,50.0,Silk,2512.0,,21.0000287,57.0036901,38.9597594,34.9249653
2021,2021.0,Import,Oman,Egypt,50.0,Silk,20.0,,21.0000287,57.0036901,26.2540493,29.2675469
2021,2021.0,Import,Oman,United Kingdom,50.0,Silk,2605.0,,21.0000287,57.0036901,54.7023545,-3.2765753
2021,2021.0,Import,Oman,USA,50.0,Silk,301.0,,21.0000287,57.0036901,39.7837304,-100.445882
