yr,periodDesc,rgDesc,rtTitle,cmdCode,cmdDescE,Subregion,Region,TradeValue,rtLat,rtLon,ptLon,ptLat
2020,2020,Import,Oman,97,Works of art; collectors' pieces and antiques,Eastern Asia,Asia,85224,21.0000287,57.0036901,37.977378106878206,73.97804075806764
2020,2020,Import,Oman,97,Works of art; collectors' pieces and antiques,Northern Africa,Africa,5154,21.0000287,57.0036901,19.569604022535763,12.47761721199581
2020,2020,Import,Oman,97,Works of art; collectors' pieces and antiques,Northern America,Americas,19356,21.0000287,57.0036901,43.897683433510366,-100.08947125585888
2020,2020,Import,Oman,97,Works of art; collectors' pieces and antiques,Northern Europe,Europe,71375,21.0000287,57.0036901,59.36075159783851,25.01346951967388
2020,2020,Import,Oman,97,Works of art; collectors' pieces and antiques,South-eastern Asia,Asia,688869,21.0000287,57.0036901,10.528384761701911,103.08333472012376
2020,2020,Import,Oman,97,Works of art; collectors' pieces and antiques,Southern Asia,Asia,4200,21.0000287,57.0036901,25.499703063807168,75.5024015339642
2020,2020,Import,Oman,97,Works of art; collectors' pieces and antiques,Western Asia,Asia,159666,21.0000287,57.0036901,26.42921218083572,52.86847103284948
2020,2020,Import,Oman,97,Works of art; collectors' pieces and antiques,Western Europe,Europe,9315,21.0000287,57.0036901,47.92172048214207,7.866753258497997
2020,2020,Import,Oman,97,Works of art; collectors' pieces and antiques,World,World,1677157,21.0000287,57.0036901,,
