yr,periodDesc,rgDesc,rtTitle,cmdCode,cmdDescE,Subregion,Region,TradeValue,rtLat,rtLon,ptLon,ptLat
2012,2012,Export,Oman,31,Fertilizers,Australia and New Zealand,Oceania,13754636,21.0000287,57.0036901,-16.85099460447687,133.4130365630627
2012,2012,Export,Oman,31,Fertilizers,Latin America and the Caribbean,Americas,14502659,21.0000287,57.0036901,17.925141963241547,-78.01492950057497
2012,2012,Export,Oman,31,Fertilizers,Northern America,Americas,476110194,21.0000287,57.0036901,43.897683433510366,-100.08947125585888
2012,2012,Export,Oman,31,Fertilizers,South-eastern Asia,Asia,13748394,21.0000287,57.0036901,10.528384761701911,103.08333472012376
2012,2012,Export,Oman,31,Fertilizers,Sub-Saharan Africa,Africa,25581316,21.0000287,57.0036901,6.06272746187266,22.727528470146083
2012,2012,Export,Oman,31,Fertilizers,World,World,990795123,21.0000287,57.0036901,,
2012,2012,Export,Oman,31,Fertilizers,Kuwait, Kuwait,53186,21.0000287,57.0036901,,
2012,2012,Export,Oman,31,Fertilizers,Pakistan, Pakistan,93217,21.0000287,57.0036901,,
2012,2012,Export,Oman,31,Fertilizers,United Arab Emirates, United Arab Emirates,133495,21.0000287,57.0036901,,
