yr,periodDesc,rgDesc,rtTitle,cmdCode,cmdDescE,Subregion,Region,TradeValue,rtLat,rtLon,ptLon,ptLat
2005,2005,Import,Pakistan,45,Cork and articles of cork,Central Asia,Asia,1376,30.3308401,71.247499,39.89317229901691,61.060280637304274
2005,2005,Import,Pakistan,45,Cork and articles of cork,Eastern Asia,Asia,34552,30.3308401,71.247499,37.977378106878206,73.97804075806764
2005,2005,Import,Pakistan,45,Cork and articles of cork,Northern America,Americas,2673,30.3308401,71.247499,43.897683433510366,-100.08947125585888
2005,2005,Import,Pakistan,45,Cork and articles of cork,Northern Europe,Europe,4882,30.3308401,71.247499,59.36075159783851,25.01346951967388
2005,2005,Import,Pakistan,45,Cork and articles of cork,Southern Europe,Europe,98842,30.3308401,71.247499,40.12399607988535,20.742583178432696
2005,2005,Import,Pakistan,45,Cork and articles of cork,Western Europe,Europe,2062,30.3308401,71.247499,47.92172048214207,7.866753258497997
2005,2005,Import,Pakistan,45,Cork and articles of cork,World,World,206331,30.3308401,71.247499,,
