yr,periodDesc,rgDesc,rtTitle,ptTitle,cmdCode,cmdDescE,TradeValue,Unnamed: 0,rtLat,rtLon,ptLat,ptLon
2007,2007.0,Re-Export,Pakistan,World,72.0,Iron and steel,241182.0,,30.3308401,71.247499,-36.8535712,174.7456809
2007,2007.0,Re-Export,Pakistan,Germany,72.0,Iron and steel,84.0,,30.3308401,71.247499,51.1638175,10.4478313
2007,2007.0,Re-Export,Pakistan,Malaysia,72.0,Iron and steel,18811.0,,30.3308401,71.247499,4.5693754,102.2656823
2007,2007.0,Re-Export,Pakistan,India,72.0,Iron and steel,216455.0,,30.3308401,71.247499,22.3511148,78.6677428
2007,2007.0,Re-Export,Pakistan,United Arab Emirates,72.0,Iron and steel,5811.0,,30.3308401,71.247499,24.0002488,53.9994829
2007,2007.0,Re-Export,Pakistan,Turkey,72.0,Iron and steel,22.0,,30.3308401,71.247499,38.9597594,34.9249653
