yr,periodDesc,rgDesc,rtTitle,cmdCode,cmdDescE,Subregion,Region,TradeValue,rtLat,rtLon,ptLon,ptLat
2013,2013,Import,Pakistan,60,Fabrics; knitted or crocheted,Central Asia,Asia,13,30.3308401,71.247499,39.89317229901691,61.060280637304274
2013,2013,Import,Pakistan,60,Fabrics; knitted or crocheted,Eastern Asia,Asia,37610270,30.3308401,71.247499,37.977378106878206,73.97804075806764
2013,2013,Import,Pakistan,60,Fabrics; knitted or crocheted,Eastern Europe,Europe,3300,30.3308401,71.247499,51.67568633314729,27.673469819741847
2013,2013,Import,Pakistan,60,Fabrics; knitted or crocheted,Latin America and the Caribbean,Americas,24537,30.3308401,71.247499,17.925141963241547,-78.01492950057497
2013,2013,Import,Pakistan,60,Fabrics; knitted or crocheted,Northern America,Americas,25845,30.3308401,71.247499,43.897683433510366,-100.08947125585888
2013,2013,Import,Pakistan,60,Fabrics; knitted or crocheted,Northern Europe,Europe,35750,30.3308401,71.247499,59.36075159783851,25.01346951967388
2013,2013,Import,Pakistan,60,Fabrics; knitted or crocheted,South-eastern Asia,Asia,797253,30.3308401,71.247499,10.528384761701911,103.08333472012376
2013,2013,Import,Pakistan,60,Fabrics; knitted or crocheted,Southern Asia,Asia,17392,30.3308401,71.247499,25.499703063807168,75.5024015339642
2013,2013,Import,Pakistan,60,Fabrics; knitted or crocheted,Southern Europe,Europe,178792,30.3308401,71.247499,40.12399607988535,20.742583178432696
2013,2013,Import,Pakistan,60,Fabrics; knitted or crocheted,Western Asia,Asia,79433,30.3308401,71.247499,26.42921218083572,52.86847103284948
2013,2013,Import,Pakistan,60,Fabrics; knitted or crocheted,Western Europe,Europe,162566,30.3308401,71.247499,47.92172048214207,7.866753258497997
2013,2013,Import,Pakistan,60,Fabrics; knitted or crocheted,World,World,41015816,30.3308401,71.247499,,
