yr,periodDesc,rgDesc,rtTitle,cmdCode,cmdDescE,Subregion,Region,TradeValue,rtLat,rtLon,ptLon,ptLat
2018,2018,Export,Pakistan,10,Cereals,Australia and New Zealand,Oceania,20070657,30.3308401,71.247499,-16.85099460447687,133.4130365630627
2018,2018,Export,Pakistan,10,Cereals,Central Asia,Asia,68764563,30.3308401,71.247499,39.89317229901691,61.060280637304274
2018,2018,Export,Pakistan,10,Cereals,Eastern Asia,Asia,164671313,30.3308401,71.247499,37.977378106878206,73.97804075806764
2018,2018,Export,Pakistan,10,Cereals,Eastern Europe,Europe,37675954,30.3308401,71.247499,51.67568633314729,27.673469819741847
2018,2018,Export,Pakistan,10,Cereals,Latin America and the Caribbean,Americas,2353428,30.3308401,71.247499,17.925141963241547,-78.01492950057497
2018,2018,Export,Pakistan,10,Cereals,Melanesia,Oceania,2659,30.3308401,71.247499,1.0108650891006263,147.3257485906919
2018,2018,Export,Pakistan,10,Cereals,Northern Africa,Africa,1614634,30.3308401,71.247499,19.569604022535763,12.47761721199581
2018,2018,Export,Pakistan,10,Cereals,Northern America,Americas,33973032,30.3308401,71.247499,43.897683433510366,-100.08947125585888
2018,2018,Export,Pakistan,10,Cereals,Northern Europe,Europe,113540865,30.3308401,71.247499,59.36075159783851,25.01346951967388
2018,2018,Export,Pakistan,10,Cereals,South-eastern Asia,Asia,313672912,30.3308401,71.247499,10.528384761701911,103.08333472012376
2018,2018,Export,Pakistan,10,Cereals,Southern Asia,Asia,180798725,30.3308401,71.247499,25.499703063807168,75.5024015339642
2018,2018,Export,Pakistan,10,Cereals,Southern Europe,Europe,80786400,30.3308401,71.247499,40.12399607988535,20.742583178432696
2018,2018,Export,Pakistan,10,Cereals,Sub-Saharan Africa,Africa,610009839,30.3308401,71.247499,6.06272746187266,22.727528470146083
2018,2018,Export,Pakistan,10,Cereals,Western Asia,Asia,2175849,30.3308401,71.247499,26.42921218083572,52.86847103284948
2018,2018,Export,Pakistan,10,Cereals,Western Europe,Europe,140908176,30.3308401,71.247499,47.92172048214207,7.866753258497997
2018,2018,Export,Pakistan,10,Cereals,World,World,2325637400,30.3308401,71.247499,,
