yr,periodDesc,rgDesc,rtTitle,ptTitle,cmdCode,cmdDescE,TradeValue,Unnamed: 0,rtLat,rtLon,ptLat,ptLon
2018,2018.0,Re-Import,Pakistan,World,70.0,Glass and glassware,768463.0,,30.3308401,71.247499,-36.8535712,174.7456809
2018,2018.0,Re-Import,Pakistan,China,70.0,Glass and glassware,653182.0,,30.3308401,71.247499,35.000074,104.999927
2018,2018.0,Re-Import,Pakistan,France,70.0,Glass and glassware,6919.0,,30.3308401,71.247499,46.603354,1.8883335
2018,2018.0,Re-Import,Pakistan,"China, Hong Kong SAR",70.0,Glass and glassware,6362.0,,30.3308401,71.247499,22.350627,114.1849161
2018,2018.0,Re-Import,Pakistan,Rep. of Korea,70.0,Glass and glassware,11923.0,,30.3308401,71.247499,,
2018,2018.0,Re-Import,Pakistan,"Other Asia, nes",70.0,Glass and glassware,10437.0,,30.3308401,71.247499,,
2018,2018.0,Re-Import,Pakistan,Oman,70.0,Glass and glassware,45369.0,,30.3308401,71.247499,21.0000287,57.0036901
2018,2018.0,Re-Import,Pakistan,India,70.0,Glass and glassware,22546.0,,30.3308401,71.247499,22.3511148,78.6677428
2018,2018.0,Re-Import,Pakistan,United Arab Emirates,70.0,Glass and glassware,11722.0,,30.3308401,71.247499,24.0002488,53.9994829
