yr,periodDesc,rgDesc,rtTitle,cmdCode,cmdDescE,Subregion,Region,TradeValue,rtLat,rtLon,ptLon,ptLat
2017,2017,Import,Pakistan,80,Tin; articles thereof,Eastern Asia,Asia,70311,30.3308401,71.247499,37.977378106878206,73.97804075806764
2017,2017,Import,Pakistan,80,Tin; articles thereof,Northern America,Americas,1816,30.3308401,71.247499,43.897683433510366,-100.08947125585888
2017,2017,Import,Pakistan,80,Tin; articles thereof,South-eastern Asia,Asia,5841093,30.3308401,71.247499,10.528384761701911,103.08333472012376
2017,2017,Import,Pakistan,80,Tin; articles thereof,Western Europe,Europe,43209,30.3308401,71.247499,47.92172048214207,7.866753258497997
2017,2017,Import,Pakistan,80,Tin; articles thereof,World,World,5981092,30.3308401,71.247499,,
