yr,periodDesc,rgDesc,rtTitle,cmdCode,cmdDescE,Subregion,Region,TradeValue,rtLat,rtLon,ptLon,ptLat
2014,2014,Import,Pakistan,60,Fabrics; knitted or crocheted,Eastern Asia,Asia,70047743,30.3308401,71.247499,37.977378106878206,73.97804075806764
2014,2014,Import,Pakistan,60,Fabrics; knitted or crocheted,Latin America and the Caribbean,Americas,95138,30.3308401,71.247499,17.925141963241547,-78.01492950057497
2014,2014,Import,Pakistan,60,Fabrics; knitted or crocheted,Northern America,Americas,47599,30.3308401,71.247499,43.897683433510366,-100.08947125585888
2014,2014,Import,Pakistan,60,Fabrics; knitted or crocheted,Northern Europe,Europe,54425,30.3308401,71.247499,59.36075159783851,25.01346951967388
2014,2014,Import,Pakistan,60,Fabrics; knitted or crocheted,South-eastern Asia,Asia,1311480,30.3308401,71.247499,10.528384761701911,103.08333472012376
2014,2014,Import,Pakistan,60,Fabrics; knitted or crocheted,Southern Asia,Asia,55291,30.3308401,71.247499,25.499703063807168,75.5024015339642
2014,2014,Import,Pakistan,60,Fabrics; knitted or crocheted,Southern Europe,Europe,303852,30.3308401,71.247499,40.12399607988535,20.742583178432696
2014,2014,Import,Pakistan,60,Fabrics; knitted or crocheted,Sub-Saharan Africa,Africa,17969,30.3308401,71.247499,6.06272746187266,22.727528470146083
2014,2014,Import,Pakistan,60,Fabrics; knitted or crocheted,Western Asia,Asia,141111,30.3308401,71.247499,26.42921218083572,52.86847103284948
2014,2014,Import,Pakistan,60,Fabrics; knitted or crocheted,Western Europe,Europe,153025,30.3308401,71.247499,47.92172048214207,7.866753258497997
2014,2014,Import,Pakistan,60,Fabrics; knitted or crocheted,World,World,74884331,30.3308401,71.247499,,
