yr,periodDesc,rgDesc,rtTitle,cmdCode,cmdDescE,Subregion,Region,TradeValue,rtLat,rtLon,ptLon,ptLat
2007,2007,Import,Pakistan,50,Silk,Eastern Asia,Asia,27577024,30.3308401,71.247499,37.977378106878206,73.97804075806764
2007,2007,Import,Pakistan,50,Silk,Northern America,Americas,92714,30.3308401,71.247499,43.897683433510366,-100.08947125585888
2007,2007,Import,Pakistan,50,Silk,Northern Europe,Europe,1390,30.3308401,71.247499,59.36075159783851,25.01346951967388
2007,2007,Import,Pakistan,50,Silk,South-eastern Asia,Asia,729211,30.3308401,71.247499,10.528384761701911,103.08333472012376
2007,2007,Import,Pakistan,50,Silk,Southern Asia,Asia,115449,30.3308401,71.247499,25.499703063807168,75.5024015339642
2007,2007,Import,Pakistan,50,Silk,Western Europe,Europe,21821,30.3308401,71.247499,47.92172048214207,7.866753258497997
2007,2007,Import,Pakistan,50,Silk,World,World,28616979,30.3308401,71.247499,,
