yr,periodDesc,rgDesc,rtTitle,cmdCode,cmdDescE,Subregion,Region,TradeValue,rtLat,rtLon,ptLon,ptLat
2015,2015,Re-Import,Pakistan,52,Cotton,Eastern Asia,Asia,1242798,30.3308401,71.247499,37.977378106878206,73.97804075806764
2015,2015,Re-Import,Pakistan,52,Cotton,Latin America and the Caribbean,Americas,260,30.3308401,71.247499,17.925141963241547,-78.01492950057497
2015,2015,Re-Import,Pakistan,52,Cotton,South-eastern Asia,Asia,762603,30.3308401,71.247499,10.528384761701911,103.08333472012376
2015,2015,Re-Import,Pakistan,52,Cotton,Southern Asia,Asia,201,30.3308401,71.247499,25.499703063807168,75.5024015339642
2015,2015,Re-Import,Pakistan,52,Cotton,Southern Europe,Europe,39476,30.3308401,71.247499,40.12399607988535,20.742583178432696
2015,2015,Re-Import,Pakistan,52,Cotton,World,World,3110291,30.3308401,71.247499,,
2015,2015,Re-Import,Pakistan,52,Cotton, Bahrain, Bahrain,8182,30.3308401,71.247499,,
2015,2015,Re-Import,Pakistan,52,Cotton, Oman, Oman,1980,30.3308401,71.247499,,
2015,2015,Re-Import,Pakistan,52,Cotton, United Arab Emirates, United Arab Emirates,330181,30.3308401,71.247499,,
