yr,periodDesc,rgDesc,rtTitle,cmdCode,cmdDescE,Subregion,Region,TradeValue,rtLat,rtLon,ptLon,ptLat
2002,2002,Export,Qatar,21,Miscellaneous edible preparations,Eastern Asia,Asia,4552,25.3336984,51.2295295,37.977378106878206,73.97804075806764
2002,2002,Export,Qatar,21,Miscellaneous edible preparations,Northern Africa,Africa,549,25.3336984,51.2295295,19.569604022535763,12.47761721199581
2002,2002,Export,Qatar,21,Miscellaneous edible preparations,Northern America,Americas,5599,25.3336984,51.2295295,43.897683433510366,-100.08947125585888
2002,2002,Export,Qatar,21,Miscellaneous edible preparations,Northern Europe,Europe,15977,25.3336984,51.2295295,59.36075159783851,25.01346951967388
2002,2002,Export,Qatar,21,Miscellaneous edible preparations,Southern Asia,Asia,5219,25.3336984,51.2295295,25.499703063807168,75.5024015339642
2002,2002,Export,Qatar,21,Miscellaneous edible preparations,Western Europe,Europe,951,25.3336984,51.2295295,47.92172048214207,7.866753258497997
2002,2002,Export,Qatar,21,Miscellaneous edible preparations,World,World,1565199,25.3336984,51.2295295,,
