yr,periodDesc,rgDesc,rtTitle,ptTitle,cmdCode,cmdDescE,TradeValue,rtLat,rtLon,ptLat,ptLon
2021,2021,Import,Qatar,World,50,Silk,2931500,25.3336984,51.2295295,-36.8535712,174.7456809
2021,2021,Import,Qatar,China,50,Silk,366696,25.3336984,51.2295295,35.000074,104.999927
2021,2021,Import,Qatar,Germany,50,Silk,45538,25.3336984,51.2295295,51.1638175,10.4478313
2021,2021,Import,Qatar,Italy,50,Silk,1389988,25.3336984,51.2295295,42.6384261,12.674297
2021,2021,Import,Qatar,Japan,50,Silk,23627,25.3336984,51.2295295,36.5748441,139.2394179
2021,2021,Import,Qatar,Rep. of Korea,50,Silk,151470,25.3336984,51.2295295,,
2021,2021,Import,Qatar,India,50,Silk,954178,25.3336984,51.2295295,22.3511148,78.6677428
