yr,periodDesc,rgDesc,rtTitle,cmdCode,cmdDescE,Subregion,Region,TradeValue,rtLat,rtLon,ptLon,ptLat
2018,2018,Export,Qatar,1,Animals; live,Northern America,Americas,401120,25.3336984,51.2295295,43.897683433510366,-100.08947125585888
2018,2018,Export,Qatar,1,Animals; live,Northern Europe,Europe,5248162,25.3336984,51.2295295,59.36075159783851,25.01346951967388
2018,2018,Export,Qatar,1,Animals; live,Southern Asia,Asia,166559,25.3336984,51.2295295,25.499703063807168,75.5024015339642
2018,2018,Export,Qatar,1,Animals; live,Southern Europe,Europe,1211398,25.3336984,51.2295295,40.12399607988535,20.742583178432696
2018,2018,Export,Qatar,1,Animals; live,Western Europe,Europe,1638699,25.3336984,51.2295295,47.92172048214207,7.866753258497997
2018,2018,Export,Qatar,1,Animals; live,World,World,12949876,25.3336984,51.2295295,,
2018,2018,Export,Qatar,1,Animals; live, Kuwait, Kuwait,3464701,25.3336984,51.2295295,,
2018,2018,Export,Qatar,1,Animals; live, Oman, Oman,819233,25.3336984,51.2295295,,
