yr,periodDesc,rgDesc,rtTitle,ptTitle,cmdCode,cmdDescE,TradeValue,Unnamed: 0,rtLat,rtLon,ptLat,ptLon
2001,2001.0,Import,Qatar,World,75.0,Nickel and articles thereof,305488.0,,25.3336984,51.2295295,-36.8535712,174.7456809
2001,2001.0,Import,Qatar,Bahrain,75.0,Nickel and articles thereof,11852.0,,25.3336984,51.2295295,26.1551249,50.5344606
2001,2001.0,Import,Qatar,Brazil,75.0,Nickel and articles thereof,164491.0,,25.3336984,51.2295295,-10.3333333,-53.2
2001,2001.0,Import,Qatar,China,75.0,Nickel and articles thereof,990.0,,25.3336984,51.2295295,35.000074,104.999927
2001,2001.0,Import,Qatar,Germany,75.0,Nickel and articles thereof,4330.0,,25.3336984,51.2295295,51.1638175,10.4478313
2001,2001.0,Import,Qatar,Iran,75.0,Nickel and articles thereof,94206.0,,25.3336984,51.2295295,32.6475314,54.5643516
2001,2001.0,Import,Qatar,"Other Asia, nes",75.0,Nickel and articles thereof,1040.0,,25.3336984,51.2295295,,
2001,2001.0,Import,Qatar,Pakistan,75.0,Nickel and articles thereof,7890.0,,25.3336984,51.2295295,30.3308401,71.247499
2001,2001.0,Import,Qatar,Saudi Arabia,75.0,Nickel and articles thereof,1003.0,,25.3336984,51.2295295,25.6242618,42.3528328
2001,2001.0,Import,Qatar,India,75.0,Nickel and articles thereof,5212.0,,25.3336984,51.2295295,22.3511148,78.6677428
2001,2001.0,Import,Qatar,United Arab Emirates,75.0,Nickel and articles thereof,5461.0,,25.3336984,51.2295295,24.0002488,53.9994829
2001,2001.0,Import,Qatar,Egypt,75.0,Nickel and articles thereof,824.0,,25.3336984,51.2295295,26.2540493,29.2675469
2001,2001.0,Import,Qatar,United Kingdom,75.0,Nickel and articles thereof,7727.0,,25.3336984,51.2295295,54.7023545,-3.2765753
2001,2001.0,Import,Qatar,"Areas, nes",75.0,Nickel and articles thereof,462.0,,25.3336984,51.2295295,,
