yr,periodDesc,rgDesc,rtTitle,ptTitle,cmdCode,cmdDescE,TradeValue,rtLat,rtLon,ptLat,ptLon
2021,2021,Export,Qatar,World,55,Man-made staple fibres,171938,25.3336984,51.2295295,-36.8535712,174.7456809
2021,2021,Export,Qatar,Lebanon,55,Man-made staple fibres,87644,25.3336984,51.2295295,33.8750629,35.843409
2021,2021,Export,Qatar,Oman,55,Man-made staple fibres,56953,25.3336984,51.2295295,21.0000287,57.0036901
2021,2021,Export,Qatar,Saudi Arabia,55,Man-made staple fibres,27340,25.3336984,51.2295295,25.6242618,42.3528328
