yr,periodDesc,rgDesc,rtTitle,ptTitle,cmdCode,cmdDescE,TradeValue,Unnamed: 0,rtLat,rtLon,ptLat,ptLon
2017,2017.0,Re-Export,Qatar,World,52.0,Cotton,52659.0,,25.3336984,51.2295295,-36.8535712,174.7456809
2017,2017.0,Re-Export,Qatar,Bulgaria,52.0,Cotton,274.0,,25.3336984,51.2295295,42.6073975,25.4856617
2017,2017.0,Re-Export,Qatar,Saudi Arabia,52.0,Cotton,4464.0,,25.3336984,51.2295295,25.6242618,42.3528328
2017,2017.0,Re-Export,Qatar,Sudan,52.0,Cotton,274.0,,25.3336984,51.2295295,14.5844444,29.4917691
2017,2017.0,Re-Export,Qatar,Switzerland,52.0,Cotton,1017.0,,25.3336984,51.2295295,46.7985624,8.2319736
2017,2017.0,Re-Export,Qatar,United Arab Emirates,52.0,Cotton,43417.0,,25.3336984,51.2295295,24.0002488,53.9994829
2017,2017.0,Re-Export,Qatar,Turkey,52.0,Cotton,3210.0,,25.3336984,51.2295295,38.9597594,34.9249653
