yr,periodDesc,rgDesc,rtTitle,ptTitle,cmdCode,cmdDescE,TradeValue,rtLat,rtLon,ptLat,ptLon
2021,2021,Export,Qatar,World,78,Lead and articles thereof,24026375,25.3336984,51.2295295,-36.8535712,174.7456809
2021,2021,Export,Qatar,Greece,78,Lead and articles thereof,1864056,25.3336984,51.2295295,38.9953683,21.9877132
2021,2021,Export,Qatar,Malaysia,78,Lead and articles thereof,57958,25.3336984,51.2295295,4.5693754,102.2656823
2021,2021,Export,Qatar,Saudi Arabia,78,Lead and articles thereof,7998938,25.3336984,51.2295295,25.6242618,42.3528328
2021,2021,Export,Qatar,India,78,Lead and articles thereof,14105421,25.3336984,51.2295295,22.3511148,78.6677428
