yr,periodDesc,rgDesc,rtTitle,ptTitle,cmdCode,cmdDescE,TradeValue,rtLat,rtLon,ptLat,ptLon
2020,2020,Import,Qatar,World,80,Tin; articles thereof,2151679,25.3336984,51.2295295,-36.8535712,174.7456809
2020,2020,Import,Qatar,China,80,Tin; articles thereof,1373246,25.3336984,51.2295295,35.000074,104.999927
2020,2020,Import,Qatar,France,80,Tin; articles thereof,108422,25.3336984,51.2295295,46.603354,1.8883335
2020,2020,Import,Qatar,Indonesia,80,Tin; articles thereof,144919,25.3336984,51.2295295,-2.4833826,117.8902853
2020,2020,Import,Qatar,Italy,80,Tin; articles thereof,36334,25.3336984,51.2295295,42.6384261,12.674297
2020,2020,Import,Qatar,Jordan,80,Tin; articles thereof,51438,25.3336984,51.2295295,31.1667049,36.941628
2020,2020,Import,Qatar,Rep. of Korea,80,Tin; articles thereof,25756,25.3336984,51.2295295,,
2020,2020,Import,Qatar,Lebanon,80,Tin; articles thereof,20854,25.3336984,51.2295295,33.8750629,35.843409
2020,2020,Import,Qatar,Malaysia,80,Tin; articles thereof,19150,25.3336984,51.2295295,4.5693754,102.2656823
2020,2020,Import,Qatar,Pakistan,80,Tin; articles thereof,18163,25.3336984,51.2295295,30.3308401,71.247499
2020,2020,Import,Qatar,India,80,Tin; articles thereof,261795,25.3336984,51.2295295,22.3511148,78.6677428
2020,2020,Import,Qatar,Turkey,80,Tin; articles thereof,77289,25.3336984,51.2295295,38.9597594,34.9249653
2020,2020,Import,Qatar,United Kingdom,80,Tin; articles thereof,14306,25.3336984,51.2295295,54.7023545,-3.2765753
