yr,periodDesc,rgDesc,rtTitle,ptTitle,cmdCode,cmdDescE,TradeValue,Unnamed: 0,rtLat,rtLon,ptLat,ptLon
2000,2000.0,Re-Export,Qatar,World,2.0,Meat and edible meat offal,146473.0,,25.3336984,51.2295295,-36.8535712,174.7456809
2000,2000.0,Re-Export,Qatar,Bahrain,2.0,Meat and edible meat offal,4560.0,,25.3336984,51.2295295,26.1551249,50.5344606
2000,2000.0,Re-Export,Qatar,Lebanon,2.0,Meat and edible meat offal,4532.0,,25.3336984,51.2295295,33.8750629,35.843409
2000,2000.0,Re-Export,Qatar,Oman,2.0,Meat and edible meat offal,7692.0,,25.3336984,51.2295295,21.0000287,57.0036901
2000,2000.0,Re-Export,Qatar,Netherlands,2.0,Meat and edible meat offal,43539.0,,25.3336984,51.2295295,52.2434979,5.6343227
2000,2000.0,Re-Export,Qatar,Saudi Arabia,2.0,Meat and edible meat offal,2197.0,,25.3336984,51.2295295,25.6242618,42.3528328
2000,2000.0,Re-Export,Qatar,United Arab Emirates,2.0,Meat and edible meat offal,79943.0,,25.3336984,51.2295295,24.0002488,53.9994829
2000,2000.0,Re-Export,Qatar,Turkey,2.0,Meat and edible meat offal,4010.0,,25.3336984,51.2295295,38.9597594,34.9249653
