yr,periodDesc,rgDesc,rtTitle,ptTitle,cmdCode,cmdDescE,TradeValue,Unnamed: 0,rtLat,rtLon,ptLat,ptLon
2000,2000.0,Export,Qatar,World,55.0,Manmade staple fibres,365525.0,,25.3336984,51.2295295,-36.8535712,174.7456809
2000,2000.0,Export,Qatar,Sri Lanka,55.0,Manmade staple fibres,77380.0,,25.3336984,51.2295295,7.5554942,80.7137847
2000,2000.0,Export,Qatar,"China, Hong Kong SAR",55.0,Manmade staple fibres,22037.0,,25.3336984,51.2295295,22.350627,114.1849161
2000,2000.0,Export,Qatar,South Africa,55.0,Manmade staple fibres,4623.0,,25.3336984,51.2295295,-28.8166236,24.991639
2000,2000.0,Export,Qatar,United Arab Emirates,55.0,Manmade staple fibres,261485.0,,25.3336984,51.2295295,24.0002488,53.9994829
