yr,periodDesc,rgDesc,rtTitle,ptTitle,cmdCode,cmdDescE,TradeValue,rtLat,rtLon,ptLat,ptLon
2018,2018,Export,Qatar,World,40,Rubber and articles thereof,5186802,25.3336984,51.2295295,-36.8535712,174.7456809
2018,2018,Export,Qatar,Belgium,40,Rubber and articles thereof,64393,25.3336984,51.2295295,50.6402809,4.6667145
2018,2018,Export,Qatar,China,40,Rubber and articles thereof,631765,25.3336984,51.2295295,35.000074,104.999927
2018,2018,Export,Qatar,France,40,Rubber and articles thereof,1089659,25.3336984,51.2295295,46.603354,1.8883335
2018,2018,Export,Qatar,Germany,40,Rubber and articles thereof,124773,25.3336984,51.2295295,51.1638175,10.4478313
2018,2018,Export,Qatar,Indonesia,40,Rubber and articles thereof,15896,25.3336984,51.2295295,-2.4833826,117.8902853
2018,2018,Export,Qatar,Iran,40,Rubber and articles thereof,17248,25.3336984,51.2295295,32.6475314,54.5643516
2018,2018,Export,Qatar,Japan,40,Rubber and articles thereof,52183,25.3336984,51.2295295,36.5748441,139.2394179
2018,2018,Export,Qatar,Kuwait,40,Rubber and articles thereof,344377,25.3336984,51.2295295,29.2733964,47.4979476
2018,2018,Export,Qatar,Oman,40,Rubber and articles thereof,163230,25.3336984,51.2295295,21.0000287,57.0036901
2018,2018,Export,Qatar,Netherlands,40,Rubber and articles thereof,30084,25.3336984,51.2295295,52.2434979,5.6343227
2018,2018,Export,Qatar,Pakistan,40,Rubber and articles thereof,1609706,25.3336984,51.2295295,30.3308401,71.247499
2018,2018,Export,Qatar,India,40,Rubber and articles thereof,318676,25.3336984,51.2295295,22.3511148,78.6677428
2018,2018,Export,Qatar,Turkey,40,Rubber and articles thereof,402788,25.3336984,51.2295295,38.9597594,34.9249653
2018,2018,Export,Qatar,United Kingdom,40,Rubber and articles thereof,273853,25.3336984,51.2295295,54.7023545,-3.2765753
2018,2018,Export,Qatar,USA,40,Rubber and articles thereof,48166,25.3336984,51.2295295,,
