yr,periodDesc,rgDesc,rtTitle,ptTitle,cmdCode,cmdDescE,TradeValue,Unnamed: 0,rtLat,rtLon,ptLat,ptLon
2020,2020.0,Import,Qatar,World,31.0,Fertilizers,8154665.0,,25.3336984,51.2295295,-36.8535712,174.7456809
2020,2020.0,Import,Qatar,Australia,31.0,Fertilizers,775438.0,,25.3336984,51.2295295,-24.7761086,134.755
2020,2020.0,Import,Qatar,Belgium,31.0,Fertilizers,132832.0,,25.3336984,51.2295295,50.6402809,4.6667145
2020,2020.0,Import,Qatar,Belarus,31.0,Fertilizers,37616.0,,25.3336984,51.2295295,53.4250605,27.6971358
2020,2020.0,Import,Qatar,Canada,31.0,Fertilizers,14518.0,,25.3336984,51.2295295,61.0666922,-107.991707
2020,2020.0,Import,Qatar,China,31.0,Fertilizers,203719.0,,25.3336984,51.2295295,35.000074,104.999927
2020,2020.0,Import,Qatar,Germany,31.0,Fertilizers,100416.0,,25.3336984,51.2295295,51.1638175,10.4478313
2020,2020.0,Import,Qatar,Greece,31.0,Fertilizers,80401.0,,25.3336984,51.2295295,38.9953683,21.9877132
2020,2020.0,Import,Qatar,Indonesia,31.0,Fertilizers,26349.0,,25.3336984,51.2295295,-2.4833826,117.8902853
2020,2020.0,Import,Qatar,Italy,31.0,Fertilizers,674128.0,,25.3336984,51.2295295,42.6384261,12.674297
2020,2020.0,Import,Qatar,Jordan,31.0,Fertilizers,1861045.0,,25.3336984,51.2295295,31.1667049,36.941628
2020,2020.0,Import,Qatar,Lebanon,31.0,Fertilizers,85970.0,,25.3336984,51.2295295,33.8750629,35.843409
2020,2020.0,Import,Qatar,"Other Asia, nes",31.0,Fertilizers,31573.0,,25.3336984,51.2295295,,
2020,2020.0,Import,Qatar,Morocco,31.0,Fertilizers,387929.0,,25.3336984,51.2295295,31.1728205,-7.3362482
2020,2020.0,Import,Qatar,Oman,31.0,Fertilizers,123383.0,,25.3336984,51.2295295,21.0000287,57.0036901
2020,2020.0,Import,Qatar,Netherlands,31.0,Fertilizers,718057.0,,25.3336984,51.2295295,52.2434979,5.6343227
2020,2020.0,Import,Qatar,Norway,31.0,Fertilizers,177255.0,,25.3336984,51.2295295,60.5000209,9.0999715
2020,2020.0,Import,Qatar,Serbia,31.0,Fertilizers,178906.0,,25.3336984,51.2295295,44.1534121,20.55144
2020,2020.0,Import,Qatar,India,31.0,Fertilizers,70757.0,,25.3336984,51.2295295,22.3511148,78.6677428
2020,2020.0,Import,Qatar,Spain,31.0,Fertilizers,925318.0,,25.3336984,51.2295295,39.3260685,-4.8379791
2020,2020.0,Import,Qatar,Turkey,31.0,Fertilizers,626261.0,,25.3336984,51.2295295,38.9597594,34.9249653
2020,2020.0,Import,Qatar,United Kingdom,31.0,Fertilizers,653561.0,,25.3336984,51.2295295,54.7023545,-3.2765753
2020,2020.0,Import,Qatar,USA,31.0,Fertilizers,269222.0,,25.3336984,51.2295295,39.7837304,-100.445882
