yr,periodDesc,rgDesc,rtTitle,ptTitle,cmdCode,cmdDescE,TradeValue,Unnamed: 0,rtLat,rtLon,ptLat,ptLon
2010,2010.0,Re-Export,Qatar,World,6.0,Live trees and other plants;,218038.0,,25.3336984,51.2295295,-36.8535712,174.7456809
2010,2010.0,Re-Export,Qatar,Bahrain,6.0,Live trees and other plants;,97094.0,,25.3336984,51.2295295,26.1551249,50.5344606
2010,2010.0,Re-Export,Qatar,Eritrea,6.0,Live trees and other plants;,18367.0,,25.3336984,51.2295295,15.9500319,37.9999668
2010,2010.0,Re-Export,Qatar,France,6.0,Live trees and other plants;,6401.0,,25.3336984,51.2295295,46.603354,1.8883335
2010,2010.0,Re-Export,Qatar,Iran,6.0,Live trees and other plants;,68222.0,,25.3336984,51.2295295,32.6475314,54.5643516
2010,2010.0,Re-Export,Qatar,Iraq,6.0,Live trees and other plants;,206.0,,25.3336984,51.2295295,33.0955793,44.1749775
2010,2010.0,Re-Export,Qatar,Saudi Arabia,6.0,Live trees and other plants;,2747.0,,25.3336984,51.2295295,25.6242618,42.3528328
2010,2010.0,Re-Export,Qatar,Syria,6.0,Live trees and other plants;,21703.0,,25.3336984,51.2295295,34.6401861,39.0494106
2010,2010.0,Re-Export,Qatar,United Arab Emirates,6.0,Live trees and other plants;,3297.0,,25.3336984,51.2295295,24.0002488,53.9994829
