yr,periodDesc,rgDesc,rtTitle,cmdCode,cmdDescE,Subregion,Region,TradeValue,rtLat,rtLon,ptLon,ptLat
2007,2007,Re-Export,Qatar,1,Live animals,Southern Asia,Asia,49451,25.3336984,51.2295295,25.499703063807168,75.5024015339642
2007,2007,Re-Export,Qatar,1,Live animals,Western Asia,Asia,392033,25.3336984,51.2295295,26.42921218083572,52.86847103284948
2007,2007,Re-Export,Qatar,1,Live animals,Western Europe,Europe,43122,25.3336984,51.2295295,47.92172048214207,7.866753258497997
2007,2007,Re-Export,Qatar,1,Live animals,World,World,3178654,25.3336984,51.2295295,,
