yr,periodDesc,rgDesc,rtTitle,cmdCode,cmdDescE,Subregion,Region,TradeValue,rtLat,rtLon,ptLon,ptLat
2017,2017,Export,Qatar,10,Cereals,Eastern Asia,Asia,124,25.3336984,51.2295295,37.977378106878206,73.97804075806764
2017,2017,Export,Qatar,10,Cereals,Northern Africa,Africa,90730,25.3336984,51.2295295,19.569604022535763,12.47761721199581
2017,2017,Export,Qatar,10,Cereals,South-eastern Asia,Asia,307,25.3336984,51.2295295,10.528384761701911,103.08333472012376
2017,2017,Export,Qatar,10,Cereals,Southern Asia,Asia,9835,25.3336984,51.2295295,25.499703063807168,75.5024015339642
2017,2017,Export,Qatar,10,Cereals,Southern Europe,Europe,8925,25.3336984,51.2295295,40.12399607988535,20.742583178432696
2017,2017,Export,Qatar,10,Cereals,Sub-Saharan Africa,Africa,824,25.3336984,51.2295295,6.06272746187266,22.727528470146083
2017,2017,Export,Qatar,10,Cereals,Western Asia,Asia,4120,25.3336984,51.2295295,26.42921218083572,52.86847103284948
2017,2017,Export,Qatar,10,Cereals,World,World,355607,25.3336984,51.2295295,,
