yr,periodDesc,rgDesc,rtTitle,cmdCode,cmdDescE,Subregion,Region,TradeValue,rtLat,rtLon,ptLon,ptLat
2020,2020,Import,Qatar,52,Cotton,Eastern Asia,Asia,652693,25.3336984,51.2295295,37.977378106878206,73.97804075806764
2020,2020,Import,Qatar,52,Cotton,Northern America,Americas,44304,25.3336984,51.2295295,43.897683433510366,-100.08947125585888
2020,2020,Import,Qatar,52,Cotton,Northern Europe,Europe,47899,25.3336984,51.2295295,59.36075159783851,25.01346951967388
2020,2020,Import,Qatar,52,Cotton,Southern Europe,Europe,1930450,25.3336984,51.2295295,40.12399607988535,20.742583178432696
2020,2020,Import,Qatar,52,Cotton,Western Asia,Asia,127483,25.3336984,51.2295295,26.42921218083572,52.86847103284948
2020,2020,Import,Qatar,52,Cotton,Western Europe,Europe,484103,25.3336984,51.2295295,47.92172048214207,7.866753258497997
2020,2020,Import,Qatar,52,Cotton,World,World,4655844,25.3336984,51.2295295,,
2020,2020,Import,Qatar,52,Cotton, Lebanon, Lebanon,26190,25.3336984,51.2295295,,
2020,2020,Import,Qatar,52,Cotton, Pakistan, Pakistan,587918,25.3336984,51.2295295,,
