yr,periodDesc,rgDesc,rtTitle,ptTitle,cmdCode,cmdDescE,TradeValue,rtLat,rtLon,ptLat,ptLon
2018,2018,Export,Qatar,World,44,Wood and articles of wood; wood charcoal,7014698,25.3336984,51.2295295,-36.8535712,174.7456809
2018,2018,Export,Qatar,Australia,44,Wood and articles of wood; wood charcoal,98585,25.3336984,51.2295295,-24.7761086,134.755
2018,2018,Export,Qatar,Austria,44,Wood and articles of wood; wood charcoal,264247,25.3336984,51.2295295,47.59397,14.12456
2018,2018,Export,Qatar,China,44,Wood and articles of wood; wood charcoal,58749,25.3336984,51.2295295,35.000074,104.999927
2018,2018,Export,Qatar,Germany,44,Wood and articles of wood; wood charcoal,62068,25.3336984,51.2295295,51.1638175,10.4478313
2018,2018,Export,Qatar,Greece,44,Wood and articles of wood; wood charcoal,102176,25.3336984,51.2295295,38.9953683,21.9877132
2018,2018,Export,Qatar,Jordan,44,Wood and articles of wood; wood charcoal,16231,25.3336984,51.2295295,31.1667049,36.941628
2018,2018,Export,Qatar,Rep. of Korea,44,Wood and articles of wood; wood charcoal,23348,25.3336984,51.2295295,,
2018,2018,Export,Qatar,Kuwait,44,Wood and articles of wood; wood charcoal,839446,25.3336984,51.2295295,29.2733964,47.4979476
2018,2018,Export,Qatar,Lebanon,44,Wood and articles of wood; wood charcoal,31109,25.3336984,51.2295295,33.8750629,35.843409
2018,2018,Export,Qatar,Maldives,44,Wood and articles of wood; wood charcoal,2844120,25.3336984,51.2295295,3.7203503,73.2244152
2018,2018,Export,Qatar,Mauritius,44,Wood and articles of wood; wood charcoal,84796,25.3336984,51.2295295,-20.2759451,57.5703566
2018,2018,Export,Qatar,Morocco,44,Wood and articles of wood; wood charcoal,1043955,25.3336984,51.2295295,31.1728205,-7.3362482
2018,2018,Export,Qatar,Oman,44,Wood and articles of wood; wood charcoal,880155,25.3336984,51.2295295,21.0000287,57.0036901
2018,2018,Export,Qatar,Netherlands,44,Wood and articles of wood; wood charcoal,50520,25.3336984,51.2295295,52.2434979,5.6343227
2018,2018,Export,Qatar,India,44,Wood and articles of wood; wood charcoal,22295,25.3336984,51.2295295,22.3511148,78.6677428
2018,2018,Export,Qatar,Singapore,44,Wood and articles of wood; wood charcoal,501050,25.3336984,51.2295295,1.357107,103.8194992
2018,2018,Export,Qatar,Switzerland,44,Wood and articles of wood; wood charcoal,51554,25.3336984,51.2295295,46.7985624,8.2319736
2018,2018,Export,Qatar,Turkey,44,Wood and articles of wood; wood charcoal,40288,25.3336984,51.2295295,38.9597594,34.9249653
