yr,periodDesc,rgDesc,rtTitle,ptTitle,cmdCode,cmdDescE,TradeValue,rtLat,rtLon,ptLat,ptLon
2016,2016,Re-Export,Qatar,World,29,Organic chemicals,599886,25.3336984,51.2295295,-36.8535712,174.7456809
2016,2016,Re-Export,Qatar,Azerbaijan,29,Organic chemicals,47961,25.3336984,51.2295295,40.3936294,47.7872508
2016,2016,Re-Export,Qatar,Iraq,29,Organic chemicals,21991,25.3336984,51.2295295,33.0955793,44.1749775
2016,2016,Re-Export,Qatar,Malaysia,29,Organic chemicals,23375,25.3336984,51.2295295,4.5693754,102.2656823
2016,2016,Re-Export,Qatar,Oman,29,Organic chemicals,94773,25.3336984,51.2295295,21.0000287,57.0036901
2016,2016,Re-Export,Qatar,Pakistan,29,Organic chemicals,41876,25.3336984,51.2295295,30.3308401,71.247499
2016,2016,Re-Export,Qatar,Saudi Arabia,29,Organic chemicals,211179,25.3336984,51.2295295,25.6242618,42.3528328
2016,2016,Re-Export,Qatar,United Arab Emirates,29,Organic chemicals,129928,25.3336984,51.2295295,24.0002488,53.9994829
2016,2016,Re-Export,Qatar,Turkmenistan,29,Organic chemicals,28800,25.3336984,51.2295295,39.3763807,59.3924609
