yr,periodDesc,rgDesc,rtTitle,cmdCode,cmdDescE,Subregion,Region,TradeValue,rtLat,rtLon,ptLon,ptLat
2016,2016,Export,Saudi Arabia,21,Miscellaneous edible preparations,Northern Africa,Africa,846768,25.6242618,42.3528328,19.569604022535763,12.47761721199581
2016,2016,Export,Saudi Arabia,21,Miscellaneous edible preparations,Northern America,Americas,43205,25.6242618,42.3528328,43.897683433510366,-100.08947125585888
2016,2016,Export,Saudi Arabia,21,Miscellaneous edible preparations,Northern Europe,Europe,243229,25.6242618,42.3528328,59.36075159783851,25.01346951967388
2016,2016,Export,Saudi Arabia,21,Miscellaneous edible preparations,South-eastern Asia,Asia,1309489,25.6242618,42.3528328,10.528384761701911,103.08333472012376
2016,2016,Export,Saudi Arabia,21,Miscellaneous edible preparations,Southern Asia,Asia,26936,25.6242618,42.3528328,25.499703063807168,75.5024015339642
2016,2016,Export,Saudi Arabia,21,Miscellaneous edible preparations,Sub-Saharan Africa,Africa,904640,25.6242618,42.3528328,6.06272746187266,22.727528470146083
2016,2016,Export,Saudi Arabia,21,Miscellaneous edible preparations,Western Asia,Asia,2871811,25.6242618,42.3528328,26.42921218083572,52.86847103284948
2016,2016,Export,Saudi Arabia,21,Miscellaneous edible preparations,Western Europe,Europe,4729900,25.6242618,42.3528328,47.92172048214207,7.866753258497997
2016,2016,Export,Saudi Arabia,21,Miscellaneous edible preparations,World,World,63321479,25.6242618,42.3528328,,
