yr,periodDesc,rgDesc,rtTitle,cmdCode,cmdDescE,Subregion,Region,TradeValue,rtLat,rtLon,ptLon,ptLat
1991,1991,Import,Saudi Arabia,79,Zinc and articles thereof,Australia and New Zealand,Oceania,6992229,25.6242618,42.3528328,-16.85099460447687,133.4130365630627
1991,1991,Import,Saudi Arabia,79,Zinc and articles thereof,Eastern Asia,Asia,897635,25.6242618,42.3528328,37.977378106878206,73.97804075806764
1991,1991,Import,Saudi Arabia,79,Zinc and articles thereof,Eastern Europe,Europe,120403,25.6242618,42.3528328,51.67568633314729,27.673469819741847
1991,1991,Import,Saudi Arabia,79,Zinc and articles thereof,Northern America,Americas,407061,25.6242618,42.3528328,43.897683433510366,-100.08947125585888
1991,1991,Import,Saudi Arabia,79,Zinc and articles thereof,Northern Europe,Europe,639599,25.6242618,42.3528328,59.36075159783851,25.01346951967388
1991,1991,Import,Saudi Arabia,79,Zinc and articles thereof,South-eastern Asia,Asia,28412,25.6242618,42.3528328,10.528384761701911,103.08333472012376
1991,1991,Import,Saudi Arabia,79,Zinc and articles thereof,Southern Europe,Europe,1089371,25.6242618,42.3528328,40.12399607988535,20.742583178432696
1991,1991,Import,Saudi Arabia,79,Zinc and articles thereof,Western Europe,Europe,2824413,25.6242618,42.3528328,47.92172048214207,7.866753258497997
1991,1991,Import,Saudi Arabia,79,Zinc and articles thereof,World,World,19366528,25.6242618,42.3528328,,
1991,1991,Import,Saudi Arabia,79,Zinc and articles thereof, Bahrain, Bahrain,39986,25.6242618,42.3528328,,
1991,1991,Import,Saudi Arabia,79,Zinc and articles thereof, United Arab Emirates, United Arab Emirates,121645,25.6242618,42.3528328,,
