yr,periodDesc,rgDesc,rtTitle,ptTitle,cmdCode,cmdDescE,TradeValue,Unnamed: 0,rtLat,rtLon,ptLat,ptLon
1991,1991.0,Re-Export,Saudi Arabia,World,1.0,Live animals,1462641.0,,25.6242618,42.3528328,-36.8535712,174.7456809
1991,1991.0,Re-Export,Saudi Arabia,Bahrain,1.0,Live animals,6085.0,,25.6242618,42.3528328,26.1551249,50.5344606
1991,1991.0,Re-Export,Saudi Arabia,Kuwait,1.0,Live animals,19703.0,,25.6242618,42.3528328,29.2733964,47.4979476
1991,1991.0,Re-Export,Saudi Arabia,Qatar,1.0,Live animals,5327.0,,25.6242618,42.3528328,25.3336984,51.2295295
1991,1991.0,Re-Export,Saudi Arabia,Syria,1.0,Live animals,308425.0,,25.6242618,42.3528328,34.6401861,39.0494106
1991,1991.0,Re-Export,Saudi Arabia,United Arab Emirates,1.0,Live animals,555491.0,,25.6242618,42.3528328,24.0002488,53.9994829
1991,1991.0,Re-Export,Saudi Arabia,Turkey,1.0,Live animals,538723.0,,25.6242618,42.3528328,38.9597594,34.9249653
1991,1991.0,Re-Export,Saudi Arabia,Egypt,1.0,Live animals,28887.0,,25.6242618,42.3528328,26.2540493,29.2675469
