yr,periodDesc,rgDesc,rtTitle,cmdCode,cmdDescE,Subregion,Region,TradeValue,rtLat,rtLon,ptLon,ptLat
2013,2013,Re-Export,Saudi Arabia,76,Aluminium and articles thereof,Eastern Asia,Asia,3772538,25.6242618,42.3528328,37.977378106878206,73.97804075806764
2013,2013,Re-Export,Saudi Arabia,76,Aluminium and articles thereof,Northern Africa,Africa,1876802,25.6242618,42.3528328,19.569604022535763,12.47761721199581
2013,2013,Re-Export,Saudi Arabia,76,Aluminium and articles thereof,Northern America,Americas,44533,25.6242618,42.3528328,43.897683433510366,-100.08947125585888
2013,2013,Re-Export,Saudi Arabia,76,Aluminium and articles thereof,South-eastern Asia,Asia,361333,25.6242618,42.3528328,10.528384761701911,103.08333472012376
2013,2013,Re-Export,Saudi Arabia,76,Aluminium and articles thereof,Southern Europe,Europe,41067,25.6242618,42.3528328,40.12399607988535,20.742583178432696
2013,2013,Re-Export,Saudi Arabia,76,Aluminium and articles thereof,Sub-Saharan Africa,Africa,380533,25.6242618,42.3528328,6.06272746187266,22.727528470146083
2013,2013,Re-Export,Saudi Arabia,76,Aluminium and articles thereof,Western Europe,Europe,485333,25.6242618,42.3528328,47.92172048214207,7.866753258497997
2013,2013,Re-Export,Saudi Arabia,76,Aluminium and articles thereof,World,World,23972830,25.6242618,42.3528328,,
