yr,periodDesc,rgDesc,rtTitle,cmdCode,cmdDescE,Subregion,Region,TradeValue,rtLat,rtLon,ptLon,ptLat
1996,1996,Import,Saudi Arabia,45,Cork and articles of cork,Eastern Asia,Asia,349626,25.6242618,42.3528328,37.977378106878206,73.97804075806764
1996,1996,Import,Saudi Arabia,45,Cork and articles of cork,Northern America,Americas,454627,25.6242618,42.3528328,43.897683433510366,-100.08947125585888
1996,1996,Import,Saudi Arabia,45,Cork and articles of cork,Northern Europe,Europe,183166,25.6242618,42.3528328,59.36075159783851,25.01346951967388
1996,1996,Import,Saudi Arabia,45,Cork and articles of cork,South-eastern Asia,Asia,2475,25.6242618,42.3528328,10.528384761701911,103.08333472012376
1996,1996,Import,Saudi Arabia,45,Cork and articles of cork,Southern Europe,Europe,141542,25.6242618,42.3528328,40.12399607988535,20.742583178432696
1996,1996,Import,Saudi Arabia,45,Cork and articles of cork,Western Europe,Europe,902974,25.6242618,42.3528328,47.92172048214207,7.866753258497997
1996,1996,Import,Saudi Arabia,45,Cork and articles of cork,World,World,2116827,25.6242618,42.3528328,,
