yr,periodDesc,rgDesc,rtTitle,cmdCode,cmdDescE,Subregion,Region,TradeValue,rtLat,rtLon,ptLon,ptLat
2008,2008,Export,Saudi Arabia,9,"Coffee, tea, maté and spices",Eastern Asia,Asia,70667,25.6242618,42.3528328,37.977378106878206,73.97804075806764
2008,2008,Export,Saudi Arabia,9,"Coffee, tea, maté and spices",Northern Africa,Africa,625601,25.6242618,42.3528328,19.569604022535763,12.47761721199581
2008,2008,Export,Saudi Arabia,9,"Coffee, tea, maté and spices",Northern America,Americas,26933,25.6242618,42.3528328,43.897683433510366,-100.08947125585888
2008,2008,Export,Saudi Arabia,9,"Coffee, tea, maté and spices",South-eastern Asia,Asia,135200,25.6242618,42.3528328,10.528384761701911,103.08333472012376
2008,2008,Export,Saudi Arabia,9,"Coffee, tea, maté and spices",Sub-Saharan Africa,Africa,411200,25.6242618,42.3528328,6.06272746187266,22.727528470146083
2008,2008,Export,Saudi Arabia,9,"Coffee, tea, maté and spices",Western Asia,Asia,6392808,25.6242618,42.3528328,26.42921218083572,52.86847103284948
2008,2008,Export,Saudi Arabia,9,"Coffee, tea, maté and spices",World,World,17204555,25.6242618,42.3528328,,
