yr,periodDesc,rgDesc,rtTitle,ptTitle,cmdCode,cmdDescE,TradeValue,Unnamed: 0,rtLat,rtLon,ptLat,ptLon
2003,2003.0,Export,Saudi Arabia,World,1.0,Live animals,21123760.0,,25.6242618,42.3528328,-36.8535712,174.7456809
2003,2003.0,Export,Saudi Arabia,Bahrain,1.0,Live animals,966668.0,,25.6242618,42.3528328,26.1551249,50.5344606
2003,2003.0,Export,Saudi Arabia,Ethiopia,1.0,Live animals,41333.0,,25.6242618,42.3528328,10.2116702,38.6521203
2003,2003.0,Export,Saudi Arabia,Jordan,1.0,Live animals,49600.0,,25.6242618,42.3528328,31.1667049,36.941628
2003,2003.0,Export,Saudi Arabia,Kuwait,1.0,Live animals,11368014.0,,25.6242618,42.3528328,29.2733964,47.4979476
2003,2003.0,Export,Saudi Arabia,Oman,1.0,Live animals,172267.0,,25.6242618,42.3528328,21.0000287,57.0036901
2003,2003.0,Export,Saudi Arabia,Qatar,1.0,Live animals,5615740.0,,25.6242618,42.3528328,25.3336984,51.2295295
2003,2003.0,Export,Saudi Arabia,Fmr Sudan,1.0,Live animals,28800.0,,25.6242618,42.3528328,18.046398,34.41288
2003,2003.0,Export,Saudi Arabia,Syria,1.0,Live animals,276000.0,,25.6242618,42.3528328,34.6401861,39.0494106
2003,2003.0,Export,Saudi Arabia,United Arab Emirates,1.0,Live animals,2430936.0,,25.6242618,42.3528328,24.0002488,53.9994829
2003,2003.0,Export,Saudi Arabia,Egypt,1.0,Live animals,174400.0,,25.6242618,42.3528328,26.2540493,29.2675469
