yr,periodDesc,rgDesc,rtTitle,cmdCode,cmdDescE,Subregion,Region,TradeValue,rtLat,rtLon,ptLon,ptLat
2006,2006,Import,Saudi Arabia,78,Lead and articles thereof,Eastern Asia,Asia,2294529,25.6242618,42.3528328,37.977378106878206,73.97804075806764
2006,2006,Import,Saudi Arabia,78,Lead and articles thereof,Northern America,Americas,113485,25.6242618,42.3528328,43.897683433510366,-100.08947125585888
2006,2006,Import,Saudi Arabia,78,Lead and articles thereof,Northern Europe,Europe,6863826,25.6242618,42.3528328,59.36075159783851,25.01346951967388
2006,2006,Import,Saudi Arabia,78,Lead and articles thereof,South-eastern Asia,Asia,5344732,25.6242618,42.3528328,10.528384761701911,103.08333472012376
2006,2006,Import,Saudi Arabia,78,Lead and articles thereof,Southern Asia,Asia,71295,25.6242618,42.3528328,25.499703063807168,75.5024015339642
2006,2006,Import,Saudi Arabia,78,Lead and articles thereof,Southern Europe,Europe,277704,25.6242618,42.3528328,40.12399607988535,20.742583178432696
2006,2006,Import,Saudi Arabia,78,Lead and articles thereof,Sub-Saharan Africa,Africa,342056,25.6242618,42.3528328,6.06272746187266,22.727528470146083
2006,2006,Import,Saudi Arabia,78,Lead and articles thereof,Western Europe,Europe,73698,25.6242618,42.3528328,47.92172048214207,7.866753258497997
2006,2006,Import,Saudi Arabia,78,Lead and articles thereof,World,World,16013636,25.6242618,42.3528328,,
2006,2006,Import,Saudi Arabia,78,Lead and articles thereof, Jordan, Jordan,72897,25.6242618,42.3528328,,
2006,2006,Import,Saudi Arabia,78,Lead and articles thereof, Lebanon, Lebanon,269426,25.6242618,42.3528328,,
2006,2006,Import,Saudi Arabia,78,Lead and articles thereof, United Arab Emirates, United Arab Emirates,245928,25.6242618,42.3528328,,
