yr,periodDesc,rgDesc,rtTitle,cmdCode,cmdDescE,Subregion,Region,TradeValue,rtLat,rtLon,ptLon,ptLat
2007,2007,Export,Saudi Arabia,21,Miscellaneous edible preparations,Eastern Asia,Asia,30150,25.6242618,42.3528328,37.977378106878206,73.97804075806764
2007,2007,Export,Saudi Arabia,21,Miscellaneous edible preparations,Northern Africa,Africa,676635,25.6242618,42.3528328,19.569604022535763,12.47761721199581
2007,2007,Export,Saudi Arabia,21,Miscellaneous edible preparations,Northern America,Americas,201443,25.6242618,42.3528328,43.897683433510366,-100.08947125585888
2007,2007,Export,Saudi Arabia,21,Miscellaneous edible preparations,Northern Europe,Europe,177697,25.6242618,42.3528328,59.36075159783851,25.01346951967388
2007,2007,Export,Saudi Arabia,21,Miscellaneous edible preparations,South-eastern Asia,Asia,188102,25.6242618,42.3528328,10.528384761701911,103.08333472012376
2007,2007,Export,Saudi Arabia,21,Miscellaneous edible preparations,Sub-Saharan Africa,Africa,250804,25.6242618,42.3528328,6.06272746187266,22.727528470146083
2007,2007,Export,Saudi Arabia,21,Miscellaneous edible preparations,Western Asia,Asia,1022424,25.6242618,42.3528328,26.42921218083572,52.86847103284948
2007,2007,Export,Saudi Arabia,21,Miscellaneous edible preparations,Western Europe,Europe,153684,25.6242618,42.3528328,47.92172048214207,7.866753258497997
2007,2007,Export,Saudi Arabia,21,Miscellaneous edible preparations,World,World,39695224,25.6242618,42.3528328,,
