yr,periodDesc,rgDesc,rtTitle,cmdCode,cmdDescE,Subregion,Region,TradeValue,rtLat,rtLon,ptLon,ptLat
2016,2016,Import,Saudi Arabia,78,Lead and articles thereof,Australia and New Zealand,Oceania,6563208,25.6242618,42.3528328,-16.85099460447687,133.4130365630627
2016,2016,Import,Saudi Arabia,78,Lead and articles thereof,Central Asia,Asia,96800,25.6242618,42.3528328,39.89317229901691,61.060280637304274
2016,2016,Import,Saudi Arabia,78,Lead and articles thereof,Eastern Asia,Asia,6232540,25.6242618,42.3528328,37.977378106878206,73.97804075806764
2016,2016,Import,Saudi Arabia,78,Lead and articles thereof,Eastern Europe,Europe,330932,25.6242618,42.3528328,51.67568633314729,27.673469819741847
2016,2016,Import,Saudi Arabia,78,Lead and articles thereof,Northern America,Americas,297867,25.6242618,42.3528328,43.897683433510366,-100.08947125585888
2016,2016,Import,Saudi Arabia,78,Lead and articles thereof,Northern Europe,Europe,11503214,25.6242618,42.3528328,59.36075159783851,25.01346951967388
2016,2016,Import,Saudi Arabia,78,Lead and articles thereof,South-eastern Asia,Asia,41600,25.6242618,42.3528328,10.528384761701911,103.08333472012376
2016,2016,Import,Saudi Arabia,78,Lead and articles thereof,Southern Europe,Europe,245066,25.6242618,42.3528328,40.12399607988535,20.742583178432696
2016,2016,Import,Saudi Arabia,78,Lead and articles thereof,Sub-Saharan Africa,Africa,2059469,25.6242618,42.3528328,6.06272746187266,22.727528470146083
2016,2016,Import,Saudi Arabia,78,Lead and articles thereof,Western Europe,Europe,402933,25.6242618,42.3528328,47.92172048214207,7.866753258497997
2016,2016,Import,Saudi Arabia,78,Lead and articles thereof,World,World,30961638,25.6242618,42.3528328,,
