yr,periodDesc,rgDesc,rtTitle,cmdCode,cmdDescE,Subregion,Region,TradeValue,rtLat,rtLon,ptLon,ptLat
2019,2019,Export,Saudi Arabia,69,Ceramic products,Latin America and the Caribbean,Americas,15000,25.6242618,42.3528328,17.925141963241547,-78.01492950057497
2019,2019,Export,Saudi Arabia,69,Ceramic products,Northern Africa,Africa,140084,25.6242618,42.3528328,19.569604022535763,12.47761721199581
2019,2019,Export,Saudi Arabia,69,Ceramic products,Northern Europe,Europe,14378,25.6242618,42.3528328,59.36075159783851,25.01346951967388
2019,2019,Export,Saudi Arabia,69,Ceramic products,South-eastern Asia,Asia,18434,25.6242618,42.3528328,10.528384761701911,103.08333472012376
2019,2019,Export,Saudi Arabia,69,Ceramic products,Southern Europe,Europe,23661,25.6242618,42.3528328,40.12399607988535,20.742583178432696
2019,2019,Export,Saudi Arabia,69,Ceramic products,Sub-Saharan Africa,Africa,33179,25.6242618,42.3528328,6.06272746187266,22.727528470146083
2019,2019,Export,Saudi Arabia,69,Ceramic products,Western Europe,Europe,10727,25.6242618,42.3528328,47.92172048214207,7.866753258497997
2019,2019,Export,Saudi Arabia,69,Ceramic products,World,World,22807637,25.6242618,42.3528328,,
