yr,periodDesc,rgDesc,rtTitle,cmdCode,cmdDescE,Subregion,Region,TradeValue,rtLat,rtLon,ptLon,ptLat
2006,2006,Import,Saudi Arabia,50,Silk,Eastern Asia,Asia,9994938,25.6242618,42.3528328,37.977378106878206,73.97804075806764
2006,2006,Import,Saudi Arabia,50,Silk,Northern America,Americas,28571,25.6242618,42.3528328,43.897683433510366,-100.08947125585888
2006,2006,Import,Saudi Arabia,50,Silk,Southern Europe,Europe,1943393,25.6242618,42.3528328,40.12399607988535,20.742583178432696
2006,2006,Import,Saudi Arabia,50,Silk,Western Europe,Europe,30975,25.6242618,42.3528328,47.92172048214207,7.866753258497997
2006,2006,Import,Saudi Arabia,50,Silk,World,World,13937533,25.6242618,42.3528328,,
2006,2006,Import,Saudi Arabia,50,Silk, Lebanon, Lebanon,61148,25.6242618,42.3528328,,
