yr,periodDesc,rgDesc,rtTitle,ptTitle,cmdCode,cmdDescE,TradeValue,Unnamed: 0,rtLat,rtLon,ptLat,ptLon
2007,2007.0,Export,Saudi Arabia,World,26.0,"Ores, slag and ash",7432315.0,,25.6242618,42.3528328,-36.8535712,174.7456809
2007,2007.0,Export,Saudi Arabia,Algeria,26.0,"Ores, slag and ash",83779.0,,25.6242618,42.3528328,28.0000272,2.9999825
2007,2007.0,Export,Saudi Arabia,China,26.0,"Ores, slag and ash",4815957.0,,25.6242618,42.3528328,35.000074,104.999927
2007,2007.0,Export,Saudi Arabia,Germany,26.0,"Ores, slag and ash",116063.0,,25.6242618,42.3528328,51.1638175,10.4478313
2007,2007.0,Export,Saudi Arabia,Jordan,26.0,"Ores, slag and ash",542696.0,,25.6242618,42.3528328,31.1667049,36.941628
2007,2007.0,Export,Saudi Arabia,Kuwait,26.0,"Ores, slag and ash",46959.0,,25.6242618,42.3528328,29.2733964,47.4979476
2007,2007.0,Export,Saudi Arabia,Qatar,26.0,"Ores, slag and ash",1713200.0,,25.6242618,42.3528328,25.3336984,51.2295295
2007,2007.0,Export,Saudi Arabia,United Arab Emirates,26.0,"Ores, slag and ash",36553.0,,25.6242618,42.3528328,24.0002488,53.9994829
2007,2007.0,Export,Saudi Arabia,Egypt,26.0,"Ores, slag and ash",30950.0,,25.6242618,42.3528328,26.2540493,29.2675469
2007,2007.0,Export,Saudi Arabia,Yemen,26.0,"Ores, slag and ash",46158.0,,25.6242618,42.3528328,16.3471243,47.8915271
