yr,periodDesc,rgDesc,rtTitle,cmdCode,cmdDescE,Subregion,Region,TradeValue,rtLat,rtLon,ptLon,ptLat
2020,2020,Import,Saudi Arabia,80,Tin; articles thereof,Australia and New Zealand,Oceania,41671,25.6242618,42.3528328,-16.85099460447687,133.4130365630627
2020,2020,Import,Saudi Arabia,80,Tin; articles thereof,Eastern Asia,Asia,4445113,25.6242618,42.3528328,37.977378106878206,73.97804075806764
2020,2020,Import,Saudi Arabia,80,Tin; articles thereof,Eastern Europe,Europe,284890,25.6242618,42.3528328,51.67568633314729,27.673469819741847
2020,2020,Import,Saudi Arabia,80,Tin; articles thereof,Latin America and the Caribbean,Americas,100567,25.6242618,42.3528328,17.925141963241547,-78.01492950057497
2020,2020,Import,Saudi Arabia,80,Tin; articles thereof,Northern Africa,Africa,70413,25.6242618,42.3528328,19.569604022535763,12.47761721199581
2020,2020,Import,Saudi Arabia,80,Tin; articles thereof,Northern America,Americas,185399,25.6242618,42.3528328,43.897683433510366,-100.08947125585888
2020,2020,Import,Saudi Arabia,80,Tin; articles thereof,Northern Europe,Europe,71873,25.6242618,42.3528328,59.36075159783851,25.01346951967388
2020,2020,Import,Saudi Arabia,80,Tin; articles thereof,South-eastern Asia,Asia,1654109,25.6242618,42.3528328,10.528384761701911,103.08333472012376
2020,2020,Import,Saudi Arabia,80,Tin; articles thereof,Southern Europe,Europe,568672,25.6242618,42.3528328,40.12399607988535,20.742583178432696
2020,2020,Import,Saudi Arabia,80,Tin; articles thereof,Western Asia,Asia,225069,25.6242618,42.3528328,26.42921218083572,52.86847103284948
2020,2020,Import,Saudi Arabia,80,Tin; articles thereof,Western Europe,Europe,680723,25.6242618,42.3528328,47.92172048214207,7.866753258497997
2020,2020,Import,Saudi Arabia,80,Tin; articles thereof,World,World,10186172,25.6242618,42.3528328,,
