yr,periodDesc,rgDesc,rtTitle,cmdCode,cmdDescE,Subregion,Region,TradeValue,rtLat,rtLon,ptLon,ptLat
1992,1992,Export,Saudi Arabia,75,Nickel and articles thereof,Eastern Asia,Asia,19225,25.6242618,42.3528328,37.977378106878206,73.97804075806764
1992,1992,Export,Saudi Arabia,75,Nickel and articles thereof,Northern Europe,Europe,109067,25.6242618,42.3528328,59.36075159783851,25.01346951967388
1992,1992,Export,Saudi Arabia,75,Nickel and articles thereof,South-eastern Asia,Asia,20236,25.6242618,42.3528328,10.528384761701911,103.08333472012376
1992,1992,Export,Saudi Arabia,75,Nickel and articles thereof,Southern Asia,Asia,3204,25.6242618,42.3528328,25.499703063807168,75.5024015339642
1992,1992,Export,Saudi Arabia,75,Nickel and articles thereof,Western Europe,Europe,112073,25.6242618,42.3528328,47.92172048214207,7.866753258497997
1992,1992,Export,Saudi Arabia,75,Nickel and articles thereof,World,World,427822,25.6242618,42.3528328,,
