yr,periodDesc,rgDesc,rtTitle,cmdCode,cmdDescE,Subregion,Region,TradeValue,rtLat,rtLon,ptLon,ptLat
2016,2016,Export,Saudi Arabia,74,Copper and articles thereof,Australia and New Zealand,Oceania,623541,25.6242618,42.3528328,-16.85099460447687,133.4130365630627
2016,2016,Export,Saudi Arabia,74,Copper and articles thereof,Eastern Asia,Asia,213695289,25.6242618,42.3528328,37.977378106878206,73.97804075806764
2016,2016,Export,Saudi Arabia,74,Copper and articles thereof,Eastern Europe,Europe,1466576,25.6242618,42.3528328,51.67568633314729,27.673469819741847
2016,2016,Export,Saudi Arabia,74,Copper and articles thereof,Latin America and the Caribbean,Americas,277632,25.6242618,42.3528328,17.925141963241547,-78.01492950057497
2016,2016,Export,Saudi Arabia,74,Copper and articles thereof,Northern Africa,Africa,6863757,25.6242618,42.3528328,19.569604022535763,12.47761721199581
2016,2016,Export,Saudi Arabia,74,Copper and articles thereof,Northern America,Americas,3165980,25.6242618,42.3528328,43.897683433510366,-100.08947125585888
2016,2016,Export,Saudi Arabia,74,Copper and articles thereof,Northern Europe,Europe,1391900,25.6242618,42.3528328,59.36075159783851,25.01346951967388
2016,2016,Export,Saudi Arabia,74,Copper and articles thereof,South-eastern Asia,Asia,22888349,25.6242618,42.3528328,10.528384761701911,103.08333472012376
2016,2016,Export,Saudi Arabia,74,Copper and articles thereof,Southern Europe,Europe,17480500,25.6242618,42.3528328,40.12399607988535,20.742583178432696
2016,2016,Export,Saudi Arabia,74,Copper and articles thereof,Sub-Saharan Africa,Africa,461121,25.6242618,42.3528328,6.06272746187266,22.727528470146083
2016,2016,Export,Saudi Arabia,74,Copper and articles thereof,Western Asia,Asia,351242,25.6242618,42.3528328,26.42921218083572,52.86847103284948
2016,2016,Export,Saudi Arabia,74,Copper and articles thereof,Western Europe,Europe,13495221,25.6242618,42.3528328,47.92172048214207,7.866753258497997
2016,2016,Export,Saudi Arabia,74,Copper and articles thereof,World,World,417859302,25.6242618,42.3528328,,
