yr,periodDesc,rgDesc,rtTitle,cmdCode,cmdDescE,Subregion,Region,TradeValue,rtLat,rtLon,ptLon,ptLat
2020,2020,Export,Saudi Arabia,76,Aluminium and articles thereof,Australia and New Zealand,Oceania,12710438,25.6242618,42.3528328,-16.85099460447687,133.4130365630627
2020,2020,Export,Saudi Arabia,76,Aluminium and articles thereof,Eastern Asia,Asia,345398170,25.6242618,42.3528328,37.977378106878206,73.97804075806764
2020,2020,Export,Saudi Arabia,76,Aluminium and articles thereof,Eastern Europe,Europe,2680576,25.6242618,42.3528328,51.67568633314729,27.673469819741847
2020,2020,Export,Saudi Arabia,76,Aluminium and articles thereof,Latin America and the Caribbean,Americas,60066466,25.6242618,42.3528328,17.925141963241547,-78.01492950057497
2020,2020,Export,Saudi Arabia,76,Aluminium and articles thereof,Northern Africa,Africa,130717079,25.6242618,42.3528328,19.569604022535763,12.47761721199581
2020,2020,Export,Saudi Arabia,76,Aluminium and articles thereof,Northern America,Americas,288230847,25.6242618,42.3528328,43.897683433510366,-100.08947125585888
2020,2020,Export,Saudi Arabia,76,Aluminium and articles thereof,Northern Europe,Europe,39425327,25.6242618,42.3528328,59.36075159783851,25.01346951967388
2020,2020,Export,Saudi Arabia,76,Aluminium and articles thereof,South-eastern Asia,Asia,370206826,25.6242618,42.3528328,10.528384761701911,103.08333472012376
2020,2020,Export,Saudi Arabia,76,Aluminium and articles thereof,Southern Asia,Asia,9348716,25.6242618,42.3528328,25.499703063807168,75.5024015339642
2020,2020,Export,Saudi Arabia,76,Aluminium and articles thereof,Southern Europe,Europe,28460845,25.6242618,42.3528328,40.12399607988535,20.742583178432696
2020,2020,Export,Saudi Arabia,76,Aluminium and articles thereof,Sub-Saharan Africa,Africa,30434816,25.6242618,42.3528328,6.06272746187266,22.727528470146083
2020,2020,Export,Saudi Arabia,76,Aluminium and articles thereof,Western Asia,Asia,14331836,25.6242618,42.3528328,26.42921218083572,52.86847103284948
2020,2020,Export,Saudi Arabia,76,Aluminium and articles thereof,Western Europe,Europe,207959594,25.6242618,42.3528328,47.92172048214207,7.866753258497997
2020,2020,Export,Saudi Arabia,76,Aluminium and articles thereof,World,World,2114036398,25.6242618,42.3528328,,
