yr,periodDesc,rgDesc,rtTitle,cmdCode,cmdDescE,Subregion,Region,TradeValue,rtLat,rtLon,ptLon,ptLat
2010,2010,Import,Saudi Arabia,50,Silk,Eastern Asia,Asia,4457873,25.6242618,42.3528328,37.977378106878206,73.97804075806764
2010,2010,Import,Saudi Arabia,50,Silk,Northern Europe,Europe,74400,25.6242618,42.3528328,59.36075159783851,25.01346951967388
2010,2010,Import,Saudi Arabia,50,Silk,Southern Europe,Europe,1075201,25.6242618,42.3528328,40.12399607988535,20.742583178432696
2010,2010,Import,Saudi Arabia,50,Silk,Western Europe,Europe,42400,25.6242618,42.3528328,47.92172048214207,7.866753258497997
2010,2010,Import,Saudi Arabia,50,Silk,World,World,6802142,25.6242618,42.3528328,,
