yr,periodDesc,rgDesc,rtTitle,cmdCode,cmdDescE,Subregion,Region,TradeValue,rtLat,rtLon,ptLon,ptLat
2018,2018,Export,Saudi Arabia,78,Lead and articles thereof,Eastern Asia,Asia,2395381,25.6242618,42.3528328,37.977378106878206,73.97804075806764
2018,2018,Export,Saudi Arabia,78,Lead and articles thereof,Eastern Europe,Europe,105386,25.6242618,42.3528328,51.67568633314729,27.673469819741847
2018,2018,Export,Saudi Arabia,78,Lead and articles thereof,Northern Africa,Africa,474429,25.6242618,42.3528328,19.569604022535763,12.47761721199581
2018,2018,Export,Saudi Arabia,78,Lead and articles thereof,South-eastern Asia,Asia,2412174,25.6242618,42.3528328,10.528384761701911,103.08333472012376
2018,2018,Export,Saudi Arabia,78,Lead and articles thereof,Southern Europe,Europe,3087517,25.6242618,42.3528328,40.12399607988535,20.742583178432696
2018,2018,Export,Saudi Arabia,78,Lead and articles thereof,Western Asia,Asia,3723694,25.6242618,42.3528328,26.42921218083572,52.86847103284948
2018,2018,Export,Saudi Arabia,78,Lead and articles thereof,Western Europe,Europe,10696,25.6242618,42.3528328,47.92172048214207,7.866753258497997
2018,2018,Export,Saudi Arabia,78,Lead and articles thereof,World,World,52128571,25.6242618,42.3528328,,
