yr,periodDesc,rgDesc,rtTitle,cmdCode,cmdDescE,Subregion,Region,TradeValue,rtLat,rtLon,ptLon,ptLat
1992,1992,Import,Saudi Arabia,38,Miscellaneous chemical products,Australia and New Zealand,Oceania,772154,25.6242618,42.3528328,-16.85099460447687,133.4130365630627
1992,1992,Import,Saudi Arabia,38,Miscellaneous chemical products,Eastern Asia,Asia,6877332,25.6242618,42.3528328,37.977378106878206,73.97804075806764
1992,1992,Import,Saudi Arabia,38,Miscellaneous chemical products,Eastern Europe,Europe,93389,25.6242618,42.3528328,51.67568633314729,27.673469819741847
1992,1992,Import,Saudi Arabia,38,Miscellaneous chemical products,Latin America and the Caribbean,Americas,329485,25.6242618,42.3528328,17.925141963241547,-78.01492950057497
1992,1992,Import,Saudi Arabia,38,Miscellaneous chemical products,Northern Africa,Africa,2448466,25.6242618,42.3528328,19.569604022535763,12.47761721199581
1992,1992,Import,Saudi Arabia,38,Miscellaneous chemical products,Northern America,Americas,95902464,25.6242618,42.3528328,43.897683433510366,-100.08947125585888
1992,1992,Import,Saudi Arabia,38,Miscellaneous chemical products,Northern Europe,Europe,85702987,25.6242618,42.3528328,59.36075159783851,25.01346951967388
1992,1992,Import,Saudi Arabia,38,Miscellaneous chemical products,South-eastern Asia,Asia,2692651,25.6242618,42.3528328,10.528384761701911,103.08333472012376
1992,1992,Import,Saudi Arabia,38,Miscellaneous chemical products,Southern Asia,Asia,14018,25.6242618,42.3528328,25.499703063807168,75.5024015339642
1992,1992,Import,Saudi Arabia,38,Miscellaneous chemical products,Southern Europe,Europe,32036408,25.6242618,42.3528328,40.12399607988535,20.742583178432696
1992,1992,Import,Saudi Arabia,38,Miscellaneous chemical products,Sub-Saharan Africa,Africa,32542,25.6242618,42.3528328,6.06272746187266,22.727528470146083
1992,1992,Import,Saudi Arabia,38,Miscellaneous chemical products,Western Asia,Asia,262065,25.6242618,42.3528328,26.42921218083572,52.86847103284948
1992,1992,Import,Saudi Arabia,38,Miscellaneous chemical products,Western Europe,Europe,106524538,25.6242618,42.3528328,47.92172048214207,7.866753258497997
1992,1992,Import,Saudi Arabia,38,Miscellaneous chemical products,World,World,363898560,25.6242618,42.3528328,,
