yr,periodDesc,rgDesc,rtTitle,cmdCode,cmdDescE,Subregion,Region,TradeValue,rtLat,rtLon,ptLon,ptLat
1996,1996,Export,Saudi Arabia,18,Cocoa and cocoa preparations,Eastern Asia,Asia,18808,25.6242618,42.3528328,37.977378106878206,73.97804075806764
1996,1996,Export,Saudi Arabia,18,Cocoa and cocoa preparations,Eastern Europe,Europe,28933,25.6242618,42.3528328,51.67568633314729,27.673469819741847
1996,1996,Export,Saudi Arabia,18,Cocoa and cocoa preparations,Northern Africa,Africa,24032,25.6242618,42.3528328,19.569604022535763,12.47761721199581
1996,1996,Export,Saudi Arabia,18,Cocoa and cocoa preparations,Northern America,Americas,32204,25.6242618,42.3528328,43.897683433510366,-100.08947125585888
1996,1996,Export,Saudi Arabia,18,Cocoa and cocoa preparations,Northern Europe,Europe,37688,25.6242618,42.3528328,59.36075159783851,25.01346951967388
1996,1996,Export,Saudi Arabia,18,Cocoa and cocoa preparations,Western Asia,Asia,25113,25.6242618,42.3528328,26.42921218083572,52.86847103284948
1996,1996,Export,Saudi Arabia,18,Cocoa and cocoa preparations,Western Europe,Europe,40144,25.6242618,42.3528328,47.92172048214207,7.866753258497997
1996,1996,Export,Saudi Arabia,18,Cocoa and cocoa preparations,World,World,8348286,25.6242618,42.3528328,,
