yr,periodDesc,rgDesc,rtTitle,cmdCode,cmdDescE,Subregion,Region,TradeValue,rtLat,rtLon,ptLon,ptLat
2004,2004,Re-Export,Saudi Arabia,30,Pharmaceutical products,Northern Africa,Africa,111200,25.6242618,42.3528328,19.569604022535763,12.47761721199581
2004,2004,Re-Export,Saudi Arabia,30,Pharmaceutical products,Northern America,Americas,29333,25.6242618,42.3528328,43.897683433510366,-100.08947125585888
2004,2004,Re-Export,Saudi Arabia,30,Pharmaceutical products,Northern Europe,Europe,183200,25.6242618,42.3528328,59.36075159783851,25.01346951967388
2004,2004,Re-Export,Saudi Arabia,30,Pharmaceutical products,Southern Europe,Europe,351734,25.6242618,42.3528328,40.12399607988535,20.742583178432696
2004,2004,Re-Export,Saudi Arabia,30,Pharmaceutical products,Sub-Saharan Africa,Africa,51200,25.6242618,42.3528328,6.06272746187266,22.727528470146083
2004,2004,Re-Export,Saudi Arabia,30,Pharmaceutical products,Western Europe,Europe,3850138,25.6242618,42.3528328,47.92172048214207,7.866753258497997
2004,2004,Re-Export,Saudi Arabia,30,Pharmaceutical products,World,World,6109341,25.6242618,42.3528328,,
