yr,periodDesc,rgDesc,rtTitle,cmdCode,cmdDescE,Subregion,Region,TradeValue,rtLat,rtLon,ptLon,ptLat
2013,2013,Re-Export,Saudi Arabia,55,Man-made staple fibres,Northern Africa,Africa,730934,25.6242618,42.3528328,19.569604022535763,12.47761721199581
2013,2013,Re-Export,Saudi Arabia,55,Man-made staple fibres,Northern America,Americas,29867,25.6242618,42.3528328,43.897683433510366,-100.08947125585888
2013,2013,Re-Export,Saudi Arabia,55,Man-made staple fibres,Sub-Saharan Africa,Africa,212800,25.6242618,42.3528328,6.06272746187266,22.727528470146083
2013,2013,Re-Export,Saudi Arabia,55,Man-made staple fibres,Western Asia,Asia,72533,25.6242618,42.3528328,26.42921218083572,52.86847103284948
2013,2013,Re-Export,Saudi Arabia,55,Man-made staple fibres,Western Europe,Europe,112800,25.6242618,42.3528328,47.92172048214207,7.866753258497997
2013,2013,Re-Export,Saudi Arabia,55,Man-made staple fibres,World,World,1957602,25.6242618,42.3528328,,
