yr,periodDesc,rgDesc,rtTitle,cmdCode,cmdDescE,Subregion,Region,TradeValue,rtLat,rtLon,ptLon,ptLat
2000,2000,Export,Saudi Arabia,40,Rubber and articles thereof,Eastern Asia,Asia,458667,25.6242618,42.3528328,37.977378106878206,73.97804075806764
2000,2000,Export,Saudi Arabia,40,Rubber and articles thereof,Northern Europe,Europe,202134,25.6242618,42.3528328,59.36075159783851,25.01346951967388
2000,2000,Export,Saudi Arabia,40,Rubber and articles thereof,South-eastern Asia,Asia,104800,25.6242618,42.3528328,10.528384761701911,103.08333472012376
2000,2000,Export,Saudi Arabia,40,Rubber and articles thereof,Southern Asia,Asia,60000,25.6242618,42.3528328,25.499703063807168,75.5024015339642
2000,2000,Export,Saudi Arabia,40,Rubber and articles thereof,Sub-Saharan Africa,Africa,29333,25.6242618,42.3528328,6.06272746187266,22.727528470146083
2000,2000,Export,Saudi Arabia,40,Rubber and articles thereof,Western Asia,Asia,29333,25.6242618,42.3528328,26.42921218083572,52.86847103284948
2000,2000,Export,Saudi Arabia,40,Rubber and articles thereof,Western Europe,Europe,322401,25.6242618,42.3528328,47.92172048214207,7.866753258497997
2000,2000,Export,Saudi Arabia,40,Rubber and articles thereof,World,World,4384805,25.6242618,42.3528328,,
