yr,periodDesc,rgDesc,rtTitle,cmdCode,cmdDescE,Subregion,Region,TradeValue,rtLat,rtLon,ptLon,ptLat
1996,1996,Re-Export,Saudi Arabia,40,Rubber and articles thereof,Eastern Asia,Asia,125152,25.6242618,42.3528328,37.977378106878206,73.97804075806764
1996,1996,Re-Export,Saudi Arabia,40,Rubber and articles thereof,Northern Africa,Africa,36425,25.6242618,42.3528328,19.569604022535763,12.47761721199581
1996,1996,Re-Export,Saudi Arabia,40,Rubber and articles thereof,Northern America,Americas,5849,25.6242618,42.3528328,43.897683433510366,-100.08947125585888
1996,1996,Re-Export,Saudi Arabia,40,Rubber and articles thereof,Northern Europe,Europe,6296,25.6242618,42.3528328,59.36075159783851,25.01346951967388
1996,1996,Re-Export,Saudi Arabia,40,Rubber and articles thereof,South-eastern Asia,Asia,19769,25.6242618,42.3528328,10.528384761701911,103.08333472012376
1996,1996,Re-Export,Saudi Arabia,40,Rubber and articles thereof,Southern Europe,Europe,80416,25.6242618,42.3528328,40.12399607988535,20.742583178432696
1996,1996,Re-Export,Saudi Arabia,40,Rubber and articles thereof,Sub-Saharan Africa,Africa,504420,25.6242618,42.3528328,6.06272746187266,22.727528470146083
1996,1996,Re-Export,Saudi Arabia,40,Rubber and articles thereof,Western Europe,Europe,521946,25.6242618,42.3528328,47.92172048214207,7.866753258497997
1996,1996,Re-Export,Saudi Arabia,40,Rubber and articles thereof,World,World,7266688,25.6242618,42.3528328,,
