yr,periodDesc,rgDesc,rtTitle,cmdCode,cmdDescE,Subregion,Region,TradeValue,rtLat,rtLon,ptLon,ptLat
2001,2001,Import,Saudi Arabia,79,Zinc and articles thereof,Australia and New Zealand,Oceania,12298415,25.6242618,42.3528328,-16.85099460447687,133.4130365630627
2001,2001,Import,Saudi Arabia,79,Zinc and articles thereof,Central Asia,Asia,245067,25.6242618,42.3528328,39.89317229901691,61.060280637304274
2001,2001,Import,Saudi Arabia,79,Zinc and articles thereof,Eastern Asia,Asia,8250143,25.6242618,42.3528328,37.977378106878206,73.97804075806764
2001,2001,Import,Saudi Arabia,79,Zinc and articles thereof,Eastern Europe,Europe,376268,25.6242618,42.3528328,51.67568633314729,27.673469819741847
2001,2001,Import,Saudi Arabia,79,Zinc and articles thereof,Northern America,Americas,554134,25.6242618,42.3528328,43.897683433510366,-100.08947125585888
2001,2001,Import,Saudi Arabia,79,Zinc and articles thereof,Northern Europe,Europe,227200,25.6242618,42.3528328,59.36075159783851,25.01346951967388
2001,2001,Import,Saudi Arabia,79,Zinc and articles thereof,South-eastern Asia,Asia,437867,25.6242618,42.3528328,10.528384761701911,103.08333472012376
2001,2001,Import,Saudi Arabia,79,Zinc and articles thereof,Southern Europe,Europe,315466,25.6242618,42.3528328,40.12399607988535,20.742583178432696
2001,2001,Import,Saudi Arabia,79,Zinc and articles thereof,Sub-Saharan Africa,Africa,122667,25.6242618,42.3528328,6.06272746187266,22.727528470146083
2001,2001,Import,Saudi Arabia,79,Zinc and articles thereof,Western Asia,Asia,56800,25.6242618,42.3528328,26.42921218083572,52.86847103284948
2001,2001,Import,Saudi Arabia,79,Zinc and articles thereof,Western Europe,Europe,3027737,25.6242618,42.3528328,47.92172048214207,7.866753258497997
2001,2001,Import,Saudi Arabia,79,Zinc and articles thereof,World,World,26304300,25.6242618,42.3528328,,
2001,2001,Import,Saudi Arabia,79,Zinc and articles thereof, Bahrain, Bahrain,59733,25.6242618,42.3528328,,
2001,2001,Import,Saudi Arabia,79,Zinc and articles thereof, United Arab Emirates, United Arab Emirates,120800,25.6242618,42.3528328,,
