yr,periodDesc,rgDesc,rtTitle,cmdCode,cmdDescE,Subregion,Region,TradeValue,rtLat,rtLon,ptLon,ptLat
2002,2002,Export,Saudi Arabia,31,Fertilizers,Australia and New Zealand,Oceania,33348042,25.6242618,42.3528328,-16.85099460447687,133.4130365630627
2002,2002,Export,Saudi Arabia,31,Fertilizers,Eastern Asia,Asia,1666402,25.6242618,42.3528328,37.977378106878206,73.97804075806764
2002,2002,Export,Saudi Arabia,31,Fertilizers,Latin America and the Caribbean,Americas,6788275,25.6242618,42.3528328,17.925141963241547,-78.01492950057497
2002,2002,Export,Saudi Arabia,31,Fertilizers,Northern Africa,Africa,109333,25.6242618,42.3528328,19.569604022535763,12.47761721199581
2002,2002,Export,Saudi Arabia,31,Fertilizers,Northern America,Americas,42418720,25.6242618,42.3528328,43.897683433510366,-100.08947125585888
2002,2002,Export,Saudi Arabia,31,Fertilizers,South-eastern Asia,Asia,79228366,25.6242618,42.3528328,10.528384761701911,103.08333472012376
2002,2002,Export,Saudi Arabia,31,Fertilizers,Southern Asia,Asia,20936292,25.6242618,42.3528328,25.499703063807168,75.5024015339642
2002,2002,Export,Saudi Arabia,31,Fertilizers,Southern Europe,Europe,9782946,25.6242618,42.3528328,40.12399607988535,20.742583178432696
2002,2002,Export,Saudi Arabia,31,Fertilizers,Sub-Saharan Africa,Africa,34182443,25.6242618,42.3528328,6.06272746187266,22.727528470146083
2002,2002,Export,Saudi Arabia,31,Fertilizers,Western Asia,Asia,198934,25.6242618,42.3528328,26.42921218083572,52.86847103284948
2002,2002,Export,Saudi Arabia,31,Fertilizers,World,World,317839064,25.6242618,42.3528328,,
