yr,periodDesc,rgDesc,rtTitle,cmdCode,cmdDescE,Subregion,Region,TradeValue,rtLat,rtLon,ptLon,ptLat
2003,2003,Export,Saudi Arabia,40,Rubber and articles thereof,Eastern Asia,Asia,74933,25.6242618,42.3528328,37.977378106878206,73.97804075806764
2003,2003,Export,Saudi Arabia,40,Rubber and articles thereof,Northern Africa,Africa,1962402,25.6242618,42.3528328,19.569604022535763,12.47761721199581
2003,2003,Export,Saudi Arabia,40,Rubber and articles thereof,Northern America,Americas,53333,25.6242618,42.3528328,43.897683433510366,-100.08947125585888
2003,2003,Export,Saudi Arabia,40,Rubber and articles thereof,Northern Europe,Europe,441601,25.6242618,42.3528328,59.36075159783851,25.01346951967388
2003,2003,Export,Saudi Arabia,40,Rubber and articles thereof,South-eastern Asia,Asia,26667,25.6242618,42.3528328,10.528384761701911,103.08333472012376
2003,2003,Export,Saudi Arabia,40,Rubber and articles thereof,Southern Europe,Europe,106667,25.6242618,42.3528328,40.12399607988535,20.742583178432696
2003,2003,Export,Saudi Arabia,40,Rubber and articles thereof,Western Asia,Asia,29867,25.6242618,42.3528328,26.42921218083572,52.86847103284948
2003,2003,Export,Saudi Arabia,40,Rubber and articles thereof,Western Europe,Europe,3433071,25.6242618,42.3528328,47.92172048214207,7.866753258497997
2003,2003,Export,Saudi Arabia,40,Rubber and articles thereof,World,World,16712288,25.6242618,42.3528328,,
