yr,periodDesc,rgDesc,rtTitle,cmdCode,cmdDescE,Subregion,Region,TradeValue,rtLat,rtLon,ptLon,ptLat
2008,2008,Export,Saudi Arabia,83,Miscellaneous articles of base metal,Australia and New Zealand,Oceania,377067,25.6242618,42.3528328,-16.85099460447687,133.4130365630627
2008,2008,Export,Saudi Arabia,83,Miscellaneous articles of base metal,Eastern Asia,Asia,379467,25.6242618,42.3528328,37.977378106878206,73.97804075806764
2008,2008,Export,Saudi Arabia,83,Miscellaneous articles of base metal,Eastern Europe,Europe,686134,25.6242618,42.3528328,51.67568633314729,27.673469819741847
2008,2008,Export,Saudi Arabia,83,Miscellaneous articles of base metal,Northern Africa,Africa,3637338,25.6242618,42.3528328,19.569604022535763,12.47761721199581
2008,2008,Export,Saudi Arabia,83,Miscellaneous articles of base metal,Northern Europe,Europe,1245335,25.6242618,42.3528328,59.36075159783851,25.01346951967388
2008,2008,Export,Saudi Arabia,83,Miscellaneous articles of base metal,South-eastern Asia,Asia,2573336,25.6242618,42.3528328,10.528384761701911,103.08333472012376
2008,2008,Export,Saudi Arabia,83,Miscellaneous articles of base metal,Southern Europe,Europe,4058405,25.6242618,42.3528328,40.12399607988535,20.742583178432696
2008,2008,Export,Saudi Arabia,83,Miscellaneous articles of base metal,Western Asia,Asia,5676007,25.6242618,42.3528328,26.42921218083572,52.86847103284948
2008,2008,Export,Saudi Arabia,83,Miscellaneous articles of base metal,Western Europe,Europe,1494135,25.6242618,42.3528328,47.92172048214207,7.866753258497997
2008,2008,Export,Saudi Arabia,83,Miscellaneous articles of base metal,World,World,63575279,25.6242618,42.3528328,,
