yr,periodDesc,rgDesc,rtTitle,cmdCode,cmdDescE,Subregion,Region,TradeValue,rtLat,rtLon,ptLon,ptLat
2017,2017,Export,State of Palestine,9,"Coffee, tea, mate and spices",Australia and New Zealand,Oceania,5061,31.46242095,34.262716572130714,-16.85099460447687,133.4130365630627
2017,2017,Export,State of Palestine,9,"Coffee, tea, mate and spices",Eastern Asia,Asia,162,31.46242095,34.262716572130714,37.977378106878206,73.97804075806764
2017,2017,Export,State of Palestine,9,"Coffee, tea, mate and spices",Eastern Europe,Europe,13280,31.46242095,34.262716572130714,51.67568633314729,27.673469819741847
2017,2017,Export,State of Palestine,9,"Coffee, tea, mate and spices",Northern Africa,Africa,36,31.46242095,34.262716572130714,19.569604022535763,12.47761721199581
2017,2017,Export,State of Palestine,9,"Coffee, tea, mate and spices",Northern America,Americas,321873,31.46242095,34.262716572130714,43.897683433510366,-100.08947125585888
2017,2017,Export,State of Palestine,9,"Coffee, tea, mate and spices",Northern Europe,Europe,35731,31.46242095,34.262716572130714,59.36075159783851,25.01346951967388
2017,2017,Export,State of Palestine,9,"Coffee, tea, mate and spices",South-eastern Asia,Asia,4212,31.46242095,34.262716572130714,10.528384761701911,103.08333472012376
2017,2017,Export,State of Palestine,9,"Coffee, tea, mate and spices",Southern Europe,Europe,16160,31.46242095,34.262716572130714,40.12399607988535,20.742583178432696
2017,2017,Export,State of Palestine,9,"Coffee, tea, mate and spices",Western Europe,Europe,116540,31.46242095,34.262716572130714,47.92172048214207,7.866753258497997
2017,2017,Export,State of Palestine,9,"Coffee, tea, mate and spices",World,World,11751150,31.46242095,34.262716572130714,,
