yr,periodDesc,rgDesc,rtTitle,cmdCode,cmdDescE,Subregion,Region,TradeValue,rtLat,rtLon,ptLon,ptLat
2016,2016,Import,State of Palestine,1,Animals; live,Eastern Europe,Europe,1297063,31.46242095,34.262716572130714,51.67568633314729,27.673469819741847
2016,2016,Import,State of Palestine,1,Animals; live,Southern Europe,Europe,3533584,31.46242095,34.262716572130714,40.12399607988535,20.742583178432696
2016,2016,Import,State of Palestine,1,Animals; live,Western Europe,Europe,255544,31.46242095,34.262716572130714,47.92172048214207,7.866753258497997
2016,2016,Import,State of Palestine,1,Animals; live,World,World,119310586,31.46242095,34.262716572130714,,
2016,2016,Import,State of Palestine,1,Animals; live, Israel, Israel,114224395,31.46242095,34.262716572130714,,
