yr,periodDesc,rgDesc,rtTitle,cmdCode,cmdDescE,Subregion,Region,TradeValue,rtLat,rtLon,ptLon,ptLat
2010,2010,Import,State of Palestine,60,Knitted or crocheted fabrics,Eastern Asia,Asia,555418,31.46242095,34.262716572130714,37.977378106878206,73.97804075806764
2010,2010,Import,State of Palestine,60,Knitted or crocheted fabrics,Northern Africa,Africa,10243,31.46242095,34.262716572130714,19.569604022535763,12.47761721199581
2010,2010,Import,State of Palestine,60,Knitted or crocheted fabrics,Southern Europe,Europe,4976,31.46242095,34.262716572130714,40.12399607988535,20.742583178432696
2010,2010,Import,State of Palestine,60,Knitted or crocheted fabrics,Western Asia,Asia,664986,31.46242095,34.262716572130714,26.42921218083572,52.86847103284948
2010,2010,Import,State of Palestine,60,Knitted or crocheted fabrics,Western Europe,Europe,53748,31.46242095,34.262716572130714,47.92172048214207,7.866753258497997
2010,2010,Import,State of Palestine,60,Knitted or crocheted fabrics,World,World,1345299,31.46242095,34.262716572130714,,
