yr,periodDesc,rgDesc,rtTitle,ptTitle,cmdCode,cmdDescE,TradeValue,Unnamed: 0,rtLat,rtLon,ptLat,ptLon
2012,2012.0,Export,State of Palestine,World,29.0,Organic chemicals,257558.0,,31.46242095,34.262716572130714,-36.8535712,174.7456809
2012,2012.0,Export,State of Palestine,Algeria,29.0,Organic chemicals,81120.0,,31.46242095,34.262716572130714,28.0000272,2.9999825
2012,2012.0,Export,State of Palestine,Israel,29.0,Organic chemicals,165364.0,,31.46242095,34.262716572130714,30.8124247,34.8594762
2012,2012.0,Export,State of Palestine,Jordan,29.0,Organic chemicals,11074.0,,31.46242095,34.262716572130714,31.1667049,36.941628
