yr,periodDesc,rgDesc,rtTitle,cmdCode,cmdDescE,Subregion,Region,TradeValue,rtLat,rtLon,ptLon,ptLat
2009,2009,Export,State of Palestine,69,Ceramic products,Northern Africa,Africa,4984,31.46242095,34.262716572130714,19.569604022535763,12.47761721199581
2009,2009,Export,State of Palestine,69,Ceramic products,Northern Europe,Europe,25332,31.46242095,34.262716572130714,59.36075159783851,25.01346951967388
2009,2009,Export,State of Palestine,69,Ceramic products,Southern Europe,Europe,11412,31.46242095,34.262716572130714,40.12399607988535,20.742583178432696
2009,2009,Export,State of Palestine,69,Ceramic products,Western Europe,Europe,29870,31.46242095,34.262716572130714,47.92172048214207,7.866753258497997
2009,2009,Export,State of Palestine,69,Ceramic products,World,World,11609858,31.46242095,34.262716572130714,,
