yr,periodDesc,rgDesc,rtTitle,cmdCode,cmdDescE,Subregion,Region,TradeValue,rtLat,rtLon,ptLon,ptLat
2017,2017,Export,State of Palestine,30,Pharmaceutical products,Eastern Asia,Asia,19950,31.46242095,34.262716572130714,37.977378106878206,73.97804075806764
2017,2017,Export,State of Palestine,30,Pharmaceutical products,Eastern Europe,Europe,1091218,31.46242095,34.262716572130714,51.67568633314729,27.673469819741847
2017,2017,Export,State of Palestine,30,Pharmaceutical products,Latin America and the Caribbean,Americas,42422,31.46242095,34.262716572130714,17.925141963241547,-78.01492950057497
2017,2017,Export,State of Palestine,30,Pharmaceutical products,Northern Africa,Africa,19850,31.46242095,34.262716572130714,19.569604022535763,12.47761721199581
2017,2017,Export,State of Palestine,30,Pharmaceutical products,World,World,17713444,31.46242095,34.262716572130714,,
