yr,periodDesc,rgDesc,rtTitle,ptTitle,cmdCode,cmdDescE,TradeValue,Unnamed: 0,rtLat,rtLon,ptLat,ptLon
2018,2018.0,Import,State of Palestine,World,2.0,Meat and edible meat offal,58411320.0,,31.46242095,34.262716572130714,-36.8535712,174.7456809
2018,2018.0,Import,State of Palestine,Argentina,2.0,Meat and edible meat offal,67839.0,,31.46242095,34.262716572130714,-34.9964963,-64.9672817
2018,2018.0,Import,State of Palestine,Australia,2.0,Meat and edible meat offal,6820394.0,,31.46242095,34.262716572130714,-24.7761086,134.755
2018,2018.0,Import,State of Palestine,Austria,2.0,Meat and edible meat offal,49237.0,,31.46242095,34.262716572130714,47.59397,14.12456
2018,2018.0,Import,State of Palestine,Brazil,2.0,Meat and edible meat offal,20326378.0,,31.46242095,34.262716572130714,-10.3333333,-53.2
2018,2018.0,Import,State of Palestine,China,2.0,Meat and edible meat offal,126461.0,,31.46242095,34.262716572130714,35.000074,104.999927
2018,2018.0,Import,State of Palestine,France,2.0,Meat and edible meat offal,7714.0,,31.46242095,34.262716572130714,46.603354,1.8883335
2018,2018.0,Import,State of Palestine,Israel,2.0,Meat and edible meat offal,29443481.0,,31.46242095,34.262716572130714,30.8124247,34.8594762
2018,2018.0,Import,State of Palestine,Jordan,2.0,Meat and edible meat offal,129674.0,,31.46242095,34.262716572130714,31.1667049,36.941628
2018,2018.0,Import,State of Palestine,Netherlands,2.0,Meat and edible meat offal,238297.0,,31.46242095,34.262716572130714,52.2434979,5.6343227
2018,2018.0,Import,State of Palestine,New Zealand,2.0,Meat and edible meat offal,58017.0,,31.46242095,34.262716572130714,-41.5000831,172.8344077
2018,2018.0,Import,State of Palestine,Paraguay,2.0,Meat and edible meat offal,110828.0,,31.46242095,34.262716572130714,-23.3165935,-58.1693445
2018,2018.0,Import,State of Palestine,Poland,2.0,Meat and edible meat offal,307246.0,,31.46242095,34.262716572130714,52.215933,19.134422
2018,2018.0,Import,State of Palestine,Spain,2.0,Meat and edible meat offal,291506.0,,31.46242095,34.262716572130714,39.3260685,-4.8379791
2018,2018.0,Import,State of Palestine,United Kingdom,2.0,Meat and edible meat offal,162943.0,,31.46242095,34.262716572130714,54.7023545,-3.2765753
2018,2018.0,Import,State of Palestine,USA,2.0,Meat and edible meat offal,23897.0,,31.46242095,34.262716572130714,39.7837304,-100.445882
2018,2018.0,Import,State of Palestine,Uruguay,2.0,Meat and edible meat offal,247401.0,,31.46242095,34.262716572130714,-32.8755548,-56.0201525
