yr,periodDesc,rgDesc,rtTitle,cmdCode,cmdDescE,Subregion,Region,TradeValue,rtLat,rtLon,ptLon,ptLat
1997,1997,Import,Turkey,1,Live animals,Eastern Asia,Asia,144238,38.9597594,34.9249653,37.977378106878206,73.97804075806764
1997,1997,Import,Turkey,1,Live animals,Eastern Europe,Europe,2181538,38.9597594,34.9249653,51.67568633314729,27.673469819741847
1997,1997,Import,Turkey,1,Live animals,Northern America,Americas,3806011,38.9597594,34.9249653,43.897683433510366,-100.08947125585888
1997,1997,Import,Turkey,1,Live animals,Northern Europe,Europe,3346585,38.9597594,34.9249653,59.36075159783851,25.01346951967388
1997,1997,Import,Turkey,1,Live animals,Southern Asia,Asia,2137,38.9597594,34.9249653,25.499703063807168,75.5024015339642
1997,1997,Import,Turkey,1,Live animals,Southern Europe,Europe,562504,38.9597594,34.9249653,40.12399607988535,20.742583178432696
1997,1997,Import,Turkey,1,Live animals,Western Europe,Europe,5775630,38.9597594,34.9249653,47.92172048214207,7.866753258497997
1997,1997,Import,Turkey,1,Live animals,World,World,18928640,38.9597594,34.9249653,,
