yr,periodDesc,rgDesc,rtTitle,cmdCode,cmdDescE,Subregion,Region,TradeValue,rtLat,rtLon,ptLon,ptLat
1996,1996,Export,Turkey,31,Fertilizers,Central Asia,Asia,55424,38.9597594,34.9249653,39.89317229901691,61.060280637304274
1996,1996,Export,Turkey,31,Fertilizers,Eastern Europe,Europe,27794,38.9597594,34.9249653,51.67568633314729,27.673469819741847
1996,1996,Export,Turkey,31,Fertilizers,Latin America and the Caribbean,Americas,2661750,38.9597594,34.9249653,17.925141963241547,-78.01492950057497
1996,1996,Export,Turkey,31,Fertilizers,Northern Africa,Africa,12389,38.9597594,34.9249653,19.569604022535763,12.47761721199581
1996,1996,Export,Turkey,31,Fertilizers,South-eastern Asia,Asia,5125000,38.9597594,34.9249653,10.528384761701911,103.08333472012376
1996,1996,Export,Turkey,31,Fertilizers,Southern Asia,Asia,44227,38.9597594,34.9249653,25.499703063807168,75.5024015339642
1996,1996,Export,Turkey,31,Fertilizers,Southern Europe,Europe,5548985,38.9597594,34.9249653,40.12399607988535,20.742583178432696
1996,1996,Export,Turkey,31,Fertilizers,Western Europe,Europe,57699,38.9597594,34.9249653,47.92172048214207,7.866753258497997
1996,1996,Export,Turkey,31,Fertilizers,World,World,19388884,38.9597594,34.9249653,,
