yr,periodDesc,rgDesc,rtTitle,cmdCode,cmdDescE,Subregion,Region,TradeValue,rtLat,rtLon,ptLon,ptLat
2003,2003,Import,Turkey,72,Iron and steel,Australia and New Zealand,Oceania,6825601,38.9597594,34.9249653,-16.85099460447687,133.4130365630627
2003,2003,Import,Turkey,72,Iron and steel,Central Asia,Asia,4971842,38.9597594,34.9249653,39.89317229901691,61.060280637304274
2003,2003,Import,Turkey,72,Iron and steel,Eastern Asia,Asia,104599185,38.9597594,34.9249653,37.977378106878206,73.97804075806764
2003,2003,Import,Turkey,72,Iron and steel,Eastern Europe,Europe,2240135898,38.9597594,34.9249653,51.67568633314729,27.673469819741847
2003,2003,Import,Turkey,72,Iron and steel,Latin America and the Caribbean,Americas,43941959,38.9597594,34.9249653,17.925141963241547,-78.01492950057497
2003,2003,Import,Turkey,72,Iron and steel,Micronesia,Oceania,5208443,38.9597594,34.9249653,6.418559504495792,157.6364476938912
2003,2003,Import,Turkey,72,Iron and steel,Northern Africa,Africa,27365218,38.9597594,34.9249653,19.569604022535763,12.47761721199581
2003,2003,Import,Turkey,72,Iron and steel,Northern America,Americas,133019765,38.9597594,34.9249653,43.897683433510366,-100.08947125585888
2003,2003,Import,Turkey,72,Iron and steel,Northern Europe,Europe,472079329,38.9597594,34.9249653,59.36075159783851,25.01346951967388
2003,2003,Import,Turkey,72,Iron and steel,South-eastern Asia,Asia,1559687,38.9597594,34.9249653,10.528384761701911,103.08333472012376
2003,2003,Import,Turkey,72,Iron and steel,Southern Asia,Asia,251009,38.9597594,34.9249653,25.499703063807168,75.5024015339642
2003,2003,Import,Turkey,72,Iron and steel,Southern Europe,Europe,267216545,38.9597594,34.9249653,40.12399607988535,20.742583178432696
2003,2003,Import,Turkey,72,Iron and steel,Sub-Saharan Africa,Africa,24679538,38.9597594,34.9249653,6.06272746187266,22.727528470146083
2003,2003,Import,Turkey,72,Iron and steel,Western Asia,Asia,7409079,38.9597594,34.9249653,26.42921218083572,52.86847103284948
2003,2003,Import,Turkey,72,Iron and steel,Western Europe,Europe,1101920733,38.9597594,34.9249653,47.92172048214207,7.866753258497997
2003,2003,Import,Turkey,72,Iron and steel,World,World,4747844094,38.9597594,34.9249653,,
