yr,periodDesc,rgDesc,rtTitle,cmdCode,cmdDescE,Subregion,Region,TradeValue,rtLat,rtLon,ptLon,ptLat
1994,1994,Import,Turkey,79,Zinc and articles thereof,Central Asia,Asia,5752585,38.9597594,34.9249653,39.89317229901691,61.060280637304274
1994,1994,Import,Turkey,79,Zinc and articles thereof,Eastern Europe,Europe,13647488,38.9597594,34.9249653,51.67568633314729,27.673469819741847
1994,1994,Import,Turkey,79,Zinc and articles thereof,Northern America,Americas,2078,38.9597594,34.9249653,43.897683433510366,-100.08947125585888
1994,1994,Import,Turkey,79,Zinc and articles thereof,Northern Europe,Europe,813930,38.9597594,34.9249653,59.36075159783851,25.01346951967388
1994,1994,Import,Turkey,79,Zinc and articles thereof,Southern Europe,Europe,3353273,38.9597594,34.9249653,40.12399607988535,20.742583178432696
1994,1994,Import,Turkey,79,Zinc and articles thereof,Western Europe,Europe,791672,38.9597594,34.9249653,47.92172048214207,7.866753258497997
1994,1994,Import,Turkey,79,Zinc and articles thereof,World,World,26048841,38.9597594,34.9249653,,
1994,1994,Import,Turkey,79,Zinc and articles thereof,Georgia, Georgia,6005,38.9597594,34.9249653,,
