yr,periodDesc,rgDesc,rtTitle,cmdCode,cmdDescE,Subregion,Region,TradeValue,rtLat,rtLon,ptLon,ptLat
2003,2003,Import,Turkey,78,Lead and articles thereof,Australia and New Zealand,Oceania,880033,38.9597594,34.9249653,-16.85099460447687,133.4130365630627
2003,2003,Import,Turkey,78,Lead and articles thereof,Central Asia,Asia,4908622,38.9597594,34.9249653,39.89317229901691,61.060280637304274
2003,2003,Import,Turkey,78,Lead and articles thereof,Eastern Asia,Asia,1351593,38.9597594,34.9249653,37.977378106878206,73.97804075806764
2003,2003,Import,Turkey,78,Lead and articles thereof,Eastern Europe,Europe,16741000,38.9597594,34.9249653,51.67568633314729,27.673469819741847
2003,2003,Import,Turkey,78,Lead and articles thereof,Latin America and the Caribbean,Americas,2780503,38.9597594,34.9249653,17.925141963241547,-78.01492950057497
2003,2003,Import,Turkey,78,Lead and articles thereof,Northern America,Americas,1186411,38.9597594,34.9249653,43.897683433510366,-100.08947125585888
2003,2003,Import,Turkey,78,Lead and articles thereof,Northern Europe,Europe,141148,38.9597594,34.9249653,59.36075159783851,25.01346951967388
2003,2003,Import,Turkey,78,Lead and articles thereof,Southern Asia,Asia,344667,38.9597594,34.9249653,25.499703063807168,75.5024015339642
2003,2003,Import,Turkey,78,Lead and articles thereof,Southern Europe,Europe,7535241,38.9597594,34.9249653,40.12399607988535,20.742583178432696
2003,2003,Import,Turkey,78,Lead and articles thereof,Sub-Saharan Africa,Africa,4709,38.9597594,34.9249653,6.06272746187266,22.727528470146083
2003,2003,Import,Turkey,78,Lead and articles thereof,Western Europe,Europe,4833421,38.9597594,34.9249653,47.92172048214207,7.866753258497997
2003,2003,Import,Turkey,78,Lead and articles thereof,World,World,45303384,38.9597594,34.9249653,,
2003,2003,Import,Turkey,78,Lead and articles thereof, Cyprus, Cyprus,4611,38.9597594,34.9249653,,
2003,2003,Import,Turkey,78,Lead and articles thereof, Georgia, Georgia,116979,38.9597594,34.9249653,,
2003,2003,Import,Turkey,78,Lead and articles thereof, Lebanon, Lebanon,33726,38.9597594,34.9249653,,
2003,2003,Import,Turkey,78,Lead and articles thereof, Morocco, Morocco,4158201,38.9597594,34.9249653,,
2003,2003,Import,Turkey,78,Lead and articles thereof, Saudi Arabia, Saudi Arabia,278154,38.9597594,34.9249653,,
