yr,periodDesc,rgDesc,rtTitle,cmdCode,cmdDescE,Subregion,Region,TradeValue,rtLat,rtLon,ptLon,ptLat
1993,1993,Export,Turkey,26,"Ores, slag and ash",Australia and New Zealand,Oceania,7001,38.9597594,34.9249653,-16.85099460447687,133.4130365630627
1993,1993,Export,Turkey,26,"Ores, slag and ash",Eastern Asia,Asia,3211317,38.9597594,34.9249653,37.977378106878206,73.97804075806764
1993,1993,Export,Turkey,26,"Ores, slag and ash",Eastern Europe,Europe,8701019,38.9597594,34.9249653,51.67568633314729,27.673469819741847
1993,1993,Export,Turkey,26,"Ores, slag and ash",Northern America,Americas,20000,38.9597594,34.9249653,43.897683433510366,-100.08947125585888
1993,1993,Export,Turkey,26,"Ores, slag and ash",Northern Europe,Europe,1643664,38.9597594,34.9249653,59.36075159783851,25.01346951967388
1993,1993,Export,Turkey,26,"Ores, slag and ash",Southern Europe,Europe,2217426,38.9597594,34.9249653,40.12399607988535,20.742583178432696
1993,1993,Export,Turkey,26,"Ores, slag and ash",Western Europe,Europe,8005510,38.9597594,34.9249653,47.92172048214207,7.866753258497997
1993,1993,Export,Turkey,26,"Ores, slag and ash",World,World,35284795,38.9597594,34.9249653,,
