yr,periodDesc,rgDesc,rtTitle,cmdCode,cmdDescE,Subregion,Region,TradeValue,rtLat,rtLon,ptLon,ptLat
2009,2009,Import,Turkey,37,Photographic or cinematographic goods,Australia and New Zealand,Oceania,34383,38.9597594,34.9249653,-16.85099460447687,133.4130365630627
2009,2009,Import,Turkey,37,Photographic or cinematographic goods,Eastern Asia,Asia,49793101,38.9597594,34.9249653,37.977378106878206,73.97804075806764
2009,2009,Import,Turkey,37,Photographic or cinematographic goods,Eastern Europe,Europe,399660,38.9597594,34.9249653,51.67568633314729,27.673469819741847
2009,2009,Import,Turkey,37,Photographic or cinematographic goods,Latin America and the Caribbean,Americas,2732309,38.9597594,34.9249653,17.925141963241547,-78.01492950057497
2009,2009,Import,Turkey,37,Photographic or cinematographic goods,Northern Africa,Africa,1056,38.9597594,34.9249653,19.569604022535763,12.47761721199581
2009,2009,Import,Turkey,37,Photographic or cinematographic goods,Northern America,Americas,30624402,38.9597594,34.9249653,43.897683433510366,-100.08947125585888
2009,2009,Import,Turkey,37,Photographic or cinematographic goods,Northern Europe,Europe,11438425,38.9597594,34.9249653,59.36075159783851,25.01346951967388
2009,2009,Import,Turkey,37,Photographic or cinematographic goods,South-eastern Asia,Asia,6166764,38.9597594,34.9249653,10.528384761701911,103.08333472012376
2009,2009,Import,Turkey,37,Photographic or cinematographic goods,Southern Europe,Europe,20122287,38.9597594,34.9249653,40.12399607988535,20.742583178432696
2009,2009,Import,Turkey,37,Photographic or cinematographic goods,Western Europe,Europe,87143892,38.9597594,34.9249653,47.92172048214207,7.866753258497997
2009,2009,Import,Turkey,37,Photographic or cinematographic goods,World,World,217267836,38.9597594,34.9249653,,
