yr,periodDesc,rgDesc,rtTitle,cmdCode,cmdDescE,Subregion,Region,TradeValue,rtLat,rtLon,ptLon,ptLat
1993,1993,Export,Turkey,70,Glass and glassware,Australia and New Zealand,Oceania,2213972,38.9597594,34.9249653,-16.85099460447687,133.4130365630627
1993,1993,Export,Turkey,70,Glass and glassware,Central Asia,Asia,1000311,38.9597594,34.9249653,39.89317229901691,61.060280637304274
1993,1993,Export,Turkey,70,Glass and glassware,Eastern Asia,Asia,5967808,38.9597594,34.9249653,37.977378106878206,73.97804075806764
1993,1993,Export,Turkey,70,Glass and glassware,Eastern Europe,Europe,4032284,38.9597594,34.9249653,51.67568633314729,27.673469819741847
1993,1993,Export,Turkey,70,Glass and glassware,Latin America and the Caribbean,Americas,1781997,38.9597594,34.9249653,17.925141963241547,-78.01492950057497
1993,1993,Export,Turkey,70,Glass and glassware,Northern Africa,Africa,11125890,38.9597594,34.9249653,19.569604022535763,12.47761721199581
1993,1993,Export,Turkey,70,Glass and glassware,Northern America,Americas,7554959,38.9597594,34.9249653,43.897683433510366,-100.08947125585888
1993,1993,Export,Turkey,70,Glass and glassware,Northern Europe,Europe,12256505,38.9597594,34.9249653,59.36075159783851,25.01346951967388
1993,1993,Export,Turkey,70,Glass and glassware,Polynesia,Oceania,10650,38.9597594,34.9249653,-5.109184731250752,167.40343615892436
1993,1993,Export,Turkey,70,Glass and glassware,South-eastern Asia,Asia,992561,38.9597594,34.9249653,10.528384761701911,103.08333472012376
1993,1993,Export,Turkey,70,Glass and glassware,Southern Asia,Asia,13930692,38.9597594,34.9249653,25.499703063807168,75.5024015339642
1993,1993,Export,Turkey,70,Glass and glassware,Southern Europe,Europe,27319377,38.9597594,34.9249653,40.12399607988535,20.742583178432696
1993,1993,Export,Turkey,70,Glass and glassware,Sub-Saharan Africa,Africa,118298,38.9597594,34.9249653,6.06272746187266,22.727528470146083
1993,1993,Export,Turkey,70,Glass and glassware,Western Asia,Asia,1245073,38.9597594,34.9249653,26.42921218083572,52.86847103284948
1993,1993,Export,Turkey,70,Glass and glassware,Western Europe,Europe,57537320,38.9597594,34.9249653,47.92172048214207,7.866753258497997
1993,1993,Export,Turkey,70,Glass and glassware,World,World,188767320,38.9597594,34.9249653,,
