yr,periodDesc,rgDesc,rtTitle,cmdCode,cmdDescE,Subregion,Region,TradeValue,rtLat,rtLon,ptLon,ptLat
1996,1996,Export,Turkey,30,Pharmaceutical products,Central Asia,Asia,2959057,38.9597594,34.9249653,39.89317229901691,61.060280637304274
1996,1996,Export,Turkey,30,Pharmaceutical products,Eastern Asia,Asia,1114405,38.9597594,34.9249653,37.977378106878206,73.97804075806764
1996,1996,Export,Turkey,30,Pharmaceutical products,Eastern Europe,Europe,23720137,38.9597594,34.9249653,51.67568633314729,27.673469819741847
1996,1996,Export,Turkey,30,Pharmaceutical products,Latin America and the Caribbean,Americas,2858857,38.9597594,34.9249653,17.925141963241547,-78.01492950057497
1996,1996,Export,Turkey,30,Pharmaceutical products,Northern Africa,Africa,703420,38.9597594,34.9249653,19.569604022535763,12.47761721199581
1996,1996,Export,Turkey,30,Pharmaceutical products,Northern America,Americas,39192,38.9597594,34.9249653,43.897683433510366,-100.08947125585888
1996,1996,Export,Turkey,30,Pharmaceutical products,Northern Europe,Europe,2086162,38.9597594,34.9249653,59.36075159783851,25.01346951967388
1996,1996,Export,Turkey,30,Pharmaceutical products,South-eastern Asia,Asia,17977,38.9597594,34.9249653,10.528384761701911,103.08333472012376
1996,1996,Export,Turkey,30,Pharmaceutical products,Southern Europe,Europe,11686908,38.9597594,34.9249653,40.12399607988535,20.742583178432696
1996,1996,Export,Turkey,30,Pharmaceutical products,Sub-Saharan Africa,Africa,1035373,38.9597594,34.9249653,6.06272746187266,22.727528470146083
1996,1996,Export,Turkey,30,Pharmaceutical products,Western Europe,Europe,10887244,38.9597594,34.9249653,47.92172048214207,7.866753258497997
1996,1996,Export,Turkey,30,Pharmaceutical products,World,World,70816848,38.9597594,34.9249653,,
