yr,periodDesc,rgDesc,rtTitle,cmdCode,cmdDescE,Subregion,Region,TradeValue,rtLat,rtLon,ptLon,ptLat
2017,2017,Export,Turkey,26,"Ores, slag and ash",Central Asia,Asia,60956,38.9597594,34.9249653,39.89317229901691,61.060280637304274
2017,2017,Export,Turkey,26,"Ores, slag and ash",Eastern Asia,Asia,718396183,38.9597594,34.9249653,37.977378106878206,73.97804075806764
2017,2017,Export,Turkey,26,"Ores, slag and ash",Eastern Europe,Europe,139454822,38.9597594,34.9249653,51.67568633314729,27.673469819741847
2017,2017,Export,Turkey,26,"Ores, slag and ash",Latin America and the Caribbean,Americas,8824257,38.9597594,34.9249653,17.925141963241547,-78.01492950057497
2017,2017,Export,Turkey,26,"Ores, slag and ash",Northern Africa,Africa,69142,38.9597594,34.9249653,19.569604022535763,12.47761721199581
2017,2017,Export,Turkey,26,"Ores, slag and ash",Northern America,Americas,5514351,38.9597594,34.9249653,43.897683433510366,-100.08947125585888
2017,2017,Export,Turkey,26,"Ores, slag and ash",Northern Europe,Europe,89733848,38.9597594,34.9249653,59.36075159783851,25.01346951967388
2017,2017,Export,Turkey,26,"Ores, slag and ash",South-eastern Asia,Asia,8726192,38.9597594,34.9249653,10.528384761701911,103.08333472012376
2017,2017,Export,Turkey,26,"Ores, slag and ash",Southern Asia,Asia,71642538,38.9597594,34.9249653,25.499703063807168,75.5024015339642
2017,2017,Export,Turkey,26,"Ores, slag and ash",Southern Europe,Europe,78267161,38.9597594,34.9249653,40.12399607988535,20.742583178432696
2017,2017,Export,Turkey,26,"Ores, slag and ash",Sub-Saharan Africa,Africa,11161459,38.9597594,34.9249653,6.06272746187266,22.727528470146083
2017,2017,Export,Turkey,26,"Ores, slag and ash",Western Asia,Asia,79312,38.9597594,34.9249653,26.42921218083572,52.86847103284948
2017,2017,Export,Turkey,26,"Ores, slag and ash",Western Europe,Europe,238460865,38.9597594,34.9249653,47.92172048214207,7.866753258497997
2017,2017,Export,Turkey,26,"Ores, slag and ash",World,World,1396672456,38.9597594,34.9249653,,
