yr,periodDesc,rgDesc,rtTitle,cmdCode,cmdDescE,Subregion,Region,TradeValue,rtLat,rtLon,ptLon,ptLat
1996,1996,Import,Turkey,18,Cocoa and cocoa preparations,Eastern Europe,Europe,1000,38.9597594,34.9249653,51.67568633314729,27.673469819741847
1996,1996,Import,Turkey,18,Cocoa and cocoa preparations,Northern America,Americas,93431,38.9597594,34.9249653,43.897683433510366,-100.08947125585888
1996,1996,Import,Turkey,18,Cocoa and cocoa preparations,Northern Europe,Europe,348614,38.9597594,34.9249653,59.36075159783851,25.01346951967388
1996,1996,Import,Turkey,18,Cocoa and cocoa preparations,South-eastern Asia,Asia,1221555,38.9597594,34.9249653,10.528384761701911,103.08333472012376
1996,1996,Import,Turkey,18,Cocoa and cocoa preparations,Southern Europe,Europe,5609409,38.9597594,34.9249653,40.12399607988535,20.742583178432696
1996,1996,Import,Turkey,18,Cocoa and cocoa preparations,Sub-Saharan Africa,Africa,23321293,38.9597594,34.9249653,6.06272746187266,22.727528470146083
1996,1996,Import,Turkey,18,Cocoa and cocoa preparations,Western Europe,Europe,15363454,38.9597594,34.9249653,47.92172048214207,7.866753258497997
1996,1996,Import,Turkey,18,Cocoa and cocoa preparations,World,World,47386908,38.9597594,34.9249653,,
1996,1996,Import,Turkey,18,Cocoa and cocoa preparations,Cyprus, Cyprus,124384,38.9597594,34.9249653,,
1996,1996,Import,Turkey,18,Cocoa and cocoa preparations,Lebanon, Lebanon,115242,38.9597594,34.9249653,,
