yr,periodDesc,rgDesc,rtTitle,cmdCode,cmdDescE,Subregion,Region,TradeValue,rtLat,rtLon,ptLon,ptLat
2012,2012,Import,Turkey,38,Chemical products n.e.c.,Australia and New Zealand,Oceania,1963216,38.9597594,34.9249653,-16.85099460447687,133.4130365630627
2012,2012,Import,Turkey,38,Chemical products n.e.c.,Central Asia,Asia,696944,38.9597594,34.9249653,39.89317229901691,61.060280637304274
2012,2012,Import,Turkey,38,Chemical products n.e.c.,Eastern Asia,Asia,186021131,38.9597594,34.9249653,37.977378106878206,73.97804075806764
2012,2012,Import,Turkey,38,Chemical products n.e.c.,Eastern Europe,Europe,34660548,38.9597594,34.9249653,51.67568633314729,27.673469819741847
2012,2012,Import,Turkey,38,Chemical products n.e.c.,Latin America and the Caribbean,Americas,14889545,38.9597594,34.9249653,17.925141963241547,-78.01492950057497
2012,2012,Import,Turkey,38,Chemical products n.e.c.,Northern Africa,Africa,65424306,38.9597594,34.9249653,19.569604022535763,12.47761721199581
2012,2012,Import,Turkey,38,Chemical products n.e.c.,Northern America,Americas,149815961,38.9597594,34.9249653,43.897683433510366,-100.08947125585888
2012,2012,Import,Turkey,38,Chemical products n.e.c.,Northern Europe,Europe,227287710,38.9597594,34.9249653,59.36075159783851,25.01346951967388
2012,2012,Import,Turkey,38,Chemical products n.e.c.,South-eastern Asia,Asia,93272257,38.9597594,34.9249653,10.528384761701911,103.08333472012376
2012,2012,Import,Turkey,38,Chemical products n.e.c.,Southern Asia,Asia,11087147,38.9597594,34.9249653,25.499703063807168,75.5024015339642
2012,2012,Import,Turkey,38,Chemical products n.e.c.,Southern Europe,Europe,297216040,38.9597594,34.9249653,40.12399607988535,20.742583178432696
2012,2012,Import,Turkey,38,Chemical products n.e.c.,Sub-Saharan Africa,Africa,2569239,38.9597594,34.9249653,6.06272746187266,22.727528470146083
2012,2012,Import,Turkey,38,Chemical products n.e.c.,Western Asia,Asia,268606,38.9597594,34.9249653,26.42921218083572,52.86847103284948
2012,2012,Import,Turkey,38,Chemical products n.e.c.,Western Europe,Europe,846589647,38.9597594,34.9249653,47.92172048214207,7.866753258497997
2012,2012,Import,Turkey,38,Chemical products n.e.c.,World,World,2053156279,38.9597594,34.9249653,,
