yr,periodDesc,rgDesc,rtTitle,cmdCode,cmdDescE,Subregion,Region,TradeValue,rtLat,rtLon,ptLon,ptLat
2009,2009,Export,Turkey,29,Organic chemicals,Central Asia,Asia,5861352,38.9597594,34.9249653,39.89317229901691,61.060280637304274
2009,2009,Export,Turkey,29,Organic chemicals,Eastern Asia,Asia,10999277,38.9597594,34.9249653,37.977378106878206,73.97804075806764
2009,2009,Export,Turkey,29,Organic chemicals,Eastern Europe,Europe,14048341,38.9597594,34.9249653,51.67568633314729,27.673469819741847
2009,2009,Export,Turkey,29,Organic chemicals,Latin America and the Caribbean,Americas,1261794,38.9597594,34.9249653,17.925141963241547,-78.01492950057497
2009,2009,Export,Turkey,29,Organic chemicals,Northern Africa,Africa,15978356,38.9597594,34.9249653,19.569604022535763,12.47761721199581
2009,2009,Export,Turkey,29,Organic chemicals,Northern America,Americas,64703557,38.9597594,34.9249653,43.897683433510366,-100.08947125585888
2009,2009,Export,Turkey,29,Organic chemicals,Northern Europe,Europe,12359942,38.9597594,34.9249653,59.36075159783851,25.01346951967388
2009,2009,Export,Turkey,29,Organic chemicals,South-eastern Asia,Asia,15683704,38.9597594,34.9249653,10.528384761701911,103.08333472012376
2009,2009,Export,Turkey,29,Organic chemicals,Southern Asia,Asia,5573760,38.9597594,34.9249653,25.499703063807168,75.5024015339642
2009,2009,Export,Turkey,29,Organic chemicals,Southern Europe,Europe,121662659,38.9597594,34.9249653,40.12399607988535,20.742583178432696
2009,2009,Export,Turkey,29,Organic chemicals,Sub-Saharan Africa,Africa,572881,38.9597594,34.9249653,6.06272746187266,22.727528470146083
2009,2009,Export,Turkey,29,Organic chemicals,Western Asia,Asia,3012835,38.9597594,34.9249653,26.42921218083572,52.86847103284948
2009,2009,Export,Turkey,29,Organic chemicals,Western Europe,Europe,26336803,38.9597594,34.9249653,47.92172048214207,7.866753258497997
2009,2009,Export,Turkey,29,Organic chemicals,World,World,347697738,38.9597594,34.9249653,,
