yr,periodDesc,rgDesc,rtTitle,cmdCode,cmdDescE,Subregion,Region,TradeValue,rtLat,rtLon,ptLon,ptLat
1992,1992,Import,Turkey,80,Tin and articles thereof,Eastern Asia,Asia,1471430,38.9597594,34.9249653,37.977378106878206,73.97804075806764
1992,1992,Import,Turkey,80,Tin and articles thereof,Latin America and the Caribbean,Americas,301893,38.9597594,34.9249653,17.925141963241547,-78.01492950057497
1992,1992,Import,Turkey,80,Tin and articles thereof,Northern America,Americas,13784,38.9597594,34.9249653,43.897683433510366,-100.08947125585888
1992,1992,Import,Turkey,80,Tin and articles thereof,Northern Europe,Europe,2118065,38.9597594,34.9249653,59.36075159783851,25.01346951967388
1992,1992,Import,Turkey,80,Tin and articles thereof,South-eastern Asia,Asia,1472638,38.9597594,34.9249653,10.528384761701911,103.08333472012376
1992,1992,Import,Turkey,80,Tin and articles thereof,Southern Europe,Europe,115432,38.9597594,34.9249653,40.12399607988535,20.742583178432696
1992,1992,Import,Turkey,80,Tin and articles thereof,Western Europe,Europe,252641,38.9597594,34.9249653,47.92172048214207,7.866753258497997
1992,1992,Import,Turkey,80,Tin and articles thereof,World,World,5851059,38.9597594,34.9249653,,
