yr,periodDesc,rgDesc,rtTitle,cmdCode,cmdDescE,Subregion,Region,TradeValue,rtLat,rtLon,ptLon,ptLat
2000,2000,Export,Turkey,91,Clocks and watches and parts thereof,Australia and New Zealand,Oceania,1289,38.9597594,34.9249653,-16.85099460447687,133.4130365630627
2000,2000,Export,Turkey,91,Clocks and watches and parts thereof,Central Asia,Asia,87819,38.9597594,34.9249653,39.89317229901691,61.060280637304274
2000,2000,Export,Turkey,91,Clocks and watches and parts thereof,Eastern Asia,Asia,593318,38.9597594,34.9249653,37.977378106878206,73.97804075806764
2000,2000,Export,Turkey,91,Clocks and watches and parts thereof,Eastern Europe,Europe,65027,38.9597594,34.9249653,51.67568633314729,27.673469819741847
2000,2000,Export,Turkey,91,Clocks and watches and parts thereof,Latin America and the Caribbean,Americas,468,38.9597594,34.9249653,17.925141963241547,-78.01492950057497
2000,2000,Export,Turkey,91,Clocks and watches and parts thereof,Northern Africa,Africa,23742,38.9597594,34.9249653,19.569604022535763,12.47761721199581
2000,2000,Export,Turkey,91,Clocks and watches and parts thereof,Northern America,Americas,1456372,38.9597594,34.9249653,43.897683433510366,-100.08947125585888
2000,2000,Export,Turkey,91,Clocks and watches and parts thereof,Northern Europe,Europe,203910,38.9597594,34.9249653,59.36075159783851,25.01346951967388
2000,2000,Export,Turkey,91,Clocks and watches and parts thereof,South-eastern Asia,Asia,9851,38.9597594,34.9249653,10.528384761701911,103.08333472012376
2000,2000,Export,Turkey,91,Clocks and watches and parts thereof,Southern Asia,Asia,16360,38.9597594,34.9249653,25.499703063807168,75.5024015339642
2000,2000,Export,Turkey,91,Clocks and watches and parts thereof,Southern Europe,Europe,331506,38.9597594,34.9249653,40.12399607988535,20.742583178432696
2000,2000,Export,Turkey,91,Clocks and watches and parts thereof,Sub-Saharan Africa,Africa,2137,38.9597594,34.9249653,6.06272746187266,22.727528470146083
2000,2000,Export,Turkey,91,Clocks and watches and parts thereof,Western Europe,Europe,820476,38.9597594,34.9249653,47.92172048214207,7.866753258497997
2000,2000,Export,Turkey,91,Clocks and watches and parts thereof,World,World,4414090,38.9597594,34.9249653,,
