yr,periodDesc,rgDesc,rtTitle,cmdCode,cmdDescE,Subregion,Region,TradeValue,rtLat,rtLon,ptLon,ptLat
2001,2001,Import,Turkey,78,Lead and articles thereof,Australia and New Zealand,Oceania,4821,38.9597594,34.9249653,-16.85099460447687,133.4130365630627
2001,2001,Import,Turkey,78,Lead and articles thereof,Eastern Asia,Asia,3452,38.9597594,34.9249653,37.977378106878206,73.97804075806764
2001,2001,Import,Turkey,78,Lead and articles thereof,Eastern Europe,Europe,13708864,38.9597594,34.9249653,51.67568633314729,27.673469819741847
2001,2001,Import,Turkey,78,Lead and articles thereof,Northern America,Americas,11198,38.9597594,34.9249653,43.897683433510366,-100.08947125585888
2001,2001,Import,Turkey,78,Lead and articles thereof,Northern Europe,Europe,327493,38.9597594,34.9249653,59.36075159783851,25.01346951967388
2001,2001,Import,Turkey,78,Lead and articles thereof,Southern Europe,Europe,2741803,38.9597594,34.9249653,40.12399607988535,20.742583178432696
2001,2001,Import,Turkey,78,Lead and articles thereof,Sub-Saharan Africa,Africa,1168,38.9597594,34.9249653,6.06272746187266,22.727528470146083
2001,2001,Import,Turkey,78,Lead and articles thereof,Western Europe,Europe,2984331,38.9597594,34.9249653,47.92172048214207,7.866753258497997
2001,2001,Import,Turkey,78,Lead and articles thereof,World,World,24890433,38.9597594,34.9249653,,
