yr,periodDesc,rgDesc,rtTitle,cmdCode,cmdDescE,Subregion,Region,TradeValue,rtLat,rtLon,ptLon,ptLat
2014,2014,Import,Turkey,45,Cork and articles of cork,Eastern Asia,Asia,413477,38.9597594,34.9249653,37.977378106878206,73.97804075806764
2014,2014,Import,Turkey,45,Cork and articles of cork,Eastern Europe,Europe,13123,38.9597594,34.9249653,51.67568633314729,27.673469819741847
2014,2014,Import,Turkey,45,Cork and articles of cork,Latin America and the Caribbean,Americas,188,38.9597594,34.9249653,17.925141963241547,-78.01492950057497
2014,2014,Import,Turkey,45,Cork and articles of cork,Northern America,Americas,50772,38.9597594,34.9249653,43.897683433510366,-100.08947125585888
2014,2014,Import,Turkey,45,Cork and articles of cork,Northern Europe,Europe,54179,38.9597594,34.9249653,59.36075159783851,25.01346951967388
2014,2014,Import,Turkey,45,Cork and articles of cork,South-eastern Asia,Asia,506,38.9597594,34.9249653,10.528384761701911,103.08333472012376
2014,2014,Import,Turkey,45,Cork and articles of cork,Southern Europe,Europe,4921654,38.9597594,34.9249653,40.12399607988535,20.742583178432696
2014,2014,Import,Turkey,45,Cork and articles of cork,Tunisia,Tunisia,37800,38.9597594,34.9249653,,
2014,2014,Import,Turkey,45,Cork and articles of cork,Western Europe,Europe,1870403,38.9597594,34.9249653,47.92172048214207,7.866753258497997
2014,2014,Import,Turkey,45,Cork and articles of cork,World,World,7381680,38.9597594,34.9249653,,
2014,2014,Import,Turkey,45,Cork and articles of cork,Morocco, Morocco,745,38.9597594,34.9249653,,
