yr,periodDesc,rgDesc,rtTitle,cmdCode,cmdDescE,Subregion,Region,TradeValue,rtLat,rtLon,ptLon,ptLat
1992,1992,Export,Turkey,39,Plastics and articles thereof,Australia and New Zealand,Oceania,102255,38.9597594,34.9249653,-16.85099460447687,133.4130365630627
1992,1992,Export,Turkey,39,Plastics and articles thereof,Central Asia,Asia,1574180,38.9597594,34.9249653,39.89317229901691,61.060280637304274
1992,1992,Export,Turkey,39,Plastics and articles thereof,Eastern Asia,Asia,7540134,38.9597594,34.9249653,37.977378106878206,73.97804075806764
1992,1992,Export,Turkey,39,Plastics and articles thereof,Eastern Europe,Europe,10723513,38.9597594,34.9249653,51.67568633314729,27.673469819741847
1992,1992,Export,Turkey,39,Plastics and articles thereof,Latin America and the Caribbean,Americas,6030,38.9597594,34.9249653,17.925141963241547,-78.01492950057497
1992,1992,Export,Turkey,39,Plastics and articles thereof,Northern Africa,Africa,10409571,38.9597594,34.9249653,19.569604022535763,12.47761721199581
1992,1992,Export,Turkey,39,Plastics and articles thereof,Northern America,Americas,7322400,38.9597594,34.9249653,43.897683433510366,-100.08947125585888
1992,1992,Export,Turkey,39,Plastics and articles thereof,Northern Europe,Europe,8209967,38.9597594,34.9249653,59.36075159783851,25.01346951967388
1992,1992,Export,Turkey,39,Plastics and articles thereof,South-eastern Asia,Asia,86035,38.9597594,34.9249653,10.528384761701911,103.08333472012376
1992,1992,Export,Turkey,39,Plastics and articles thereof,Southern Asia,Asia,44616679,38.9597594,34.9249653,25.499703063807168,75.5024015339642
1992,1992,Export,Turkey,39,Plastics and articles thereof,Southern Europe,Europe,27906298,38.9597594,34.9249653,40.12399607988535,20.742583178432696
1992,1992,Export,Turkey,39,Plastics and articles thereof,Sub-Saharan Africa,Africa,189577,38.9597594,34.9249653,6.06272746187266,22.727528470146083
1992,1992,Export,Turkey,39,Plastics and articles thereof,Western Asia,Asia,7577923,38.9597594,34.9249653,26.42921218083572,52.86847103284948
1992,1992,Export,Turkey,39,Plastics and articles thereof,Western Europe,Europe,22978659,38.9597594,34.9249653,47.92172048214207,7.866753258497997
1992,1992,Export,Turkey,39,Plastics and articles thereof,World,World,190471668,38.9597594,34.9249653,,
