yr,periodDesc,rgDesc,rtTitle,cmdCode,cmdDescE,Subregion,Region,TradeValue,rtLat,rtLon,ptLon,ptLat
1998,1998,Import,Turkey,1,Live animals,Australia and New Zealand,Oceania,20332,38.9597594,34.9249653,-16.85099460447687,133.4130365630627
1998,1998,Import,Turkey,1,Live animals,Central Asia,Asia,80052,38.9597594,34.9249653,39.89317229901691,61.060280637304274
1998,1998,Import,Turkey,1,Live animals,Eastern Asia,Asia,44251,38.9597594,34.9249653,37.977378106878206,73.97804075806764
1998,1998,Import,Turkey,1,Live animals,Eastern Europe,Europe,514172,38.9597594,34.9249653,51.67568633314729,27.673469819741847
1998,1998,Import,Turkey,1,Live animals,Northern America,Americas,8866281,38.9597594,34.9249653,43.897683433510366,-100.08947125585888
1998,1998,Import,Turkey,1,Live animals,Northern Europe,Europe,10603676,38.9597594,34.9249653,59.36075159783851,25.01346951967388
1998,1998,Import,Turkey,1,Live animals,Southern Europe,Europe,202966,38.9597594,34.9249653,40.12399607988535,20.742583178432696
1998,1998,Import,Turkey,1,Live animals,Western Europe,Europe,4929170,38.9597594,34.9249653,47.92172048214207,7.866753258497997
1998,1998,Import,Turkey,1,Live animals,World,World,26090856,38.9597594,34.9249653,,
