yr,periodDesc,rgDesc,rtTitle,cmdCode,cmdDescE,Subregion,Region,TradeValue,rtLat,rtLon,ptLon,ptLat
2008,2008,Export,Turkey,55,Man-made staple fibres,Australia and New Zealand,Oceania,3292332,38.9597594,34.9249653,-16.85099460447687,133.4130365630627
2008,2008,Export,Turkey,55,Man-made staple fibres,Central Asia,Asia,10508453,38.9597594,34.9249653,39.89317229901691,61.060280637304274
2008,2008,Export,Turkey,55,Man-made staple fibres,Eastern Asia,Asia,32188099,38.9597594,34.9249653,37.977378106878206,73.97804075806764
2008,2008,Export,Turkey,55,Man-made staple fibres,Eastern Europe,Europe,184598963,38.9597594,34.9249653,51.67568633314729,27.673469819741847
2008,2008,Export,Turkey,55,Man-made staple fibres,Latin America and the Caribbean,Americas,23762568,38.9597594,34.9249653,17.925141963241547,-78.01492950057497
2008,2008,Export,Turkey,55,Man-made staple fibres,Micronesia,Oceania,3071308,38.9597594,34.9249653,6.418559504495792,157.6364476938912
2008,2008,Export,Turkey,55,Man-made staple fibres,Northern Africa,Africa,60694202,38.9597594,34.9249653,19.569604022535763,12.47761721199581
2008,2008,Export,Turkey,55,Man-made staple fibres,Northern America,Americas,89478283,38.9597594,34.9249653,43.897683433510366,-100.08947125585888
2008,2008,Export,Turkey,55,Man-made staple fibres,Northern Europe,Europe,59835403,38.9597594,34.9249653,59.36075159783851,25.01346951967388
2008,2008,Export,Turkey,55,Man-made staple fibres,South-eastern Asia,Asia,16289003,38.9597594,34.9249653,10.528384761701911,103.08333472012376
2008,2008,Export,Turkey,55,Man-made staple fibres,Southern Asia,Asia,62517242,38.9597594,34.9249653,25.499703063807168,75.5024015339642
2008,2008,Export,Turkey,55,Man-made staple fibres,Southern Europe,Europe,190228578,38.9597594,34.9249653,40.12399607988535,20.742583178432696
2008,2008,Export,Turkey,55,Man-made staple fibres,Sub-Saharan Africa,Africa,15224651,38.9597594,34.9249653,6.06272746187266,22.727528470146083
2008,2008,Export,Turkey,55,Man-made staple fibres,Western Asia,Asia,54373194,38.9597594,34.9249653,26.42921218083572,52.86847103284948
2008,2008,Export,Turkey,55,Man-made staple fibres,Western Europe,Europe,107799828,38.9597594,34.9249653,47.92172048214207,7.866753258497997
2008,2008,Export,Turkey,55,Man-made staple fibres,World,World,1035586443,38.9597594,34.9249653,,
