yr,periodDesc,rgDesc,rtTitle,cmdCode,cmdDescE,Subregion,Region,TradeValue,rtLat,rtLon,ptLon,ptLat
2014,2014,Export,Turkey,24,Tobacco and manufactured tobacco substitutes,Central Asia,Asia,3204471,38.9597594,34.9249653,39.89317229901691,61.060280637304274
2014,2014,Export,Turkey,24,Tobacco and manufactured tobacco substitutes,Eastern Asia,Asia,22273093,38.9597594,34.9249653,37.977378106878206,73.97804075806764
2014,2014,Export,Turkey,24,Tobacco and manufactured tobacco substitutes,Eastern Europe,Europe,90736051,38.9597594,34.9249653,51.67568633314729,27.673469819741847
2014,2014,Export,Turkey,24,Tobacco and manufactured tobacco substitutes,Latin America and the Caribbean,Americas,32031738,38.9597594,34.9249653,17.925141963241547,-78.01492950057497
2014,2014,Export,Turkey,24,Tobacco and manufactured tobacco substitutes,Micronesia,Oceania,1304202,38.9597594,34.9249653,6.418559504495792,157.6364476938912
2014,2014,Export,Turkey,24,Tobacco and manufactured tobacco substitutes,Northern Africa,Africa,25138957,38.9597594,34.9249653,19.569604022535763,12.47761721199581
2014,2014,Export,Turkey,24,Tobacco and manufactured tobacco substitutes,Northern America,Americas,189590098,38.9597594,34.9249653,43.897683433510366,-100.08947125585888
2014,2014,Export,Turkey,24,Tobacco and manufactured tobacco substitutes,Northern Europe,Europe,6157425,38.9597594,34.9249653,59.36075159783851,25.01346951967388
2014,2014,Export,Turkey,24,Tobacco and manufactured tobacco substitutes,South-eastern Asia,Asia,73804768,38.9597594,34.9249653,10.528384761701911,103.08333472012376
2014,2014,Export,Turkey,24,Tobacco and manufactured tobacco substitutes,Southern Asia,Asia,133092706,38.9597594,34.9249653,25.499703063807168,75.5024015339642
2014,2014,Export,Turkey,24,Tobacco and manufactured tobacco substitutes,Southern Europe,Europe,10462825,38.9597594,34.9249653,40.12399607988535,20.742583178432696
2014,2014,Export,Turkey,24,Tobacco and manufactured tobacco substitutes,Sub-Saharan Africa,Africa,10718492,38.9597594,34.9249653,6.06272746187266,22.727528470146083
2014,2014,Export,Turkey,24,Tobacco and manufactured tobacco substitutes,Western Asia,Asia,69243599,38.9597594,34.9249653,26.42921218083572,52.86847103284948
2014,2014,Export,Turkey,24,Tobacco and manufactured tobacco substitutes,Western Europe,Europe,149714841,38.9597594,34.9249653,47.92172048214207,7.866753258497997
2014,2014,Export,Turkey,24,Tobacco and manufactured tobacco substitutes,World,World,1365169901,38.9597594,34.9249653,,
