yr,periodDesc,rgDesc,rtTitle,cmdCode,cmdDescE,Subregion,Region,TradeValue,rtLat,rtLon,ptLon,ptLat
2018,2018,Import,Turkey,79,Zinc and articles thereof,Central Asia,Asia,265355181,38.9597594,34.9249653,39.89317229901691,61.060280637304274
2018,2018,Import,Turkey,79,Zinc and articles thereof,Eastern Asia,Asia,2207023,38.9597594,34.9249653,37.977378106878206,73.97804075806764
2018,2018,Import,Turkey,79,Zinc and articles thereof,Eastern Europe,Europe,123797045,38.9597594,34.9249653,51.67568633314729,27.673469819741847
2018,2018,Import,Turkey,79,Zinc and articles thereof,Latin America and the Caribbean,Americas,48257551,38.9597594,34.9249653,17.925141963241547,-78.01492950057497
2018,2018,Import,Turkey,79,Zinc and articles thereof,Northern Africa,Africa,50131,38.9597594,34.9249653,19.569604022535763,12.47761721199581
2018,2018,Import,Turkey,79,Zinc and articles thereof,Northern America,Americas,412312,38.9597594,34.9249653,43.897683433510366,-100.08947125585888
2018,2018,Import,Turkey,79,Zinc and articles thereof,Northern Europe,Europe,12329402,38.9597594,34.9249653,59.36075159783851,25.01346951967388
2018,2018,Import,Turkey,79,Zinc and articles thereof,South-eastern Asia,Asia,3914,38.9597594,34.9249653,10.528384761701911,103.08333472012376
2018,2018,Import,Turkey,79,Zinc and articles thereof,Southern Asia,Asia,186770797,38.9597594,34.9249653,25.499703063807168,75.5024015339642
2018,2018,Import,Turkey,79,Zinc and articles thereof,Southern Europe,Europe,160425036,38.9597594,34.9249653,40.12399607988535,20.742583178432696
2018,2018,Import,Turkey,79,Zinc and articles thereof,Sub-Saharan Africa,Africa,1326411,38.9597594,34.9249653,6.06272746187266,22.727528470146083
2018,2018,Import,Turkey,79,Zinc and articles thereof,Western Europe,Europe,44687627,38.9597594,34.9249653,47.92172048214207,7.866753258497997
2018,2018,Import,Turkey,79,Zinc and articles thereof,World,World,849132073,38.9597594,34.9249653,,
