yr,periodDesc,rgDesc,rtTitle,cmdCode,cmdDescE,Subregion,Region,TradeValue,rtLat,rtLon,ptLon,ptLat
2020,2020,Export,United Arab Emirates,60,Fabrics; knitted or crocheted,Australia and New Zealand,Oceania,50,24.0002488,53.9994829,-16.85099460447687,133.4130365630627
2020,2020,Export,United Arab Emirates,60,Fabrics; knitted or crocheted,Central Asia,Asia,753182,24.0002488,53.9994829,39.89317229901691,61.060280637304274
2020,2020,Export,United Arab Emirates,60,Fabrics; knitted or crocheted,Eastern Asia,Asia,2873606,24.0002488,53.9994829,37.977378106878206,73.97804075806764
2020,2020,Export,United Arab Emirates,60,Fabrics; knitted or crocheted,Eastern Europe,Europe,1608644,24.0002488,53.9994829,51.67568633314729,27.673469819741847
2020,2020,Export,United Arab Emirates,60,Fabrics; knitted or crocheted,Northern Africa,Africa,739806,24.0002488,53.9994829,19.569604022535763,12.47761721199581
2020,2020,Export,United Arab Emirates,60,Fabrics; knitted or crocheted,Northern America,Americas,450998,24.0002488,53.9994829,43.897683433510366,-100.08947125585888
2020,2020,Export,United Arab Emirates,60,Fabrics; knitted or crocheted,Northern Europe,Europe,378546,24.0002488,53.9994829,59.36075159783851,25.01346951967388
2020,2020,Export,United Arab Emirates,60,Fabrics; knitted or crocheted,Polynesia,Oceania,5908,24.0002488,53.9994829,-5.109184731250752,167.40343615892436
2020,2020,Export,United Arab Emirates,60,Fabrics; knitted or crocheted,South-eastern Asia,Asia,50805,24.0002488,53.9994829,10.528384761701911,103.08333472012376
2020,2020,Export,United Arab Emirates,60,Fabrics; knitted or crocheted,Southern Asia,Asia,16526744,24.0002488,53.9994829,25.499703063807168,75.5024015339642
2020,2020,Export,United Arab Emirates,60,Fabrics; knitted or crocheted,Southern Europe,Europe,264312,24.0002488,53.9994829,40.12399607988535,20.742583178432696
2020,2020,Export,United Arab Emirates,60,Fabrics; knitted or crocheted,Sub-Saharan Africa,Africa,7293658,24.0002488,53.9994829,6.06272746187266,22.727528470146083
2020,2020,Export,United Arab Emirates,60,Fabrics; knitted or crocheted,Western Asia,Asia,779621,24.0002488,53.9994829,26.42921218083572,52.86847103284948
2020,2020,Export,United Arab Emirates,60,Fabrics; knitted or crocheted,Western Europe,Europe,70232,24.0002488,53.9994829,47.92172048214207,7.866753258497997
2020,2020,Export,United Arab Emirates,60,Fabrics; knitted or crocheted,World,World,56500287,24.0002488,53.9994829,,
