yr,periodDesc,rgDesc,rtTitle,cmdCode,cmdDescE,Subregion,Region,TradeValue,rtLat,rtLon,ptLon,ptLat
1991,1991,Import,United Arab Emirates,30,Pharmaceutical products,Australia and New Zealand,Oceania,1729,24.0002488,53.9994829,-16.85099460447687,133.4130365630627
1991,1991,Import,United Arab Emirates,30,Pharmaceutical products,Eastern Asia,Asia,11798,24.0002488,53.9994829,37.977378106878206,73.97804075806764
1991,1991,Import,United Arab Emirates,30,Pharmaceutical products,Northern America,Americas,679017,24.0002488,53.9994829,43.897683433510366,-100.08947125585888
1991,1991,Import,United Arab Emirates,30,Pharmaceutical products,Northern Europe,Europe,587858,24.0002488,53.9994829,59.36075159783851,25.01346951967388
1991,1991,Import,United Arab Emirates,30,Pharmaceutical products,Southern Europe,Europe,55171,24.0002488,53.9994829,40.12399607988535,20.742583178432696
1991,1991,Import,United Arab Emirates,30,Pharmaceutical products,Western Asia,Asia,22178,24.0002488,53.9994829,26.42921218083572,52.86847103284948
1991,1991,Import,United Arab Emirates,30,Pharmaceutical products,Western Europe,Europe,725786,24.0002488,53.9994829,47.92172048214207,7.866753258497997
1991,1991,Import,United Arab Emirates,30,Pharmaceutical products,World,World,2345244,24.0002488,53.9994829,,
