yr,periodDesc,rgDesc,rtTitle,cmdCode,cmdDescE,Subregion,Region,TradeValue,rtLat,rtLon,ptLon,ptLat
2012,2012,Re-Export,Yemen,72,Iron and steel,Eastern Asia,Asia,343892,16.3471243,47.8915271,37.977378106878206,73.97804075806764
2012,2012,Re-Export,Yemen,72,Iron and steel,Northern America,Americas,5301,16.3471243,47.8915271,43.897683433510366,-100.08947125585888
2012,2012,Re-Export,Yemen,72,Iron and steel,Southern Europe,Europe,13313,16.3471243,47.8915271,40.12399607988535,20.742583178432696
2012,2012,Re-Export,Yemen,72,Iron and steel,Western Asia,Asia,55965,16.3471243,47.8915271,26.42921218083572,52.86847103284948
2012,2012,Re-Export,Yemen,72,Iron and steel,World,World,418471,16.3471243,47.8915271,,
