yr,periodDesc,rgDesc,rtTitle,cmdCode,cmdDescE,Subregion,Region,TradeValue,rtLat,rtLon,ptLon,ptLat
2006,2006,Import,Yemen,89,"Ships, boats and floating structures",Eastern Asia,Asia,6024246,16.3471243,47.8915271,37.977378106878206,73.97804075806764
2006,2006,Import,Yemen,89,"Ships, boats and floating structures",Northern Africa,Africa,5602,16.3471243,47.8915271,19.569604022535763,12.47761721199581
2006,2006,Import,Yemen,89,"Ships, boats and floating structures",Northern America,Americas,227151,16.3471243,47.8915271,43.897683433510366,-100.08947125585888
2006,2006,Import,Yemen,89,"Ships, boats and floating structures",South-eastern Asia,Asia,6669671,16.3471243,47.8915271,10.528384761701911,103.08333472012376
2006,2006,Import,Yemen,89,"Ships, boats and floating structures",Southern Europe,Europe,5374211,16.3471243,47.8915271,40.12399607988535,20.742583178432696
2006,2006,Import,Yemen,89,"Ships, boats and floating structures",Sub-Saharan Africa,Africa,24014,16.3471243,47.8915271,6.06272746187266,22.727528470146083
2006,2006,Import,Yemen,89,"Ships, boats and floating structures",Western Asia,Asia,32904,16.3471243,47.8915271,26.42921218083572,52.86847103284948
2006,2006,Import,Yemen,89,"Ships, boats and floating structures",Western Europe,Europe,20232,16.3471243,47.8915271,47.92172048214207,7.866753258497997
2006,2006,Import,Yemen,89,"Ships, boats and floating structures",World,World,24219054,16.3471243,47.8915271,,
