yr,periodDesc,rgDesc,rtTitle,cmdCode,cmdDescE,Subregion,Region,TradeValue,rtLat,rtLon,ptLon,ptLat
2007,2007,Export,Yemen,38,Miscellaneous chemical products,Eastern Asia,Asia,227266,16.3471243,47.8915271,37.977378106878206,73.97804075806764
2007,2007,Export,Yemen,38,Miscellaneous chemical products,Latin America and the Caribbean,Americas,35104,16.3471243,47.8915271,17.925141963241547,-78.01492950057497
2007,2007,Export,Yemen,38,Miscellaneous chemical products,Northern Africa,Africa,318,16.3471243,47.8915271,19.569604022535763,12.47761721199581
2007,2007,Export,Yemen,38,Miscellaneous chemical products,Northern America,Americas,11602,16.3471243,47.8915271,43.897683433510366,-100.08947125585888
2007,2007,Export,Yemen,38,Miscellaneous chemical products,South-eastern Asia,Asia,1094,16.3471243,47.8915271,10.528384761701911,103.08333472012376
2007,2007,Export,Yemen,38,Miscellaneous chemical products,Southern Europe,Europe,200,16.3471243,47.8915271,40.12399607988535,20.742583178432696
2007,2007,Export,Yemen,38,Miscellaneous chemical products,Sub-Saharan Africa,Africa,1613,16.3471243,47.8915271,6.06272746187266,22.727528470146083
2007,2007,Export,Yemen,38,Miscellaneous chemical products,Western Europe,Europe,210412,16.3471243,47.8915271,47.92172048214207,7.866753258497997
2007,2007,Export,Yemen,38,Miscellaneous chemical products,World,World,963274,16.3471243,47.8915271,,
