yr,periodDesc,rgDesc,rtTitle,cmdCode,cmdDescE,Subregion,Region,TradeValue,rtLat,rtLon,ptLon,ptLat
2013,2013,Import,Yemen,26,"Ores, slag and ash",Eastern Asia,Asia,154506,16.3471243,47.8915271,37.977378106878206,73.97804075806764
2013,2013,Import,Yemen,26,"Ores, slag and ash",Northern Africa,Africa,396368,16.3471243,47.8915271,19.569604022535763,12.47761721199581
2013,2013,Import,Yemen,26,"Ores, slag and ash",Southern Asia,Asia,1117708,16.3471243,47.8915271,25.499703063807168,75.5024015339642
2013,2013,Import,Yemen,26,"Ores, slag and ash",World,World,1739948,16.3471243,47.8915271,,
