yr,periodDesc,rgDesc,rtTitle,cmdCode,cmdDescE,Subregion,Region,TradeValue,rtLat,rtLon,ptLon,ptLat
2007,2007,Import,Yemen,52,Cotton,Eastern Asia,Asia,291013,16.3471243,47.8915271,37.977378106878206,73.97804075806764
2007,2007,Import,Yemen,52,Cotton,Latin America and the Caribbean,Americas,11,16.3471243,47.8915271,17.925141963241547,-78.01492950057497
2007,2007,Import,Yemen,52,Cotton,South-eastern Asia,Asia,1265328,16.3471243,47.8915271,10.528384761701911,103.08333472012376
2007,2007,Import,Yemen,52,Cotton,Southern Europe,Europe,14076,16.3471243,47.8915271,40.12399607988535,20.742583178432696
2007,2007,Import,Yemen,52,Cotton,Western Asia,Asia,19726,16.3471243,47.8915271,26.42921218083572,52.86847103284948
2007,2007,Import,Yemen,52,Cotton,Western Europe,Europe,22718,16.3471243,47.8915271,47.92172048214207,7.866753258497997
2007,2007,Import,Yemen,52,Cotton,World,World,1637288,16.3471243,47.8915271,,
2007,2007,Import,Yemen,52,Cotton, Pakistan, Pakistan,14413,16.3471243,47.8915271,,
2007,2007,Import,Yemen,52,Cotton, Saudi Arabia, Saudi Arabia,7084,16.3471243,47.8915271,,
