yr,periodDesc,rgDesc,rtTitle,cmdCode,cmdDescE,Subregion,Region,TradeValue,rtLat,rtLon,ptLon,ptLat
2008,2008,Import,Yemen,52,Cotton,Eastern Asia,Asia,145566,16.3471243,47.8915271,37.977378106878206,73.97804075806764
2008,2008,Import,Yemen,52,Cotton,South-eastern Asia,Asia,26951,16.3471243,47.8915271,10.528384761701911,103.08333472012376
2008,2008,Import,Yemen,52,Cotton,Southern Europe,Europe,14220,16.3471243,47.8915271,40.12399607988535,20.742583178432696
2008,2008,Import,Yemen,52,Cotton,Western Asia,Asia,62932,16.3471243,47.8915271,26.42921218083572,52.86847103284948
2008,2008,Import,Yemen,52,Cotton,World,World,297654,16.3471243,47.8915271,,
2008,2008,Import,Yemen,52,Cotton,Pakistan, Pakistan,3014,16.3471243,47.8915271,,
2008,2008,Import,Yemen,52,Cotton,Saudi Arabia, Saudi Arabia,1267,16.3471243,47.8915271,,
2008,2008,Import,Yemen,52,Cotton,United Arab Emirates, United Arab Emirates,10601,16.3471243,47.8915271,,
