yr,periodDesc,rgDesc,rtTitle,cmdCode,cmdDescE,Subregion,Region,TradeValue,rtLat,rtLon,ptLon,ptLat
2019,2019,Import,Yemen,2,Meat and edible meat offal,Australia and New Zealand,Oceania,62782,16.3471243,47.8915271,-16.85099460447687,133.4130365630627
2019,2019,Import,Yemen,2,Meat and edible meat offal,Eastern Asia,Asia,67338,16.3471243,47.8915271,37.977378106878206,73.97804075806764
2019,2019,Import,Yemen,2,Meat and edible meat offal,Eastern Europe,Europe,364218,16.3471243,47.8915271,51.67568633314729,27.673469819741847
2019,2019,Import,Yemen,2,Meat and edible meat offal,Latin America and the Caribbean,Americas,35871167,16.3471243,47.8915271,17.925141963241547,-78.01492950057497
2019,2019,Import,Yemen,2,Meat and edible meat offal,Northern Europe,Europe,38538,16.3471243,47.8915271,59.36075159783851,25.01346951967388
2019,2019,Import,Yemen,2,Meat and edible meat offal,Southern Asia,Asia,35036,16.3471243,47.8915271,25.499703063807168,75.5024015339642
2019,2019,Import,Yemen,2,Meat and edible meat offal,Southern Europe,Europe,116110,16.3471243,47.8915271,40.12399607988535,20.742583178432696
2019,2019,Import,Yemen,2,Meat and edible meat offal,Sub-Saharan Africa,Africa,169256,16.3471243,47.8915271,6.06272746187266,22.727528470146083
2019,2019,Import,Yemen,2,Meat and edible meat offal,Western Asia,Asia,1301,16.3471243,47.8915271,26.42921218083572,52.86847103284948
2019,2019,Import,Yemen,2,Meat and edible meat offal,Western Europe,Europe,313080,16.3471243,47.8915271,47.92172048214207,7.866753258497997
2019,2019,Import,Yemen,2,Meat and edible meat offal,World,World,38344187,16.3471243,47.8915271,,
2019,2019,Import,Yemen,2,Meat and edible meat offal, Oman, Oman,162965,16.3471243,47.8915271,,
2019,2019,Import,Yemen,2,Meat and edible meat offal, Saudi Arabia, Saudi Arabia,105828,16.3471243,47.8915271,,
2019,2019,Import,Yemen,2,Meat and edible meat offal, United Arab Emirates, United Arab Emirates,29059,16.3471243,47.8915271,,
