yr,periodDesc,rgDesc,rtTitle,cmdCode,cmdDescE,Subregion,Region,TradeValue,rtLat,rtLon,ptLon,ptLat
2007,2007,Export,Yemen,10,Cereals,Eastern Asia,Asia,5529,16.3471243,47.8915271,37.977378106878206,73.97804075806764
2007,2007,Export,Yemen,10,Cereals,South-eastern Asia,Asia,2501,16.3471243,47.8915271,10.528384761701911,103.08333472012376
2007,2007,Export,Yemen,10,Cereals,Sub-Saharan Africa,Africa,9430,16.3471243,47.8915271,6.06272746187266,22.727528470146083
2007,2007,Export,Yemen,10,Cereals,World,World,3637615,16.3471243,47.8915271,,
